priority,security_impact,data_impact,category,schema,object,subobject,status,severity,source_migration,local_state,remote_state,details,evidence_quality,likely_cause,recommended_strategy,requires_remote_change,requires_history_alignment,manual_review_status
P0,REVIEW_REQUIRED,LOW,function,public,admin_atualizar_perfil,"p_user_id uuid, p_nome text, p_role text, p_tipo_acesso text, p_status text",REMOTE_OVERLOAD_ONLY,critical,20260716090000_baseline_aruka_v1.sql,absent,present,Object exists only in remote evidence.,SIGNATURE_AWARE_FOR_FUNCTIONS_PARTIAL_FOR_GRANTS,Function signature exists on only one side or remote evidence has overload gap.,Review object-specific diff and design incremental reconciliation only after evidence collection.,true,true,PENDING_MANUAL_REVIEW
P0,REVIEW_REQUIRED,LOW,function,public,admin_bloquear_usuario,p_user_id uuid,REMOTE_OVERLOAD_ONLY,critical,20260716090000_baseline_aruka_v1.sql,absent,present,Object exists only in remote evidence.,SIGNATURE_AWARE_FOR_FUNCTIONS_PARTIAL_FOR_GRANTS,Function signature exists on only one side or remote evidence has overload gap.,Review object-specific diff and design incremental reconciliation only after evidence collection.,true,true,PENDING_MANUAL_REVIEW
P0,REVIEW_REQUIRED,LOW,function,public,admin_liberar_assinante,"p_user_id uuid, p_plano text, p_data_inicio date, p_data_vencimento date",REMOTE_OVERLOAD_ONLY,critical,20260716090000_baseline_aruka_v1.sql,absent,present,Object exists only in remote evidence.,SIGNATURE_AWARE_FOR_FUNCTIONS_PARTIAL_FOR_GRANTS,Function signature exists on only one side or remote evidence has overload gap.,Review object-specific diff and design incremental reconciliation only after evidence collection.,true,true,PENDING_MANUAL_REVIEW
P0,REVIEW_REQUIRED,LOW,function,public,admin_liberar_beta,p_user_id uuid,REMOTE_OVERLOAD_ONLY,critical,20260716090000_baseline_aruka_v1.sql,absent,present,Object exists only in remote evidence.,SIGNATURE_AWARE_FOR_FUNCTIONS_PARTIAL_FOR_GRANTS,Function signature exists on only one side or remote evidence has overload gap.,Review object-specific diff and design incremental reconciliation only after evidence collection.,true,true,PENDING_MANUAL_REVIEW
P0,REVIEW_REQUIRED,LOW,function,public,admin_listar_logs,"p_acao text, p_target_user_id uuid, p_data_inicio date, p_data_fim date, p_busca text",BODY_DIFFERENT,critical,return_type: local_raw=[len 277 hash 33ef26b] remote_raw=[len 277 hash 33ef26b] local_norm=[len 277 hash 8ee55b0b] remote_norm=[len 277 hash 8ee55b0b] local_hash=8ee55b0b remote_hash=8ee55b0b; security_definer: local_raw=true remote_raw=true local_norm=true remote_norm=true local_hash=7c9e9fe5 remote_hash=7c9e9fe5; volatility: local_raw=VOLATILE remote_raw=v local_norm=VOLATILE remote_norm=VOLATILE local_hash=51192625 remote_hash=51192625; definition: local_raw=[len 2217 hash 47c274e1] remote_raw=[len 2597 hash b99c082e] local_norm=[len 1924 hash 3ec521db] remote_norm=[len 2197 hash 9275210f] local_hash=3ec521db remote_hash=9275210f,present,present,Function body normalized hash differs.,CATALOG_CSV_AND_LOCAL_CATALOG,Schema contract differs after safe normalization.,Review object-specific diff and design incremental reconciliation only after evidence collection.,true,true,PENDING_MANUAL_REVIEW
P0,REVIEW_REQUIRED,LOW,function,public,admin_listar_usuarios,,BODY_DIFFERENT,critical,return_type: local_raw=[len 208 hash 80b7f47b] remote_raw=[len 208 hash 80b7f47b] local_norm=[len 208 hash 201d791b] remote_norm=[len 208 hash 201d791b] local_hash=201d791b remote_hash=201d791b; security_definer: local_raw=true remote_raw=true local_norm=true remote_norm=true local_hash=7c9e9fe5 remote_hash=7c9e9fe5; volatility: local_raw=VOLATILE remote_raw=v local_norm=VOLATILE remote_norm=VOLATILE local_hash=51192625 remote_hash=51192625; definition: local_raw=[len 1267 hash bd75ea6d] remote_raw=[len 1393 hash 56b4a32d] local_norm=[len 1069 hash bf16df8] remote_norm=[len 1163 hash eafadef8] local_hash=bf16df8 remote_hash=eafadef8,present,present,Function body normalized hash differs.,CATALOG_CSV_AND_LOCAL_CATALOG,Schema contract differs after safe normalization.,Review object-specific diff and design incremental reconciliation only after evidence collection.,true,true,PENDING_MANUAL_REVIEW
P0,REVIEW_REQUIRED,LOW,function,public,admin_registrar_log,"p_target_user_id uuid, p_acao text, p_entidade text, p_entidade_id uuid, p_dados_anteriores jsonb, p_dados_novos jsonb, p_user_agent text",BODY_DIFFERENT,critical,return_type: local_raw=uuid remote_raw=uuid local_norm=uuid remote_norm=uuid local_hash=7c9f377c remote_hash=7c9f377c; security_definer: local_raw=true remote_raw=true local_norm=true remote_norm=true local_hash=7c9e9fe5 remote_hash=7c9e9fe5; volatility: local_raw=VOLATILE remote_raw=v local_norm=VOLATILE remote_norm=VOLATILE local_hash=51192625 remote_hash=51192625; definition: local_raw=[len 894 hash 53a972a5] remote_raw=[len 1179 hash ac3b769d] local_norm=[len 698 hash 87baeeed] remote_norm=[len 911 hash 35b86b07] local_hash=87baeeed remote_hash=35b86b07,present,present,Function body normalized hash differs.,CATALOG_CSV_AND_LOCAL_CATALOG,Schema contract differs after safe normalization.,Review object-specific diff and design incremental reconciliation only after evidence collection.,true,true,PENDING_MANUAL_REVIEW
P0,REVIEW_REQUIRED,LOW,function,public,admin_upsert_assinatura,"p_user_id uuid, p_plano text, p_status text, p_data_inicio date, p_data_vencimento date",REMOTE_OVERLOAD_ONLY,critical,20260716090000_baseline_aruka_v1.sql,absent,present,Object exists only in remote evidence.,SIGNATURE_AWARE_FOR_FUNCTIONS_PARTIAL_FOR_GRANTS,Function signature exists on only one side or remote evidence has overload gap.,Review object-specific diff and design incremental reconciliation only after evidence collection.,true,true,PENDING_MANUAL_REVIEW
P0,REVIEW_REQUIRED,LOW,function,public,admin_upsert_assinatura,"p_user_id uuid, p_plano text, p_status text, p_data_inicio date, p_data_vencimento date, p_user_agent text",BODY_DIFFERENT,critical,return_type: local_raw=void remote_raw=void local_norm=void remote_norm=void local_hash=7c9faa57 remote_hash=7c9faa57; security_definer: local_raw=true remote_raw=true local_norm=true remote_norm=true local_hash=7c9e9fe5 remote_hash=7c9e9fe5; volatility: local_raw=VOLATILE remote_raw=v local_norm=VOLATILE remote_norm=VOLATILE local_hash=51192625 remote_hash=51192625; definition: local_raw=[len 1831 hash de03914e] remote_raw=[len 2023 hash c9c60e05] local_norm=[len 1609 hash ef3f521a] remote_norm=[len 1621 hash 601807d6] local_hash=ef3f521a remote_hash=601807d6,present,present,Function body normalized hash differs.,CATALOG_CSV_AND_LOCAL_CATALOG,Schema contract differs after safe normalization.,Review object-specific diff and design incremental reconciliation only after evidence collection.,true,true,PENDING_MANUAL_REVIEW
P0,REVIEW_REQUIRED,LOW,function_grant,public,admin_atualizar_perfil,authenticated.execute,PARTIALLY_VERIFIED,warning,20260716090000_baseline_aruka_v1.sql,present,present,routine_name-only grant match for authenticated.execute; overload signature not present in remote CSV.,PARTIAL_ROUTINE_NAME_ONLY,Remote CSV lacks function signature/specific_name.,Collect signature-aware read-only evidence.,false,true,PENDING_MANUAL_REVIEW
P0,REVIEW_REQUIRED,LOW,function_grant,public,admin_atualizar_perfil,postgres.execute,PARTIALLY_VERIFIED,warning,20260716090000_baseline_aruka_v1.sql,present,present,routine_name-only grant match for postgres.execute; overload signature not present in remote CSV.,PARTIAL_ROUTINE_NAME_ONLY,Remote CSV lacks function signature/specific_name.,Collect signature-aware read-only evidence.,false,true,PENDING_MANUAL_REVIEW
P0,REVIEW_REQUIRED,LOW,function_grant,public,admin_atualizar_perfil,service_role.execute,PARTIALLY_VERIFIED,warning,20260716090000_baseline_aruka_v1.sql,present,present,routine_name-only grant match for service_role.execute; overload signature not present in remote CSV.,PARTIAL_ROUTINE_NAME_ONLY,Remote CSV lacks function signature/specific_name.,Collect signature-aware read-only evidence.,false,true,PENDING_MANUAL_REVIEW
P0,REVIEW_REQUIRED,LOW,function_grant,public,admin_bloquear_usuario,authenticated.execute,PARTIALLY_VERIFIED,warning,20260716090000_baseline_aruka_v1.sql,present,present,routine_name-only grant match for authenticated.execute; overload signature not present in remote CSV.,PARTIAL_ROUTINE_NAME_ONLY,Remote CSV lacks function signature/specific_name.,Collect signature-aware read-only evidence.,false,true,PENDING_MANUAL_REVIEW
P0,REVIEW_REQUIRED,LOW,function_grant,public,admin_bloquear_usuario,postgres.execute,PARTIALLY_VERIFIED,warning,20260716090000_baseline_aruka_v1.sql,present,present,routine_name-only grant match for postgres.execute; overload signature not present in remote CSV.,PARTIAL_ROUTINE_NAME_ONLY,Remote CSV lacks function signature/specific_name.,Collect signature-aware read-only evidence.,false,true,PENDING_MANUAL_REVIEW
P0,REVIEW_REQUIRED,LOW,function_grant,public,admin_bloquear_usuario,service_role.execute,PARTIALLY_VERIFIED,warning,20260716090000_baseline_aruka_v1.sql,present,present,routine_name-only grant match for service_role.execute; overload signature not present in remote CSV.,PARTIAL_ROUTINE_NAME_ONLY,Remote CSV lacks function signature/specific_name.,Collect signature-aware read-only evidence.,false,true,PENDING_MANUAL_REVIEW
P0,REVIEW_REQUIRED,LOW,function_grant,public,admin_eh_admin,authenticated.execute,LOCAL_ONLY,critical,20260716090000_baseline_aruka_v1.sql,present,absent,"Function grant exists locally but not in remote evidence. CSV lacks function arguments/specific_name, so overload match is partial.",PARTIAL_ROUTINE_NAME_ONLY,Remote privilege differs from local baseline/grant contract.,"Classify platform role versus application role, then reconcile grants.",true,true,PENDING_MANUAL_REVIEW
P0,REVIEW_REQUIRED,LOW,function_grant,public,admin_eh_admin,postgres.execute,PARTIALLY_VERIFIED,warning,20260716090000_baseline_aruka_v1.sql,present,present,routine_name-only grant match for postgres.execute; overload signature not present in remote CSV.,PARTIAL_ROUTINE_NAME_ONLY,Remote CSV lacks function signature/specific_name.,Collect signature-aware read-only evidence.,false,true,PENDING_MANUAL_REVIEW
P0,REVIEW_REQUIRED,LOW,function_grant,public,admin_eh_admin,service_role.execute,PARTIALLY_VERIFIED,warning,20260716090000_baseline_aruka_v1.sql,present,present,routine_name-only grant match for service_role.execute; overload signature not present in remote CSV.,PARTIAL_ROUTINE_NAME_ONLY,Remote CSV lacks function signature/specific_name.,Collect signature-aware read-only evidence.,false,true,PENDING_MANUAL_REVIEW
P0,REVIEW_REQUIRED,LOW,function_grant,public,admin_liberar_assinante,authenticated.execute,PARTIALLY_VERIFIED,warning,20260716090000_baseline_aruka_v1.sql,present,present,routine_name-only grant match for authenticated.execute; overload signature not present in remote CSV.,PARTIAL_ROUTINE_NAME_ONLY,Remote CSV lacks function signature/specific_name.,Collect signature-aware read-only evidence.,false,true,PENDING_MANUAL_REVIEW
P0,REVIEW_REQUIRED,LOW,function_grant,public,admin_liberar_assinante,postgres.execute,PARTIALLY_VERIFIED,warning,20260716090000_baseline_aruka_v1.sql,present,present,routine_name-only grant match for postgres.execute; overload signature not present in remote CSV.,PARTIAL_ROUTINE_NAME_ONLY,Remote CSV lacks function signature/specific_name.,Collect signature-aware read-only evidence.,false,true,PENDING_MANUAL_REVIEW
P0,REVIEW_REQUIRED,LOW,function_grant,public,admin_liberar_assinante,service_role.execute,PARTIALLY_VERIFIED,warning,20260716090000_baseline_aruka_v1.sql,present,present,routine_name-only grant match for service_role.execute; overload signature not present in remote CSV.,PARTIAL_ROUTINE_NAME_ONLY,Remote CSV lacks function signature/specific_name.,Collect signature-aware read-only evidence.,false,true,PENDING_MANUAL_REVIEW
P0,REVIEW_REQUIRED,LOW,function_grant,public,admin_liberar_beta,authenticated.execute,PARTIALLY_VERIFIED,warning,20260716090000_baseline_aruka_v1.sql,present,present,routine_name-only grant match for authenticated.execute; overload signature not present in remote CSV.,PARTIAL_ROUTINE_NAME_ONLY,Remote CSV lacks function signature/specific_name.,Collect signature-aware read-only evidence.,false,true,PENDING_MANUAL_REVIEW
P0,REVIEW_REQUIRED,LOW,function_grant,public,admin_liberar_beta,postgres.execute,PARTIALLY_VERIFIED,warning,20260716090000_baseline_aruka_v1.sql,present,present,routine_name-only grant match for postgres.execute; overload signature not present in remote CSV.,PARTIAL_ROUTINE_NAME_ONLY,Remote CSV lacks function signature/specific_name.,Collect signature-aware read-only evidence.,false,true,PENDING_MANUAL_REVIEW
P0,REVIEW_REQUIRED,LOW,function_grant,public,admin_liberar_beta,service_role.execute,PARTIALLY_VERIFIED,warning,20260716090000_baseline_aruka_v1.sql,present,present,routine_name-only grant match for service_role.execute; overload signature not present in remote CSV.,PARTIAL_ROUTINE_NAME_ONLY,Remote CSV lacks function signature/specific_name.,Collect signature-aware read-only evidence.,false,true,PENDING_MANUAL_REVIEW
P0,REVIEW_REQUIRED,LOW,function_grant,public,admin_listar_logs,authenticated.execute,PARTIALLY_VERIFIED,warning,20260716090000_baseline_aruka_v1.sql,present,present,routine_name-only grant match for authenticated.execute; overload signature not present in remote CSV.,PARTIAL_ROUTINE_NAME_ONLY,Remote CSV lacks function signature/specific_name.,Collect signature-aware read-only evidence.,false,true,PENDING_MANUAL_REVIEW
P0,REVIEW_REQUIRED,LOW,function_grant,public,admin_listar_logs,postgres.execute,PARTIALLY_VERIFIED,warning,20260716090000_baseline_aruka_v1.sql,present,present,routine_name-only grant match for postgres.execute; overload signature not present in remote CSV.,PARTIAL_ROUTINE_NAME_ONLY,Remote CSV lacks function signature/specific_name.,Collect signature-aware read-only evidence.,false,true,PENDING_MANUAL_REVIEW
P0,REVIEW_REQUIRED,LOW,function_grant,public,admin_listar_logs,service_role.execute,PARTIALLY_VERIFIED,warning,20260716090000_baseline_aruka_v1.sql,present,present,routine_name-only grant match for service_role.execute; overload signature not present in remote CSV.,PARTIAL_ROUTINE_NAME_ONLY,Remote CSV lacks function signature/specific_name.,Collect signature-aware read-only evidence.,false,true,PENDING_MANUAL_REVIEW
P0,REVIEW_REQUIRED,LOW,function_grant,public,admin_listar_usuarios,authenticated.execute,PARTIALLY_VERIFIED,warning,20260716090000_baseline_aruka_v1.sql,present,present,routine_name-only grant match for authenticated.execute; overload signature not present in remote CSV.,PARTIAL_ROUTINE_NAME_ONLY,Remote CSV lacks function signature/specific_name.,Collect signature-aware read-only evidence.,false,true,PENDING_MANUAL_REVIEW
P0,REVIEW_REQUIRED,LOW,function_grant,public,admin_listar_usuarios,postgres.execute,PARTIALLY_VERIFIED,warning,20260716090000_baseline_aruka_v1.sql,present,present,routine_name-only grant match for postgres.execute; overload signature not present in remote CSV.,PARTIAL_ROUTINE_NAME_ONLY,Remote CSV lacks function signature/specific_name.,Collect signature-aware read-only evidence.,false,true,PENDING_MANUAL_REVIEW
P0,REVIEW_REQUIRED,LOW,function_grant,public,admin_listar_usuarios,service_role.execute,PARTIALLY_VERIFIED,warning,20260716090000_baseline_aruka_v1.sql,present,present,routine_name-only grant match for service_role.execute; overload signature not present in remote CSV.,PARTIAL_ROUTINE_NAME_ONLY,Remote CSV lacks function signature/specific_name.,Collect signature-aware read-only evidence.,false,true,PENDING_MANUAL_REVIEW
P0,REVIEW_REQUIRED,LOW,function_grant,public,admin_registrar_log,authenticated.execute,LOCAL_ONLY,critical,20260716090000_baseline_aruka_v1.sql,present,absent,"Function grant exists locally but not in remote evidence. CSV lacks function arguments/specific_name, so overload match is partial.",PARTIAL_ROUTINE_NAME_ONLY,Remote privilege differs from local baseline/grant contract.,"Classify platform role versus application role, then reconcile grants.",true,true,PENDING_MANUAL_REVIEW
P0,REVIEW_REQUIRED,LOW,function_grant,public,admin_registrar_log,postgres.execute,PARTIALLY_VERIFIED,warning,20260716090000_baseline_aruka_v1.sql,present,present,routine_name-only grant match for postgres.execute; overload signature not present in remote CSV.,PARTIAL_ROUTINE_NAME_ONLY,Remote CSV lacks function signature/specific_name.,Collect signature-aware read-only evidence.,false,true,PENDING_MANUAL_REVIEW
P0,REVIEW_REQUIRED,LOW,function_grant,public,admin_registrar_log,service_role.execute,PARTIALLY_VERIFIED,warning,20260716090000_baseline_aruka_v1.sql,present,present,routine_name-only grant match for service_role.execute; overload signature not present in remote CSV.,PARTIAL_ROUTINE_NAME_ONLY,Remote CSV lacks function signature/specific_name.,Collect signature-aware read-only evidence.,false,true,PENDING_MANUAL_REVIEW
P0,REVIEW_REQUIRED,LOW,function_grant,public,admin_upsert_assinatura,authenticated.execute,PARTIALLY_VERIFIED,warning,20260716090000_baseline_aruka_v1.sql,present,present,routine_name-only grant match for authenticated.execute; overload signature not present in remote CSV.,PARTIAL_ROUTINE_NAME_ONLY,Remote CSV lacks function signature/specific_name.,Collect signature-aware read-only evidence.,false,true,PENDING_MANUAL_REVIEW
P0,REVIEW_REQUIRED,LOW,function_grant,public,admin_upsert_assinatura,postgres.execute,PARTIALLY_VERIFIED,warning,20260716090000_baseline_aruka_v1.sql,present,present,routine_name-only grant match for postgres.execute; overload signature not present in remote CSV.,PARTIAL_ROUTINE_NAME_ONLY,Remote CSV lacks function signature/specific_name.,Collect signature-aware read-only evidence.,false,true,PENDING_MANUAL_REVIEW
P0,REVIEW_REQUIRED,LOW,function_grant,public,admin_upsert_assinatura,service_role.execute,PARTIALLY_VERIFIED,warning,20260716090000_baseline_aruka_v1.sql,present,present,routine_name-only grant match for service_role.execute; overload signature not present in remote CSV.,PARTIAL_ROUTINE_NAME_ONLY,Remote CSV lacks function signature/specific_name.,Collect signature-aware read-only evidence.,false,true,PENDING_MANUAL_REVIEW
P0,REVIEW_REQUIRED,LOW,function_grant,public,admin_validar_acesso,authenticated.execute,LOCAL_ONLY,critical,20260716090000_baseline_aruka_v1.sql,present,absent,"Function grant exists locally but not in remote evidence. CSV lacks function arguments/specific_name, so overload match is partial.",PARTIAL_ROUTINE_NAME_ONLY,Remote privilege differs from local baseline/grant contract.,"Classify platform role versus application role, then reconcile grants.",true,true,PENDING_MANUAL_REVIEW
P0,REVIEW_REQUIRED,LOW,function_grant,public,admin_validar_acesso,postgres.execute,PARTIALLY_VERIFIED,warning,20260716090000_baseline_aruka_v1.sql,present,present,routine_name-only grant match for postgres.execute; overload signature not present in remote CSV.,PARTIAL_ROUTINE_NAME_ONLY,Remote CSV lacks function signature/specific_name.,Collect signature-aware read-only evidence.,false,true,PENDING_MANUAL_REVIEW
P0,REVIEW_REQUIRED,LOW,function_grant,public,admin_validar_acesso,service_role.execute,PARTIALLY_VERIFIED,warning,20260716090000_baseline_aruka_v1.sql,present,present,routine_name-only grant match for service_role.execute; overload signature not present in remote CSV.,PARTIAL_ROUTINE_NAME_ONLY,Remote CSV lacks function signature/specific_name.,Collect signature-aware read-only evidence.,false,true,PENDING_MANUAL_REVIEW
P0,REVIEW_REQUIRED,LOW,function_grant,public,set_workout_templates_updated_at,public.execute,REMOTE_ONLY,critical,20260716090000_baseline_aruka_v1.sql,absent,present,"Function grant exists only in remote evidence. CSV lacks function arguments/specific_name, so overload match is partial.",PARTIAL_ROUTINE_NAME_ONLY,Remote privilege differs from local baseline/grant contract.,"Classify platform role versus application role, then reconcile grants.",false,true,PENDING_MANUAL_REVIEW
P0,HIGH,LOW,policy,public,aceites_legais,Usuarios podem listar seus aceites legais,REMOTE_MORE_PERMISSIVE,critical,permissive: local_raw=PERMISSIVE remote_raw=PERMISSIVE local_norm=permissive remote_norm=permissive local_hash=e892274c remote_hash=e892274c; roles: local_raw={authenticated} remote_raw={public} local_norm=authenticated remote_norm=public local_hash=486e9848 remote_hash=159d94a4; cmd: local_raw=SELECT remote_raw=SELECT local_norm=select remote_norm=select local_hash=1b80e3c5 remote_hash=1b80e3c5; qual: local_raw=(auth.uid() = user_id) remote_raw=(auth.uid() = user_id) local_norm=auth.uid() = user_id remote_norm=auth.uid() = user_id local_hash=8dc18120 remote_hash=8dc18120; with_check: local_raw=<null> remote_raw=null local_norm=null remote_norm=null local_hash=7c9b6140 remote_hash=7c9b6140,present,present,Review policy role scope before any production action.,CATALOG_CSV_AND_LOCAL_CATALOG,Remote policy role is broader than local contract.,Prioritize policy reconciliation before any history repair.,true,true,PENDING_MANUAL_REVIEW
P0,HIGH,LOW,policy,public,aceites_legais,Usuarios podem registrar seus aceites legais,REMOTE_MORE_PERMISSIVE,critical,permissive: local_raw=PERMISSIVE remote_raw=PERMISSIVE local_norm=permissive remote_norm=permissive local_hash=e892274c remote_hash=e892274c; roles: local_raw={authenticated} remote_raw={public} local_norm=authenticated remote_norm=public local_hash=486e9848 remote_hash=159d94a4; cmd: local_raw=INSERT remote_raw=INSERT local_norm=insert remote_norm=insert local_hash=4d4029a remote_hash=4d4029a; qual: local_raw=<null> remote_raw=null local_norm=null remote_norm=null local_hash=7c9b6140 remote_hash=7c9b6140; with_check: local_raw=((auth.uid() = user_id) AND (politica_aceita = true) AND (termos_aceitos = true)) remote_raw=((auth.uid() = user_id) AND (politica_aceita = true) AND (termos_aceitos = true)) local_norm=(auth.uid() = user_id) and (politica_aceita = true) and (termos_aceitos = true) remote_norm=(auth.uid() = user_id) and (politica_aceita = true) and (termos_aceitos = true) local_hash=eef7656f remote_hash=eef7656f,present,present,Review policy role scope before any production action.,CATALOG_CSV_AND_LOCAL_CATALOG,Remote policy role is broader than local contract.,Prioritize policy reconciliation before any history repair.,true,true,PENDING_MANUAL_REVIEW
P0,HIGH,LOW,policy,public,admin_logs,Admins podem listar logs administrativos,REMOTE_MORE_PERMISSIVE,critical,permissive: local_raw=PERMISSIVE remote_raw=PERMISSIVE local_norm=permissive remote_norm=permissive local_hash=e892274c remote_hash=e892274c; roles: local_raw={authenticated} remote_raw={public} local_norm=authenticated remote_norm=public local_hash=486e9848 remote_hash=159d94a4; cmd: local_raw=SELECT remote_raw=SELECT local_norm=select remote_norm=select local_hash=1b80e3c5 remote_hash=1b80e3c5; qual: local_raw=admin_eh_admin() remote_raw=[len 187 hash 9b3198b8] local_norm=admin_eh_admin() remote_norm=exists (select 1 from perfis where ((perfis.user_id = auth.uid()) and (perfis.status = 'ativo') and ((perfis.role = 'admin') or (perfis.tipo_acesso = 'admin')))) local_hash=274e74d3 remote_hash=f5f109c8; with_check: local_raw=<null> remote_raw=null local_norm=null remote_norm=null local_hash=7c9b6140 remote_hash=7c9b6140,present,present,Review policy role scope before any production action.,CATALOG_CSV_AND_LOCAL_CATALOG,Remote policy role is broader than local contract.,Prioritize policy reconciliation before any history repair.,true,true,PENDING_MANUAL_REVIEW
P0,HIGH,LOW,policy,public,admin_logs,Usuarios comuns nao inserem logs administrativos,REMOTE_MORE_PERMISSIVE,critical,permissive: local_raw=PERMISSIVE remote_raw=PERMISSIVE local_norm=permissive remote_norm=permissive local_hash=e892274c remote_hash=e892274c; roles: local_raw={authenticated} remote_raw={public} local_norm=authenticated remote_norm=public local_hash=486e9848 remote_hash=159d94a4; cmd: local_raw=INSERT remote_raw=INSERT local_norm=insert remote_norm=insert local_hash=4d4029a remote_hash=4d4029a; qual: local_raw=<null> remote_raw=null local_norm=null remote_norm=null local_hash=7c9b6140 remote_hash=7c9b6140; with_check: local_raw=false remote_raw=false local_norm=false remote_norm=false local_hash=f6bcef0 remote_hash=f6bcef0,present,present,Review policy role scope before any production action.,CATALOG_CSV_AND_LOCAL_CATALOG,Remote policy role is broader than local contract.,Prioritize policy reconciliation before any history repair.,true,true,PENDING_MANUAL_REVIEW
P0,HIGH,LOW,policy,public,anamneses,Usuarios podem atualizar suas anamneses,REMOTE_MORE_PERMISSIVE,critical,"permissive: local_raw=PERMISSIVE remote_raw=PERMISSIVE local_norm=permissive remote_norm=permissive local_hash=e892274c remote_hash=e892274c; roles: local_raw={authenticated} remote_raw={public} local_norm=authenticated remote_norm=public local_hash=486e9848 remote_hash=159d94a4; cmd: local_raw=UPDATE remote_raw=UPDATE local_norm=update remote_norm=update local_hash=20edd0a8 remote_hash=20edd0a8; qual: local_raw=(auth.uid() = user_id) remote_raw=(( SELECT auth.uid() AS uid) = user_id) local_norm=auth.uid() = user_id remote_norm=(select auth.uid() as uid) = user_id local_hash=8dc18120 remote_hash=62194ce7; with_check: local_raw=((auth.uid() = user_id) AND (EXISTS ( SELECT 1
   FROM alunos
  WHERE ((alunos.id = anamneses.aluno_id) AND (alunos.user_id = auth.uid()))))) remote_raw=((( SELECT auth.uid() AS uid) = user_id) AND (EXISTS ( SELECT 1
   FROM alunos
  WHERE ((alunos.id = anamneses.aluno_id) AND (alunos.user_id = ( SELECT auth.uid() AS uid)))))) local_norm=(auth.uid() = user_id) and (exists (select 1 from alunos where ((alunos.id = anamneses.aluno_id) and (alunos.user_id = auth.uid())))) remote_norm=((select auth.uid() as uid) = user_id) and (exists (select 1 from alunos where ((alunos.id = anamneses.aluno_id) and (alunos.user_id = (select auth.uid() as uid))))) local_hash=d4b027b7 remote_hash=958f8c05",present,present,Review policy role scope before any production action.,CATALOG_CSV_AND_LOCAL_CATALOG,Remote policy role is broader than local contract.,Prioritize policy reconciliation before any history repair.,true,true,PENDING_MANUAL_REVIEW
P0,HIGH,LOW,policy,public,anamneses,Usuarios podem cadastrar suas anamneses,REMOTE_MORE_PERMISSIVE,critical,"permissive: local_raw=PERMISSIVE remote_raw=PERMISSIVE local_norm=permissive remote_norm=permissive local_hash=e892274c remote_hash=e892274c; roles: local_raw={authenticated} remote_raw={public} local_norm=authenticated remote_norm=public local_hash=486e9848 remote_hash=159d94a4; cmd: local_raw=INSERT remote_raw=INSERT local_norm=insert remote_norm=insert local_hash=4d4029a remote_hash=4d4029a; qual: local_raw=<null> remote_raw=null local_norm=null remote_norm=null local_hash=7c9b6140 remote_hash=7c9b6140; with_check: local_raw=((auth.uid() = user_id) AND (EXISTS ( SELECT 1
   FROM alunos
  WHERE ((alunos.id = anamneses.aluno_id) AND (alunos.user_id = auth.uid()))))) remote_raw=((( SELECT auth.uid() AS uid) = user_id) AND (EXISTS ( SELECT 1
   FROM alunos
  WHERE ((alunos.id = anamneses.aluno_id) AND (alunos.user_id = ( SELECT auth.uid() AS uid)))))) local_norm=(auth.uid() = user_id) and (exists (select 1 from alunos where ((alunos.id = anamneses.aluno_id) and (alunos.user_id = auth.uid())))) remote_norm=((select auth.uid() as uid) = user_id) and (exists (select 1 from alunos where ((alunos.id = anamneses.aluno_id) and (alunos.user_id = (select auth.uid() as uid))))) local_hash=d4b027b7 remote_hash=958f8c05",present,present,Review policy role scope before any production action.,CATALOG_CSV_AND_LOCAL_CATALOG,Remote policy role is broader than local contract.,Prioritize policy reconciliation before any history repair.,true,true,PENDING_MANUAL_REVIEW
P0,HIGH,LOW,policy,public,anamneses,Usuarios podem excluir suas anamneses,REMOTE_MORE_PERMISSIVE,critical,permissive: local_raw=PERMISSIVE remote_raw=PERMISSIVE local_norm=permissive remote_norm=permissive local_hash=e892274c remote_hash=e892274c; roles: local_raw={authenticated} remote_raw={public} local_norm=authenticated remote_norm=public local_hash=486e9848 remote_hash=159d94a4; cmd: local_raw=DELETE remote_raw=DELETE local_norm=delete remote_norm=delete local_hash=f8838478 remote_hash=f8838478; qual: local_raw=(auth.uid() = user_id) remote_raw=(( SELECT auth.uid() AS uid) = user_id) local_norm=auth.uid() = user_id remote_norm=(select auth.uid() as uid) = user_id local_hash=8dc18120 remote_hash=62194ce7; with_check: local_raw=<null> remote_raw=null local_norm=null remote_norm=null local_hash=7c9b6140 remote_hash=7c9b6140,present,present,Review policy role scope before any production action.,CATALOG_CSV_AND_LOCAL_CATALOG,Remote policy role is broader than local contract.,Prioritize policy reconciliation before any history repair.,true,true,PENDING_MANUAL_REVIEW
P0,HIGH,LOW,policy,public,anamneses,Usuarios podem listar suas anamneses,REMOTE_MORE_PERMISSIVE,critical,permissive: local_raw=PERMISSIVE remote_raw=PERMISSIVE local_norm=permissive remote_norm=permissive local_hash=e892274c remote_hash=e892274c; roles: local_raw={authenticated} remote_raw={public} local_norm=authenticated remote_norm=public local_hash=486e9848 remote_hash=159d94a4; cmd: local_raw=SELECT remote_raw=SELECT local_norm=select remote_norm=select local_hash=1b80e3c5 remote_hash=1b80e3c5; qual: local_raw=(auth.uid() = user_id) remote_raw=(( SELECT auth.uid() AS uid) = user_id) local_norm=auth.uid() = user_id remote_norm=(select auth.uid() as uid) = user_id local_hash=8dc18120 remote_hash=62194ce7; with_check: local_raw=<null> remote_raw=null local_norm=null remote_norm=null local_hash=7c9b6140 remote_hash=7c9b6140,present,present,Review policy role scope before any production action.,CATALOG_CSV_AND_LOCAL_CATALOG,Remote policy role is broader than local contract.,Prioritize policy reconciliation before any history repair.,true,true,PENDING_MANUAL_REVIEW
P0,HIGH,LOW,policy,public,aoe_audit_events,Auditoria AOE somente admin leitura,REMOTE_MORE_PERMISSIVE,critical,permissive: local_raw=PERMISSIVE remote_raw=PERMISSIVE local_norm=permissive remote_norm=permissive local_hash=e892274c remote_hash=e892274c; roles: local_raw={authenticated} remote_raw={public} local_norm=authenticated remote_norm=public local_hash=486e9848 remote_hash=159d94a4; cmd: local_raw=SELECT remote_raw=SELECT local_norm=select remote_norm=select local_hash=1b80e3c5 remote_hash=1b80e3c5; qual: local_raw=admin_eh_admin() remote_raw=admin_eh_admin() local_norm=admin_eh_admin() remote_norm=admin_eh_admin() local_hash=274e74d3 remote_hash=274e74d3; with_check: local_raw=<null> remote_raw=null local_norm=null remote_norm=null local_hash=7c9b6140 remote_hash=7c9b6140,present,present,Review policy role scope before any production action.,CATALOG_CSV_AND_LOCAL_CATALOG,Remote policy role is broader than local contract.,Prioritize policy reconciliation before any history repair.,true,true,PENDING_MANUAL_REVIEW
P0,HIGH,LOW,policy,public,aoe_decision_traces,Traces AOE restritos ao profissional autorizado,REMOTE_MORE_PERMISSIVE,critical,"permissive: local_raw=PERMISSIVE remote_raw=PERMISSIVE local_norm=permissive remote_norm=permissive local_hash=e892274c remote_hash=e892274c; roles: local_raw={authenticated} remote_raw={public} local_norm=authenticated remote_norm=public local_hash=486e9848 remote_hash=159d94a4; cmd: local_raw=SELECT remote_raw=SELECT local_norm=select remote_norm=select local_hash=1b80e3c5 remote_hash=1b80e3c5; qual: local_raw=(EXISTS ( SELECT 1
   FROM aoe_decisions d
  WHERE ((d.id = aoe_decision_traces.decision_id) AND ((d.actor_id = auth.uid()) OR admin_eh_admin())))) remote_raw=(EXISTS ( SELECT 1
   FROM aoe_decisions d
  WHERE ((d.id = aoe_decision_traces.decision_id) AND ((d.actor_id = auth.uid()) OR admin_eh_admin())))) local_norm=exists (select 1 from aoe_decisions d where ((d.id = aoe_decision_traces.decision_id) and ((d.actor_id = auth.uid()) or admin_eh_admin()))) remote_norm=exists (select 1 from aoe_decisions d where ((d.id = aoe_decision_traces.decision_id) and ((d.actor_id = auth.uid()) or admin_eh_admin()))) local_hash=6a9e1483 remote_hash=6a9e1483; with_check: local_raw=<null> remote_raw=null local_norm=null remote_norm=null local_hash=7c9b6140 remote_hash=7c9b6140",present,present,Review policy role scope before any production action.,CATALOG_CSV_AND_LOCAL_CATALOG,Remote policy role is broader than local contract.,Prioritize policy reconciliation before any history repair.,true,true,PENDING_MANUAL_REVIEW
P0,HIGH,LOW,policy,public,aoe_decisions,Usuarios podem criar decisoes AOE dos seus alunos,REMOTE_MORE_PERMISSIVE,critical,permissive: local_raw=PERMISSIVE remote_raw=PERMISSIVE local_norm=permissive remote_norm=permissive local_hash=e892274c remote_hash=e892274c; roles: local_raw={authenticated} remote_raw={public} local_norm=authenticated remote_norm=public local_hash=486e9848 remote_hash=159d94a4; cmd: local_raw=INSERT remote_raw=INSERT local_norm=insert remote_norm=insert local_hash=4d4029a remote_hash=4d4029a; qual: local_raw=<null> remote_raw=null local_norm=null remote_norm=null local_hash=7c9b6140 remote_hash=7c9b6140; with_check: local_raw=((actor_id = auth.uid()) AND aoe_user_owns_student(student_id)) remote_raw=((actor_id = auth.uid()) AND aoe_user_owns_student(student_id)) local_norm=(actor_id = auth.uid()) and aoe_user_owns_student(student_id) remote_norm=(actor_id = auth.uid()) and aoe_user_owns_student(student_id) local_hash=f4ff45e1 remote_hash=f4ff45e1,present,present,Review policy role scope before any production action.,CATALOG_CSV_AND_LOCAL_CATALOG,Remote policy role is broader than local contract.,Prioritize policy reconciliation before any history repair.,true,true,PENDING_MANUAL_REVIEW
P0,HIGH,LOW,policy,public,aoe_decisions,Usuarios podem listar decisoes AOE dos seus alunos,REMOTE_MORE_PERMISSIVE,critical,permissive: local_raw=PERMISSIVE remote_raw=PERMISSIVE local_norm=permissive remote_norm=permissive local_hash=e892274c remote_hash=e892274c; roles: local_raw={authenticated} remote_raw={public} local_norm=authenticated remote_norm=public local_hash=486e9848 remote_hash=159d94a4; cmd: local_raw=SELECT remote_raw=SELECT local_norm=select remote_norm=select local_hash=1b80e3c5 remote_hash=1b80e3c5; qual: local_raw=((actor_id = auth.uid()) OR admin_eh_admin() OR aoe_user_owns_student(student_id)) remote_raw=((actor_id = auth.uid()) OR admin_eh_admin() OR aoe_user_owns_student(student_id)) local_norm=(actor_id = auth.uid()) or admin_eh_admin() or aoe_user_owns_student(student_id) remote_norm=(actor_id = auth.uid()) or admin_eh_admin() or aoe_user_owns_student(student_id) local_hash=8fb6f35e remote_hash=8fb6f35e; with_check: local_raw=<null> remote_raw=null local_norm=null remote_norm=null local_hash=7c9b6140 remote_hash=7c9b6140,present,present,Review policy role scope before any production action.,CATALOG_CSV_AND_LOCAL_CATALOG,Remote policy role is broader than local contract.,Prioritize policy reconciliation before any history repair.,true,true,PENDING_MANUAL_REVIEW
P0,HIGH,LOW,policy,public,aoe_human_reviews,Usuarios podem atualizar reviews AOE autorizadas,REMOTE_MORE_PERMISSIVE,critical,"permissive: local_raw=PERMISSIVE remote_raw=PERMISSIVE local_norm=permissive remote_norm=permissive local_hash=e892274c remote_hash=e892274c; roles: local_raw={authenticated} remote_raw={public} local_norm=authenticated remote_norm=public local_hash=486e9848 remote_hash=159d94a4; cmd: local_raw=UPDATE remote_raw=UPDATE local_norm=update remote_norm=update local_hash=20edd0a8 remote_hash=20edd0a8; qual: local_raw=(EXISTS ( SELECT 1
   FROM aoe_decisions d
  WHERE ((d.id = aoe_human_reviews.decision_id) AND (d.actor_id = auth.uid())))) remote_raw=(EXISTS ( SELECT 1
   FROM aoe_decisions d
  WHERE ((d.id = aoe_human_reviews.decision_id) AND (d.actor_id = auth.uid())))) local_norm=exists (select 1 from aoe_decisions d where ((d.id = aoe_human_reviews.decision_id) and (d.actor_id = auth.uid()))) remote_norm=exists (select 1 from aoe_decisions d where ((d.id = aoe_human_reviews.decision_id) and (d.actor_id = auth.uid()))) local_hash=d6e5cd11 remote_hash=d6e5cd11; with_check: local_raw=(EXISTS ( SELECT 1
   FROM aoe_decisions d
  WHERE ((d.id = aoe_human_reviews.decision_id) AND (d.actor_id = auth.uid())))) remote_raw=(EXISTS ( SELECT 1
   FROM aoe_decisions d
  WHERE ((d.id = aoe_human_reviews.decision_id) AND (d.actor_id = auth.uid())))) local_norm=exists (select 1 from aoe_decisions d where ((d.id = aoe_human_reviews.decision_id) and (d.actor_id = auth.uid()))) remote_norm=exists (select 1 from aoe_decisions d where ((d.id = aoe_human_reviews.decision_id) and (d.actor_id = auth.uid()))) local_hash=d6e5cd11 remote_hash=d6e5cd11",present,present,Review policy role scope before any production action.,CATALOG_CSV_AND_LOCAL_CATALOG,Remote policy role is broader than local contract.,Prioritize policy reconciliation before any history repair.,true,true,PENDING_MANUAL_REVIEW
P0,HIGH,LOW,policy,public,aoe_human_reviews,Usuarios podem consultar reviews AOE autorizadas,REMOTE_MORE_PERMISSIVE,critical,"permissive: local_raw=PERMISSIVE remote_raw=PERMISSIVE local_norm=permissive remote_norm=permissive local_hash=e892274c remote_hash=e892274c; roles: local_raw={authenticated} remote_raw={public} local_norm=authenticated remote_norm=public local_hash=486e9848 remote_hash=159d94a4; cmd: local_raw=SELECT remote_raw=SELECT local_norm=select remote_norm=select local_hash=1b80e3c5 remote_hash=1b80e3c5; qual: local_raw=(EXISTS ( SELECT 1
   FROM aoe_decisions d
  WHERE ((d.id = aoe_human_reviews.decision_id) AND ((d.actor_id = auth.uid()) OR admin_eh_admin())))) remote_raw=(EXISTS ( SELECT 1
   FROM aoe_decisions d
  WHERE ((d.id = aoe_human_reviews.decision_id) AND ((d.actor_id = auth.uid()) OR admin_eh_admin())))) local_norm=exists (select 1 from aoe_decisions d where ((d.id = aoe_human_reviews.decision_id) and ((d.actor_id = auth.uid()) or admin_eh_admin()))) remote_norm=exists (select 1 from aoe_decisions d where ((d.id = aoe_human_reviews.decision_id) and ((d.actor_id = auth.uid()) or admin_eh_admin()))) local_hash=c18ac671 remote_hash=c18ac671; with_check: local_raw=<null> remote_raw=null local_norm=null remote_norm=null local_hash=7c9b6140 remote_hash=7c9b6140",present,present,Review policy role scope before any production action.,CATALOG_CSV_AND_LOCAL_CATALOG,Remote policy role is broader than local contract.,Prioritize policy reconciliation before any history repair.,true,true,PENDING_MANUAL_REVIEW
P0,HIGH,LOW,policy,public,aoe_human_reviews,Usuarios podem criar reviews AOE autorizadas,REMOTE_MORE_PERMISSIVE,critical,"permissive: local_raw=PERMISSIVE remote_raw=PERMISSIVE local_norm=permissive remote_norm=permissive local_hash=e892274c remote_hash=e892274c; roles: local_raw={authenticated} remote_raw={public} local_norm=authenticated remote_norm=public local_hash=486e9848 remote_hash=159d94a4; cmd: local_raw=INSERT remote_raw=INSERT local_norm=insert remote_norm=insert local_hash=4d4029a remote_hash=4d4029a; qual: local_raw=<null> remote_raw=null local_norm=null remote_norm=null local_hash=7c9b6140 remote_hash=7c9b6140; with_check: local_raw=(EXISTS ( SELECT 1
   FROM aoe_decisions d
  WHERE ((d.id = aoe_human_reviews.decision_id) AND (d.actor_id = auth.uid())))) remote_raw=(EXISTS ( SELECT 1
   FROM aoe_decisions d
  WHERE ((d.id = aoe_human_reviews.decision_id) AND (d.actor_id = auth.uid())))) local_norm=exists (select 1 from aoe_decisions d where ((d.id = aoe_human_reviews.decision_id) and (d.actor_id = auth.uid()))) remote_norm=exists (select 1 from aoe_decisions d where ((d.id = aoe_human_reviews.decision_id) and (d.actor_id = auth.uid()))) local_hash=d6e5cd11 remote_hash=d6e5cd11",present,present,Review policy role scope before any production action.,CATALOG_CSV_AND_LOCAL_CATALOG,Remote policy role is broader than local contract.,Prioritize policy reconciliation before any history repair.,true,true,PENDING_MANUAL_REVIEW
P0,HIGH,LOW,policy,public,aoe_idempotency_keys,Idempotencia AOE restrita ao ator,REMOTE_MORE_PERMISSIVE,critical,permissive: local_raw=PERMISSIVE remote_raw=PERMISSIVE local_norm=permissive remote_norm=permissive local_hash=e892274c remote_hash=e892274c; roles: local_raw={authenticated} remote_raw={public} local_norm=authenticated remote_norm=public local_hash=486e9848 remote_hash=159d94a4; cmd: local_raw=ALL remote_raw=ALL local_norm=all remote_norm=all local_hash=b885dde remote_hash=b885dde; qual: local_raw=((actor_id = auth.uid()) OR admin_eh_admin()) remote_raw=((actor_id = auth.uid()) OR admin_eh_admin()) local_norm=(actor_id = auth.uid()) or admin_eh_admin() remote_norm=(actor_id = auth.uid()) or admin_eh_admin() local_hash=94d002fa remote_hash=94d002fa; with_check: local_raw=((actor_id = auth.uid()) OR admin_eh_admin()) remote_raw=((actor_id = auth.uid()) OR admin_eh_admin()) local_norm=(actor_id = auth.uid()) or admin_eh_admin() remote_norm=(actor_id = auth.uid()) or admin_eh_admin() local_hash=94d002fa remote_hash=94d002fa,present,present,Review policy role scope before any production action.,CATALOG_CSV_AND_LOCAL_CATALOG,Remote policy role is broader than local contract.,Prioritize policy reconciliation before any history repair.,true,true,PENDING_MANUAL_REVIEW
P0,HIGH,REVIEW_REQUIRED,policy,public,assinaturas,Usuarios podem cadastrar suas assinaturas,REMOTE_MORE_PERMISSIVE,critical,permissive: local_raw=PERMISSIVE remote_raw=PERMISSIVE local_norm=permissive remote_norm=permissive local_hash=e892274c remote_hash=e892274c; roles: local_raw={authenticated} remote_raw={public} local_norm=authenticated remote_norm=public local_hash=486e9848 remote_hash=159d94a4; cmd: local_raw=INSERT remote_raw=INSERT local_norm=insert remote_norm=insert local_hash=4d4029a remote_hash=4d4029a; qual: local_raw=<null> remote_raw=null local_norm=null remote_norm=null local_hash=7c9b6140 remote_hash=7c9b6140; with_check: local_raw=((auth.uid() = user_id) AND (status = 'pendente'::text)) remote_raw=((auth.uid() = user_id) AND (status = 'pendente'::text)) local_norm=(auth.uid() = user_id) and (status = 'pendente') remote_norm=(auth.uid() = user_id) and (status = 'pendente') local_hash=10604c37 remote_hash=10604c37,present,present,Review policy role scope before any production action.,CATALOG_CSV_AND_LOCAL_CATALOG,Remote policy role is broader than local contract.,Prioritize policy reconciliation before any history repair.,true,true,PENDING_MANUAL_REVIEW
P0,HIGH,REVIEW_REQUIRED,policy,public,assinaturas,Usuarios podem listar suas assinaturas,REMOTE_MORE_PERMISSIVE,critical,permissive: local_raw=PERMISSIVE remote_raw=PERMISSIVE local_norm=permissive remote_norm=permissive local_hash=e892274c remote_hash=e892274c; roles: local_raw={authenticated} remote_raw={public} local_norm=authenticated remote_norm=public local_hash=486e9848 remote_hash=159d94a4; cmd: local_raw=SELECT remote_raw=SELECT local_norm=select remote_norm=select local_hash=1b80e3c5 remote_hash=1b80e3c5; qual: local_raw=(auth.uid() = user_id) remote_raw=(auth.uid() = user_id) local_norm=auth.uid() = user_id remote_norm=auth.uid() = user_id local_hash=8dc18120 remote_hash=8dc18120; with_check: local_raw=<null> remote_raw=null local_norm=null remote_norm=null local_hash=7c9b6140 remote_hash=7c9b6140,present,present,Review policy role scope before any production action.,CATALOG_CSV_AND_LOCAL_CATALOG,Remote policy role is broader than local contract.,Prioritize policy reconciliation before any history repair.,true,true,PENDING_MANUAL_REVIEW
P0,HIGH,LOW,policy,public,avaliacoes,Usuarios podem atualizar suas avaliacoes,REMOTE_MORE_PERMISSIVE,critical,"permissive: local_raw=PERMISSIVE remote_raw=PERMISSIVE local_norm=permissive remote_norm=permissive local_hash=e892274c remote_hash=e892274c; roles: local_raw={authenticated} remote_raw={public} local_norm=authenticated remote_norm=public local_hash=486e9848 remote_hash=159d94a4; cmd: local_raw=UPDATE remote_raw=UPDATE local_norm=update remote_norm=update local_hash=20edd0a8 remote_hash=20edd0a8; qual: local_raw=(auth.uid() = user_id) remote_raw=(( SELECT auth.uid() AS uid) = user_id) local_norm=auth.uid() = user_id remote_norm=(select auth.uid() as uid) = user_id local_hash=8dc18120 remote_hash=62194ce7; with_check: local_raw=((auth.uid() = user_id) AND (EXISTS ( SELECT 1
   FROM alunos
  WHERE ((alunos.id = avaliacoes.aluno_id) AND (alunos.user_id = auth.uid()))))) remote_raw=((( SELECT auth.uid() AS uid) = user_id) AND (EXISTS ( SELECT 1
   FROM alunos
  WHERE ((alunos.id = avaliacoes.aluno_id) AND (alunos.user_id = ( SELECT auth.uid() AS uid)))))) local_norm=(auth.uid() = user_id) and (exists (select 1 from alunos where ((alunos.id = avaliacoes.aluno_id) and (alunos.user_id = auth.uid())))) remote_norm=((select auth.uid() as uid) = user_id) and (exists (select 1 from alunos where ((alunos.id = avaliacoes.aluno_id) and (alunos.user_id = (select auth.uid() as uid))))) local_hash=8efd7eb4 remote_hash=ad6b5e2",present,present,Review policy role scope before any production action.,CATALOG_CSV_AND_LOCAL_CATALOG,Remote policy role is broader than local contract.,Prioritize policy reconciliation before any history repair.,true,true,PENDING_MANUAL_REVIEW
P0,HIGH,LOW,policy,public,avaliacoes,Usuarios podem cadastrar suas avaliacoes,REMOTE_MORE_PERMISSIVE,critical,"permissive: local_raw=PERMISSIVE remote_raw=PERMISSIVE local_norm=permissive remote_norm=permissive local_hash=e892274c remote_hash=e892274c; roles: local_raw={authenticated} remote_raw={public} local_norm=authenticated remote_norm=public local_hash=486e9848 remote_hash=159d94a4; cmd: local_raw=INSERT remote_raw=INSERT local_norm=insert remote_norm=insert local_hash=4d4029a remote_hash=4d4029a; qual: local_raw=<null> remote_raw=null local_norm=null remote_norm=null local_hash=7c9b6140 remote_hash=7c9b6140; with_check: local_raw=((auth.uid() = user_id) AND (EXISTS ( SELECT 1
   FROM alunos
  WHERE ((alunos.id = avaliacoes.aluno_id) AND (alunos.user_id = auth.uid()))))) remote_raw=((( SELECT auth.uid() AS uid) = user_id) AND (EXISTS ( SELECT 1
   FROM alunos
  WHERE ((alunos.id = avaliacoes.aluno_id) AND (alunos.user_id = ( SELECT auth.uid() AS uid)))))) local_norm=(auth.uid() = user_id) and (exists (select 1 from alunos where ((alunos.id = avaliacoes.aluno_id) and (alunos.user_id = auth.uid())))) remote_norm=((select auth.uid() as uid) = user_id) and (exists (select 1 from alunos where ((alunos.id = avaliacoes.aluno_id) and (alunos.user_id = (select auth.uid() as uid))))) local_hash=8efd7eb4 remote_hash=ad6b5e2",present,present,Review policy role scope before any production action.,CATALOG_CSV_AND_LOCAL_CATALOG,Remote policy role is broader than local contract.,Prioritize policy reconciliation before any history repair.,true,true,PENDING_MANUAL_REVIEW
P0,HIGH,LOW,policy,public,avaliacoes,Usuarios podem excluir suas avaliacoes,REMOTE_MORE_PERMISSIVE,critical,permissive: local_raw=PERMISSIVE remote_raw=PERMISSIVE local_norm=permissive remote_norm=permissive local_hash=e892274c remote_hash=e892274c; roles: local_raw={authenticated} remote_raw={public} local_norm=authenticated remote_norm=public local_hash=486e9848 remote_hash=159d94a4; cmd: local_raw=DELETE remote_raw=DELETE local_norm=delete remote_norm=delete local_hash=f8838478 remote_hash=f8838478; qual: local_raw=(auth.uid() = user_id) remote_raw=(( SELECT auth.uid() AS uid) = user_id) local_norm=auth.uid() = user_id remote_norm=(select auth.uid() as uid) = user_id local_hash=8dc18120 remote_hash=62194ce7; with_check: local_raw=<null> remote_raw=null local_norm=null remote_norm=null local_hash=7c9b6140 remote_hash=7c9b6140,present,present,Review policy role scope before any production action.,CATALOG_CSV_AND_LOCAL_CATALOG,Remote policy role is broader than local contract.,Prioritize policy reconciliation before any history repair.,true,true,PENDING_MANUAL_REVIEW
P0,HIGH,LOW,policy,public,avaliacoes,Usuarios podem listar suas avaliacoes,REMOTE_MORE_PERMISSIVE,critical,permissive: local_raw=PERMISSIVE remote_raw=PERMISSIVE local_norm=permissive remote_norm=permissive local_hash=e892274c remote_hash=e892274c; roles: local_raw={authenticated} remote_raw={public} local_norm=authenticated remote_norm=public local_hash=486e9848 remote_hash=159d94a4; cmd: local_raw=SELECT remote_raw=SELECT local_norm=select remote_norm=select local_hash=1b80e3c5 remote_hash=1b80e3c5; qual: local_raw=(auth.uid() = user_id) remote_raw=(( SELECT auth.uid() AS uid) = user_id) local_norm=auth.uid() = user_id remote_norm=(select auth.uid() as uid) = user_id local_hash=8dc18120 remote_hash=62194ce7; with_check: local_raw=<null> remote_raw=null local_norm=null remote_norm=null local_hash=7c9b6140 remote_hash=7c9b6140,present,present,Review policy role scope before any production action.,CATALOG_CSV_AND_LOCAL_CATALOG,Remote policy role is broader than local contract.,Prioritize policy reconciliation before any history repair.,true,true,PENDING_MANUAL_REVIEW
P0,HIGH,REVIEW_REQUIRED,policy,public,pagamentos,Usuarios podem atualizar seus pagamentos,REMOTE_MORE_PERMISSIVE,critical,"permissive: local_raw=PERMISSIVE remote_raw=PERMISSIVE local_norm=permissive remote_norm=permissive local_hash=e892274c remote_hash=e892274c; roles: local_raw={authenticated} remote_raw={public} local_norm=authenticated remote_norm=public local_hash=486e9848 remote_hash=159d94a4; cmd: local_raw=UPDATE remote_raw=UPDATE local_norm=update remote_norm=update local_hash=20edd0a8 remote_hash=20edd0a8; qual: local_raw=(auth.uid() = user_id) remote_raw=(auth.uid() = user_id) local_norm=auth.uid() = user_id remote_norm=auth.uid() = user_id local_hash=8dc18120 remote_hash=8dc18120; with_check: local_raw=((auth.uid() = user_id) AND (EXISTS ( SELECT 1
   FROM alunos
  WHERE ((alunos.id = pagamentos.aluno_id) AND (alunos.user_id = auth.uid()))))) remote_raw=((auth.uid() = user_id) AND (EXISTS ( SELECT 1
   FROM alunos
  WHERE ((alunos.id = pagamentos.aluno_id) AND (alunos.user_id = auth.uid()))))) local_norm=(auth.uid() = user_id) and (exists (select 1 from alunos where ((alunos.id = pagamentos.aluno_id) and (alunos.user_id = auth.uid())))) remote_norm=(auth.uid() = user_id) and (exists (select 1 from alunos where ((alunos.id = pagamentos.aluno_id) and (alunos.user_id = auth.uid())))) local_hash=e619c1eb remote_hash=e619c1eb",present,present,Review policy role scope before any production action.,CATALOG_CSV_AND_LOCAL_CATALOG,Remote policy role is broader than local contract.,Prioritize policy reconciliation before any history repair.,true,true,PENDING_MANUAL_REVIEW
P0,HIGH,REVIEW_REQUIRED,policy,public,pagamentos,Usuarios podem cadastrar seus pagamentos,REMOTE_MORE_PERMISSIVE,critical,"permissive: local_raw=PERMISSIVE remote_raw=PERMISSIVE local_norm=permissive remote_norm=permissive local_hash=e892274c remote_hash=e892274c; roles: local_raw={authenticated} remote_raw={public} local_norm=authenticated remote_norm=public local_hash=486e9848 remote_hash=159d94a4; cmd: local_raw=INSERT remote_raw=INSERT local_norm=insert remote_norm=insert local_hash=4d4029a remote_hash=4d4029a; qual: local_raw=<null> remote_raw=null local_norm=null remote_norm=null local_hash=7c9b6140 remote_hash=7c9b6140; with_check: local_raw=((auth.uid() = user_id) AND (EXISTS ( SELECT 1
   FROM alunos
  WHERE ((alunos.id = pagamentos.aluno_id) AND (alunos.user_id = auth.uid()))))) remote_raw=((auth.uid() = user_id) AND (EXISTS ( SELECT 1
   FROM alunos
  WHERE ((alunos.id = pagamentos.aluno_id) AND (alunos.user_id = auth.uid()))))) local_norm=(auth.uid() = user_id) and (exists (select 1 from alunos where ((alunos.id = pagamentos.aluno_id) and (alunos.user_id = auth.uid())))) remote_norm=(auth.uid() = user_id) and (exists (select 1 from alunos where ((alunos.id = pagamentos.aluno_id) and (alunos.user_id = auth.uid())))) local_hash=e619c1eb remote_hash=e619c1eb",present,present,Review policy role scope before any production action.,CATALOG_CSV_AND_LOCAL_CATALOG,Remote policy role is broader than local contract.,Prioritize policy reconciliation before any history repair.,true,true,PENDING_MANUAL_REVIEW
P0,HIGH,REVIEW_REQUIRED,policy,public,pagamentos,Usuarios podem excluir seus pagamentos,REMOTE_MORE_PERMISSIVE,critical,permissive: local_raw=PERMISSIVE remote_raw=PERMISSIVE local_norm=permissive remote_norm=permissive local_hash=e892274c remote_hash=e892274c; roles: local_raw={authenticated} remote_raw={public} local_norm=authenticated remote_norm=public local_hash=486e9848 remote_hash=159d94a4; cmd: local_raw=DELETE remote_raw=DELETE local_norm=delete remote_norm=delete local_hash=f8838478 remote_hash=f8838478; qual: local_raw=(auth.uid() = user_id) remote_raw=(auth.uid() = user_id) local_norm=auth.uid() = user_id remote_norm=auth.uid() = user_id local_hash=8dc18120 remote_hash=8dc18120; with_check: local_raw=<null> remote_raw=null local_norm=null remote_norm=null local_hash=7c9b6140 remote_hash=7c9b6140,present,present,Review policy role scope before any production action.,CATALOG_CSV_AND_LOCAL_CATALOG,Remote policy role is broader than local contract.,Prioritize policy reconciliation before any history repair.,true,true,PENDING_MANUAL_REVIEW
P0,HIGH,REVIEW_REQUIRED,policy,public,pagamentos,Usuarios podem listar seus pagamentos,REMOTE_MORE_PERMISSIVE,critical,"permissive: local_raw=PERMISSIVE remote_raw=PERMISSIVE local_norm=permissive remote_norm=permissive local_hash=e892274c remote_hash=e892274c; roles: local_raw={authenticated} remote_raw={public} local_norm=authenticated remote_norm=public local_hash=486e9848 remote_hash=159d94a4; cmd: local_raw=SELECT remote_raw=SELECT local_norm=select remote_norm=select local_hash=1b80e3c5 remote_hash=1b80e3c5; qual: local_raw=((auth.uid() = user_id) AND (EXISTS ( SELECT 1
   FROM alunos
  WHERE ((alunos.id = pagamentos.aluno_id) AND (alunos.user_id = auth.uid()))))) remote_raw=((auth.uid() = user_id) AND (EXISTS ( SELECT 1
   FROM alunos
  WHERE ((alunos.id = pagamentos.aluno_id) AND (alunos.user_id = auth.uid()))))) local_norm=(auth.uid() = user_id) and (exists (select 1 from alunos where ((alunos.id = pagamentos.aluno_id) and (alunos.user_id = auth.uid())))) remote_norm=(auth.uid() = user_id) and (exists (select 1 from alunos where ((alunos.id = pagamentos.aluno_id) and (alunos.user_id = auth.uid())))) local_hash=e619c1eb remote_hash=e619c1eb; with_check: local_raw=<null> remote_raw=null local_norm=null remote_norm=null local_hash=7c9b6140 remote_hash=7c9b6140",present,present,Review policy role scope before any production action.,CATALOG_CSV_AND_LOCAL_CATALOG,Remote policy role is broader than local contract.,Prioritize policy reconciliation before any history repair.,true,true,PENDING_MANUAL_REVIEW
P0,HIGH,LOW,policy,public,perfis,Usuarios podem criar seu perfil padrao,REMOTE_MORE_PERMISSIVE,critical,permissive: local_raw=PERMISSIVE remote_raw=PERMISSIVE local_norm=permissive remote_norm=permissive local_hash=e892274c remote_hash=e892274c; roles: local_raw={authenticated} remote_raw={public} local_norm=authenticated remote_norm=public local_hash=486e9848 remote_hash=159d94a4; cmd: local_raw=INSERT remote_raw=INSERT local_norm=insert remote_norm=insert local_hash=4d4029a remote_hash=4d4029a; qual: local_raw=<null> remote_raw=null local_norm=null remote_norm=null local_hash=7c9b6140 remote_hash=7c9b6140; with_check: local_raw=((auth.uid() = user_id) AND (role = 'user'::text) AND (tipo_acesso = 'pendente'::text) AND (status = 'ativo'::text)) remote_raw=((auth.uid() = user_id) AND (role = 'user'::text) AND (tipo_acesso = 'pendente'::text) AND (status = 'ativo'::text)) local_norm=(auth.uid() = user_id) and (role = 'user') and (tipo_acesso = 'pendente') and (status = 'ativo') remote_norm=(auth.uid() = user_id) and (role = 'user') and (tipo_acesso = 'pendente') and (status = 'ativo') local_hash=f0496f02 remote_hash=f0496f02,present,present,Review policy role scope before any production action.,CATALOG_CSV_AND_LOCAL_CATALOG,Remote policy role is broader than local contract.,Prioritize policy reconciliation before any history repair.,true,true,PENDING_MANUAL_REVIEW
P0,HIGH,LOW,policy,public,perfis,Usuarios podem listar seu perfil,REMOTE_MORE_PERMISSIVE,critical,permissive: local_raw=PERMISSIVE remote_raw=PERMISSIVE local_norm=permissive remote_norm=permissive local_hash=e892274c remote_hash=e892274c; roles: local_raw={authenticated} remote_raw={public} local_norm=authenticated remote_norm=public local_hash=486e9848 remote_hash=159d94a4; cmd: local_raw=SELECT remote_raw=SELECT local_norm=select remote_norm=select local_hash=1b80e3c5 remote_hash=1b80e3c5; qual: local_raw=(auth.uid() = user_id) remote_raw=(auth.uid() = user_id) local_norm=auth.uid() = user_id remote_norm=auth.uid() = user_id local_hash=8dc18120 remote_hash=8dc18120; with_check: local_raw=<null> remote_raw=null local_norm=null remote_norm=null local_hash=7c9b6140 remote_hash=7c9b6140,present,present,Review policy role scope before any production action.,CATALOG_CSV_AND_LOCAL_CATALOG,Remote policy role is broader than local contract.,Prioritize policy reconciliation before any history repair.,true,true,PENDING_MANUAL_REVIEW
P0,HIGH,REVIEW_REQUIRED,policy,public,planos,Usuarios podem atualizar seus planos,REMOTE_MORE_PERMISSIVE,critical,permissive: local_raw=PERMISSIVE remote_raw=PERMISSIVE local_norm=permissive remote_norm=permissive local_hash=e892274c remote_hash=e892274c; roles: local_raw={authenticated} remote_raw={public} local_norm=authenticated remote_norm=public local_hash=486e9848 remote_hash=159d94a4; cmd: local_raw=UPDATE remote_raw=UPDATE local_norm=update remote_norm=update local_hash=20edd0a8 remote_hash=20edd0a8; qual: local_raw=(auth.uid() = user_id) remote_raw=(auth.uid() = user_id) local_norm=auth.uid() = user_id remote_norm=auth.uid() = user_id local_hash=8dc18120 remote_hash=8dc18120; with_check: local_raw=(auth.uid() = user_id) remote_raw=(auth.uid() = user_id) local_norm=auth.uid() = user_id remote_norm=auth.uid() = user_id local_hash=8dc18120 remote_hash=8dc18120,present,present,Review policy role scope before any production action.,CATALOG_CSV_AND_LOCAL_CATALOG,Remote policy role is broader than local contract.,Prioritize policy reconciliation before any history repair.,true,true,PENDING_MANUAL_REVIEW
P0,HIGH,REVIEW_REQUIRED,policy,public,planos,Usuarios podem cadastrar seus planos,REMOTE_MORE_PERMISSIVE,critical,permissive: local_raw=PERMISSIVE remote_raw=PERMISSIVE local_norm=permissive remote_norm=permissive local_hash=e892274c remote_hash=e892274c; roles: local_raw={authenticated} remote_raw={public} local_norm=authenticated remote_norm=public local_hash=486e9848 remote_hash=159d94a4; cmd: local_raw=INSERT remote_raw=INSERT local_norm=insert remote_norm=insert local_hash=4d4029a remote_hash=4d4029a; qual: local_raw=<null> remote_raw=null local_norm=null remote_norm=null local_hash=7c9b6140 remote_hash=7c9b6140; with_check: local_raw=(auth.uid() = user_id) remote_raw=(auth.uid() = user_id) local_norm=auth.uid() = user_id remote_norm=auth.uid() = user_id local_hash=8dc18120 remote_hash=8dc18120,present,present,Review policy role scope before any production action.,CATALOG_CSV_AND_LOCAL_CATALOG,Remote policy role is broader than local contract.,Prioritize policy reconciliation before any history repair.,true,true,PENDING_MANUAL_REVIEW
P0,HIGH,REVIEW_REQUIRED,policy,public,planos,Usuarios podem excluir seus planos,REMOTE_MORE_PERMISSIVE,critical,permissive: local_raw=PERMISSIVE remote_raw=PERMISSIVE local_norm=permissive remote_norm=permissive local_hash=e892274c remote_hash=e892274c; roles: local_raw={authenticated} remote_raw={public} local_norm=authenticated remote_norm=public local_hash=486e9848 remote_hash=159d94a4; cmd: local_raw=DELETE remote_raw=DELETE local_norm=delete remote_norm=delete local_hash=f8838478 remote_hash=f8838478; qual: local_raw=(auth.uid() = user_id) remote_raw=(auth.uid() = user_id) local_norm=auth.uid() = user_id remote_norm=auth.uid() = user_id local_hash=8dc18120 remote_hash=8dc18120; with_check: local_raw=<null> remote_raw=null local_norm=null remote_norm=null local_hash=7c9b6140 remote_hash=7c9b6140,present,present,Review policy role scope before any production action.,CATALOG_CSV_AND_LOCAL_CATALOG,Remote policy role is broader than local contract.,Prioritize policy reconciliation before any history repair.,true,true,PENDING_MANUAL_REVIEW
P0,HIGH,REVIEW_REQUIRED,policy,public,planos,Usuarios podem listar seus planos,REMOTE_MORE_PERMISSIVE,critical,permissive: local_raw=PERMISSIVE remote_raw=PERMISSIVE local_norm=permissive remote_norm=permissive local_hash=e892274c remote_hash=e892274c; roles: local_raw={authenticated} remote_raw={public} local_norm=authenticated remote_norm=public local_hash=486e9848 remote_hash=159d94a4; cmd: local_raw=SELECT remote_raw=SELECT local_norm=select remote_norm=select local_hash=1b80e3c5 remote_hash=1b80e3c5; qual: local_raw=(auth.uid() = user_id) remote_raw=(auth.uid() = user_id) local_norm=auth.uid() = user_id remote_norm=auth.uid() = user_id local_hash=8dc18120 remote_hash=8dc18120; with_check: local_raw=<null> remote_raw=null local_norm=null remote_norm=null local_hash=7c9b6140 remote_hash=7c9b6140,present,present,Review policy role scope before any production action.,CATALOG_CSV_AND_LOCAL_CATALOG,Remote policy role is broader than local contract.,Prioritize policy reconciliation before any history repair.,true,true,PENDING_MANUAL_REVIEW
P0,HIGH,LOW,policy,public,treino_dias,Usuarios podem atualizar dias dos seus treinos,REMOTE_MORE_PERMISSIVE,critical,"permissive: local_raw=PERMISSIVE remote_raw=PERMISSIVE local_norm=permissive remote_norm=permissive local_hash=e892274c remote_hash=e892274c; roles: local_raw={authenticated} remote_raw={public} local_norm=authenticated remote_norm=public local_hash=486e9848 remote_hash=159d94a4; cmd: local_raw=UPDATE remote_raw=UPDATE local_norm=update remote_norm=update local_hash=20edd0a8 remote_hash=20edd0a8; qual: local_raw=(EXISTS ( SELECT 1
   FROM treinos
  WHERE ((treinos.id = treino_dias.treino_id) AND (treinos.user_id = auth.uid())))) remote_raw=(EXISTS ( SELECT 1
   FROM treinos
  WHERE ((treinos.id = treino_dias.treino_id) AND (treinos.user_id = auth.uid())))) local_norm=exists (select 1 from treinos where ((treinos.id = treino_dias.treino_id) and (treinos.user_id = auth.uid()))) remote_norm=exists (select 1 from treinos where ((treinos.id = treino_dias.treino_id) and (treinos.user_id = auth.uid()))) local_hash=28105305 remote_hash=28105305; with_check: local_raw=(EXISTS ( SELECT 1
   FROM treinos
  WHERE ((treinos.id = treino_dias.treino_id) AND (treinos.user_id = auth.uid())))) remote_raw=(EXISTS ( SELECT 1
   FROM treinos
  WHERE ((treinos.id = treino_dias.treino_id) AND (treinos.user_id = auth.uid())))) local_norm=exists (select 1 from treinos where ((treinos.id = treino_dias.treino_id) and (treinos.user_id = auth.uid()))) remote_norm=exists (select 1 from treinos where ((treinos.id = treino_dias.treino_id) and (treinos.user_id = auth.uid()))) local_hash=28105305 remote_hash=28105305",present,present,Review policy role scope before any production action.,CATALOG_CSV_AND_LOCAL_CATALOG,Remote policy role is broader than local contract.,Prioritize policy reconciliation before any history repair.,true,true,PENDING_MANUAL_REVIEW
P0,HIGH,LOW,policy,public,treino_dias,Usuarios podem cadastrar dias dos seus treinos,REMOTE_MORE_PERMISSIVE,critical,"permissive: local_raw=PERMISSIVE remote_raw=PERMISSIVE local_norm=permissive remote_norm=permissive local_hash=e892274c remote_hash=e892274c; roles: local_raw={authenticated} remote_raw={public} local_norm=authenticated remote_norm=public local_hash=486e9848 remote_hash=159d94a4; cmd: local_raw=INSERT remote_raw=INSERT local_norm=insert remote_norm=insert local_hash=4d4029a remote_hash=4d4029a; qual: local_raw=<null> remote_raw=null local_norm=null remote_norm=null local_hash=7c9b6140 remote_hash=7c9b6140; with_check: local_raw=(EXISTS ( SELECT 1
   FROM treinos
  WHERE ((treinos.id = treino_dias.treino_id) AND (treinos.user_id = auth.uid())))) remote_raw=(EXISTS ( SELECT 1
   FROM treinos
  WHERE ((treinos.id = treino_dias.treino_id) AND (treinos.user_id = auth.uid())))) local_norm=exists (select 1 from treinos where ((treinos.id = treino_dias.treino_id) and (treinos.user_id = auth.uid()))) remote_norm=exists (select 1 from treinos where ((treinos.id = treino_dias.treino_id) and (treinos.user_id = auth.uid()))) local_hash=28105305 remote_hash=28105305",present,present,Review policy role scope before any production action.,CATALOG_CSV_AND_LOCAL_CATALOG,Remote policy role is broader than local contract.,Prioritize policy reconciliation before any history repair.,true,true,PENDING_MANUAL_REVIEW
P0,HIGH,LOW,policy,public,treino_dias,Usuarios podem excluir dias dos seus treinos,REMOTE_MORE_PERMISSIVE,critical,"permissive: local_raw=PERMISSIVE remote_raw=PERMISSIVE local_norm=permissive remote_norm=permissive local_hash=e892274c remote_hash=e892274c; roles: local_raw={authenticated} remote_raw={public} local_norm=authenticated remote_norm=public local_hash=486e9848 remote_hash=159d94a4; cmd: local_raw=DELETE remote_raw=DELETE local_norm=delete remote_norm=delete local_hash=f8838478 remote_hash=f8838478; qual: local_raw=(EXISTS ( SELECT 1
   FROM treinos
  WHERE ((treinos.id = treino_dias.treino_id) AND (treinos.user_id = auth.uid())))) remote_raw=(EXISTS ( SELECT 1
   FROM treinos
  WHERE ((treinos.id = treino_dias.treino_id) AND (treinos.user_id = auth.uid())))) local_norm=exists (select 1 from treinos where ((treinos.id = treino_dias.treino_id) and (treinos.user_id = auth.uid()))) remote_norm=exists (select 1 from treinos where ((treinos.id = treino_dias.treino_id) and (treinos.user_id = auth.uid()))) local_hash=28105305 remote_hash=28105305; with_check: local_raw=<null> remote_raw=null local_norm=null remote_norm=null local_hash=7c9b6140 remote_hash=7c9b6140",present,present,Review policy role scope before any production action.,CATALOG_CSV_AND_LOCAL_CATALOG,Remote policy role is broader than local contract.,Prioritize policy reconciliation before any history repair.,true,true,PENDING_MANUAL_REVIEW
P0,HIGH,LOW,policy,public,treino_dias,Usuarios podem listar dias dos seus treinos,REMOTE_MORE_PERMISSIVE,critical,"permissive: local_raw=PERMISSIVE remote_raw=PERMISSIVE local_norm=permissive remote_norm=permissive local_hash=e892274c remote_hash=e892274c; roles: local_raw={authenticated} remote_raw={public} local_norm=authenticated remote_norm=public local_hash=486e9848 remote_hash=159d94a4; cmd: local_raw=SELECT remote_raw=SELECT local_norm=select remote_norm=select local_hash=1b80e3c5 remote_hash=1b80e3c5; qual: local_raw=(EXISTS ( SELECT 1
   FROM treinos
  WHERE ((treinos.id = treino_dias.treino_id) AND (treinos.user_id = auth.uid())))) remote_raw=(EXISTS ( SELECT 1
   FROM treinos
  WHERE ((treinos.id = treino_dias.treino_id) AND (treinos.user_id = auth.uid())))) local_norm=exists (select 1 from treinos where ((treinos.id = treino_dias.treino_id) and (treinos.user_id = auth.uid()))) remote_norm=exists (select 1 from treinos where ((treinos.id = treino_dias.treino_id) and (treinos.user_id = auth.uid()))) local_hash=28105305 remote_hash=28105305; with_check: local_raw=<null> remote_raw=null local_norm=null remote_norm=null local_hash=7c9b6140 remote_hash=7c9b6140",present,present,Review policy role scope before any production action.,CATALOG_CSV_AND_LOCAL_CATALOG,Remote policy role is broader than local contract.,Prioritize policy reconciliation before any history repair.,true,true,PENDING_MANUAL_REVIEW
P0,HIGH,LOW,policy,public,treino_exercicios,Usuarios podem atualizar exercicios dos seus treinos,REMOTE_MORE_PERMISSIVE,critical,permissive: local_raw=PERMISSIVE remote_raw=PERMISSIVE local_norm=permissive remote_norm=permissive local_hash=e892274c remote_hash=e892274c; roles: local_raw={authenticated} remote_raw={public} local_norm=authenticated remote_norm=public local_hash=486e9848 remote_hash=159d94a4; cmd: local_raw=UPDATE remote_raw=UPDATE local_norm=update remote_norm=update local_hash=20edd0a8 remote_hash=20edd0a8; qual: local_raw=[len 198 hash 717ed404] remote_raw=[len 198 hash 717ed404] local_norm=[len 185 hash a3e3015] remote_norm=[len 185 hash a3e3015] local_hash=a3e3015 remote_hash=a3e3015; with_check: local_raw=[len 198 hash 717ed404] remote_raw=[len 198 hash 717ed404] local_norm=[len 185 hash a3e3015] remote_norm=[len 185 hash a3e3015] local_hash=a3e3015 remote_hash=a3e3015,present,present,Review policy role scope before any production action.,CATALOG_CSV_AND_LOCAL_CATALOG,Remote policy role is broader than local contract.,Prioritize policy reconciliation before any history repair.,true,true,PENDING_MANUAL_REVIEW
P0,HIGH,LOW,policy,public,treino_exercicios,Usuarios podem cadastrar exercicios dos seus treinos,REMOTE_MORE_PERMISSIVE,critical,permissive: local_raw=PERMISSIVE remote_raw=PERMISSIVE local_norm=permissive remote_norm=permissive local_hash=e892274c remote_hash=e892274c; roles: local_raw={authenticated} remote_raw={public} local_norm=authenticated remote_norm=public local_hash=486e9848 remote_hash=159d94a4; cmd: local_raw=INSERT remote_raw=INSERT local_norm=insert remote_norm=insert local_hash=4d4029a remote_hash=4d4029a; qual: local_raw=<null> remote_raw=null local_norm=null remote_norm=null local_hash=7c9b6140 remote_hash=7c9b6140; with_check: local_raw=[len 198 hash 717ed404] remote_raw=[len 198 hash 717ed404] local_norm=[len 185 hash a3e3015] remote_norm=[len 185 hash a3e3015] local_hash=a3e3015 remote_hash=a3e3015,present,present,Review policy role scope before any production action.,CATALOG_CSV_AND_LOCAL_CATALOG,Remote policy role is broader than local contract.,Prioritize policy reconciliation before any history repair.,true,true,PENDING_MANUAL_REVIEW
P0,HIGH,LOW,policy,public,treino_exercicios,Usuarios podem excluir exercicios dos seus treinos,REMOTE_MORE_PERMISSIVE,critical,permissive: local_raw=PERMISSIVE remote_raw=PERMISSIVE local_norm=permissive remote_norm=permissive local_hash=e892274c remote_hash=e892274c; roles: local_raw={authenticated} remote_raw={public} local_norm=authenticated remote_norm=public local_hash=486e9848 remote_hash=159d94a4; cmd: local_raw=DELETE remote_raw=DELETE local_norm=delete remote_norm=delete local_hash=f8838478 remote_hash=f8838478; qual: local_raw=[len 198 hash 717ed404] remote_raw=[len 198 hash 717ed404] local_norm=[len 185 hash a3e3015] remote_norm=[len 185 hash a3e3015] local_hash=a3e3015 remote_hash=a3e3015; with_check: local_raw=<null> remote_raw=null local_norm=null remote_norm=null local_hash=7c9b6140 remote_hash=7c9b6140,present,present,Review policy role scope before any production action.,CATALOG_CSV_AND_LOCAL_CATALOG,Remote policy role is broader than local contract.,Prioritize policy reconciliation before any history repair.,true,true,PENDING_MANUAL_REVIEW
P0,HIGH,LOW,policy,public,treino_exercicios,Usuarios podem listar exercicios dos seus treinos,REMOTE_MORE_PERMISSIVE,critical,permissive: local_raw=PERMISSIVE remote_raw=PERMISSIVE local_norm=permissive remote_norm=permissive local_hash=e892274c remote_hash=e892274c; roles: local_raw={authenticated} remote_raw={public} local_norm=authenticated remote_norm=public local_hash=486e9848 remote_hash=159d94a4; cmd: local_raw=SELECT remote_raw=SELECT local_norm=select remote_norm=select local_hash=1b80e3c5 remote_hash=1b80e3c5; qual: local_raw=[len 198 hash 717ed404] remote_raw=[len 198 hash 717ed404] local_norm=[len 185 hash a3e3015] remote_norm=[len 185 hash a3e3015] local_hash=a3e3015 remote_hash=a3e3015; with_check: local_raw=<null> remote_raw=null local_norm=null remote_norm=null local_hash=7c9b6140 remote_hash=7c9b6140,present,present,Review policy role scope before any production action.,CATALOG_CSV_AND_LOCAL_CATALOG,Remote policy role is broader than local contract.,Prioritize policy reconciliation before any history repair.,true,true,PENDING_MANUAL_REVIEW
P0,HIGH,LOW,policy,public,treinos,Usuarios podem atualizar seus treinos,REMOTE_MORE_PERMISSIVE,critical,"permissive: local_raw=PERMISSIVE remote_raw=PERMISSIVE local_norm=permissive remote_norm=permissive local_hash=e892274c remote_hash=e892274c; roles: local_raw={authenticated} remote_raw={public} local_norm=authenticated remote_norm=public local_hash=486e9848 remote_hash=159d94a4; cmd: local_raw=UPDATE remote_raw=UPDATE local_norm=update remote_norm=update local_hash=20edd0a8 remote_hash=20edd0a8; qual: local_raw=(auth.uid() = user_id) remote_raw=(( SELECT auth.uid() AS uid) = user_id) local_norm=auth.uid() = user_id remote_norm=(select auth.uid() as uid) = user_id local_hash=8dc18120 remote_hash=62194ce7; with_check: local_raw=((auth.uid() = user_id) AND (EXISTS ( SELECT 1
   FROM alunos
  WHERE ((alunos.id = treinos.aluno_id) AND (alunos.user_id = auth.uid()))))) remote_raw=((( SELECT auth.uid() AS uid) = user_id) AND (EXISTS ( SELECT 1
   FROM alunos
  WHERE ((alunos.id = treinos.aluno_id) AND (alunos.user_id = ( SELECT auth.uid() AS uid)))))) local_norm=(auth.uid() = user_id) and (exists (select 1 from alunos where ((alunos.id = treinos.aluno_id) and (alunos.user_id = auth.uid())))) remote_norm=((select auth.uid() as uid) = user_id) and (exists (select 1 from alunos where ((alunos.id = treinos.aluno_id) and (alunos.user_id = (select auth.uid() as uid))))) local_hash=26321100 remote_hash=44a1498e",present,present,Review policy role scope before any production action.,CATALOG_CSV_AND_LOCAL_CATALOG,Remote policy role is broader than local contract.,Prioritize policy reconciliation before any history repair.,true,true,PENDING_MANUAL_REVIEW
P0,HIGH,LOW,policy,public,treinos,Usuarios podem cadastrar seus treinos,REMOTE_MORE_PERMISSIVE,critical,"permissive: local_raw=PERMISSIVE remote_raw=PERMISSIVE local_norm=permissive remote_norm=permissive local_hash=e892274c remote_hash=e892274c; roles: local_raw={authenticated} remote_raw={public} local_norm=authenticated remote_norm=public local_hash=486e9848 remote_hash=159d94a4; cmd: local_raw=INSERT remote_raw=INSERT local_norm=insert remote_norm=insert local_hash=4d4029a remote_hash=4d4029a; qual: local_raw=<null> remote_raw=null local_norm=null remote_norm=null local_hash=7c9b6140 remote_hash=7c9b6140; with_check: local_raw=((auth.uid() = user_id) AND (EXISTS ( SELECT 1
   FROM alunos
  WHERE ((alunos.id = treinos.aluno_id) AND (alunos.user_id = auth.uid()))))) remote_raw=((( SELECT auth.uid() AS uid) = user_id) AND (EXISTS ( SELECT 1
   FROM alunos
  WHERE ((alunos.id = treinos.aluno_id) AND (alunos.user_id = ( SELECT auth.uid() AS uid)))))) local_norm=(auth.uid() = user_id) and (exists (select 1 from alunos where ((alunos.id = treinos.aluno_id) and (alunos.user_id = auth.uid())))) remote_norm=((select auth.uid() as uid) = user_id) and (exists (select 1 from alunos where ((alunos.id = treinos.aluno_id) and (alunos.user_id = (select auth.uid() as uid))))) local_hash=26321100 remote_hash=44a1498e",present,present,Review policy role scope before any production action.,CATALOG_CSV_AND_LOCAL_CATALOG,Remote policy role is broader than local contract.,Prioritize policy reconciliation before any history repair.,true,true,PENDING_MANUAL_REVIEW
P0,HIGH,LOW,policy,public,treinos,Usuarios podem excluir seus treinos,REMOTE_MORE_PERMISSIVE,critical,permissive: local_raw=PERMISSIVE remote_raw=PERMISSIVE local_norm=permissive remote_norm=permissive local_hash=e892274c remote_hash=e892274c; roles: local_raw={authenticated} remote_raw={public} local_norm=authenticated remote_norm=public local_hash=486e9848 remote_hash=159d94a4; cmd: local_raw=DELETE remote_raw=DELETE local_norm=delete remote_norm=delete local_hash=f8838478 remote_hash=f8838478; qual: local_raw=(auth.uid() = user_id) remote_raw=(( SELECT auth.uid() AS uid) = user_id) local_norm=auth.uid() = user_id remote_norm=(select auth.uid() as uid) = user_id local_hash=8dc18120 remote_hash=62194ce7; with_check: local_raw=<null> remote_raw=null local_norm=null remote_norm=null local_hash=7c9b6140 remote_hash=7c9b6140,present,present,Review policy role scope before any production action.,CATALOG_CSV_AND_LOCAL_CATALOG,Remote policy role is broader than local contract.,Prioritize policy reconciliation before any history repair.,true,true,PENDING_MANUAL_REVIEW
P0,HIGH,LOW,policy,public,treinos,Usuarios podem listar seus treinos,REMOTE_MORE_PERMISSIVE,critical,permissive: local_raw=PERMISSIVE remote_raw=PERMISSIVE local_norm=permissive remote_norm=permissive local_hash=e892274c remote_hash=e892274c; roles: local_raw={authenticated} remote_raw={public} local_norm=authenticated remote_norm=public local_hash=486e9848 remote_hash=159d94a4; cmd: local_raw=SELECT remote_raw=SELECT local_norm=select remote_norm=select local_hash=1b80e3c5 remote_hash=1b80e3c5; qual: local_raw=(auth.uid() = user_id) remote_raw=(( SELECT auth.uid() AS uid) = user_id) local_norm=auth.uid() = user_id remote_norm=(select auth.uid() as uid) = user_id local_hash=8dc18120 remote_hash=62194ce7; with_check: local_raw=<null> remote_raw=null local_norm=null remote_norm=null local_hash=7c9b6140 remote_hash=7c9b6140,present,present,Review policy role scope before any production action.,CATALOG_CSV_AND_LOCAL_CATALOG,Remote policy role is broader than local contract.,Prioritize policy reconciliation before any history repair.,true,true,PENDING_MANUAL_REVIEW
P0,HIGH,LOW,policy,public,workout_templates,Usuarios podem atualizar seus modelos de treino,REMOTE_MORE_PERMISSIVE,critical,permissive: local_raw=PERMISSIVE remote_raw=PERMISSIVE local_norm=permissive remote_norm=permissive local_hash=e892274c remote_hash=e892274c; roles: local_raw={authenticated} remote_raw={public} local_norm=authenticated remote_norm=public local_hash=486e9848 remote_hash=159d94a4; cmd: local_raw=UPDATE remote_raw=UPDATE local_norm=update remote_norm=update local_hash=20edd0a8 remote_hash=20edd0a8; qual: local_raw=((auth.uid() = owner_id) AND (is_system = false)) remote_raw=((auth.uid() = owner_id) AND (is_system = false)) local_norm=(auth.uid() = owner_id) and (is_system = false) remote_norm=(auth.uid() = owner_id) and (is_system = false) local_hash=bbc6049 remote_hash=bbc6049; with_check: local_raw=((auth.uid() = owner_id) AND (is_system = false)) remote_raw=((auth.uid() = owner_id) AND (is_system = false)) local_norm=(auth.uid() = owner_id) and (is_system = false) remote_norm=(auth.uid() = owner_id) and (is_system = false) local_hash=bbc6049 remote_hash=bbc6049,present,present,Review policy role scope before any production action.,CATALOG_CSV_AND_LOCAL_CATALOG,Remote policy role is broader than local contract.,Prioritize policy reconciliation before any history repair.,true,true,PENDING_MANUAL_REVIEW
P0,HIGH,LOW,policy,public,workout_templates,Usuarios podem cadastrar seus modelos de treino,REMOTE_MORE_PERMISSIVE,critical,permissive: local_raw=PERMISSIVE remote_raw=PERMISSIVE local_norm=permissive remote_norm=permissive local_hash=e892274c remote_hash=e892274c; roles: local_raw={authenticated} remote_raw={public} local_norm=authenticated remote_norm=public local_hash=486e9848 remote_hash=159d94a4; cmd: local_raw=INSERT remote_raw=INSERT local_norm=insert remote_norm=insert local_hash=4d4029a remote_hash=4d4029a; qual: local_raw=<null> remote_raw=null local_norm=null remote_norm=null local_hash=7c9b6140 remote_hash=7c9b6140; with_check: local_raw=((auth.uid() = owner_id) AND (is_system = false)) remote_raw=((auth.uid() = owner_id) AND (is_system = false)) local_norm=(auth.uid() = owner_id) and (is_system = false) remote_norm=(auth.uid() = owner_id) and (is_system = false) local_hash=bbc6049 remote_hash=bbc6049,present,present,Review policy role scope before any production action.,CATALOG_CSV_AND_LOCAL_CATALOG,Remote policy role is broader than local contract.,Prioritize policy reconciliation before any history repair.,true,true,PENDING_MANUAL_REVIEW
P0,HIGH,LOW,policy,public,workout_templates,Usuarios podem excluir seus modelos de treino,REMOTE_MORE_PERMISSIVE,critical,permissive: local_raw=PERMISSIVE remote_raw=PERMISSIVE local_norm=permissive remote_norm=permissive local_hash=e892274c remote_hash=e892274c; roles: local_raw={authenticated} remote_raw={public} local_norm=authenticated remote_norm=public local_hash=486e9848 remote_hash=159d94a4; cmd: local_raw=DELETE remote_raw=DELETE local_norm=delete remote_norm=delete local_hash=f8838478 remote_hash=f8838478; qual: local_raw=((auth.uid() = owner_id) AND (is_system = false)) remote_raw=((auth.uid() = owner_id) AND (is_system = false)) local_norm=(auth.uid() = owner_id) and (is_system = false) remote_norm=(auth.uid() = owner_id) and (is_system = false) local_hash=bbc6049 remote_hash=bbc6049; with_check: local_raw=<null> remote_raw=null local_norm=null remote_norm=null local_hash=7c9b6140 remote_hash=7c9b6140,present,present,Review policy role scope before any production action.,CATALOG_CSV_AND_LOCAL_CATALOG,Remote policy role is broader than local contract.,Prioritize policy reconciliation before any history repair.,true,true,PENDING_MANUAL_REVIEW
P0,HIGH,LOW,policy,public,workout_templates,Usuarios podem listar seus modelos de treino,REMOTE_MORE_PERMISSIVE,critical,permissive: local_raw=PERMISSIVE remote_raw=PERMISSIVE local_norm=permissive remote_norm=permissive local_hash=e892274c remote_hash=e892274c; roles: local_raw={authenticated} remote_raw={public} local_norm=authenticated remote_norm=public local_hash=486e9848 remote_hash=159d94a4; cmd: local_raw=SELECT remote_raw=SELECT local_norm=select remote_norm=select local_hash=1b80e3c5 remote_hash=1b80e3c5; qual: local_raw=((auth.uid() = owner_id) AND (is_active = true) AND (is_system = false)) remote_raw=((auth.uid() = owner_id) AND (is_active = true) AND (is_system = false)) local_norm=(auth.uid() = owner_id) and (is_active = true) and (is_system = false) remote_norm=(auth.uid() = owner_id) and (is_active = true) and (is_system = false) local_hash=97ad7a61 remote_hash=97ad7a61; with_check: local_raw=<null> remote_raw=null local_norm=null remote_norm=null local_hash=7c9b6140 remote_hash=7c9b6140,present,present,Review policy role scope before any production action.,CATALOG_CSV_AND_LOCAL_CATALOG,Remote policy role is broader than local contract.,Prioritize policy reconciliation before any history repair.,true,true,PENDING_MANUAL_REVIEW
P0,REVIEW_REQUIRED,LOW,table_grant,public,aceites_legais,anon.DELETE,REMOTE_ONLY,critical,20260716090000_baseline_aruka_v1.sql,absent,present,Object exists only in remote evidence.,CATALOG_CSV_AND_LOCAL_CATALOG,Remote privilege differs from local baseline/grant contract.,"Classify platform role versus application role, then reconcile grants.",false,true,PENDING_MANUAL_REVIEW
P0,REVIEW_REQUIRED,LOW,table_grant,public,aceites_legais,anon.INSERT,REMOTE_ONLY,critical,20260716090000_baseline_aruka_v1.sql,absent,present,Object exists only in remote evidence.,CATALOG_CSV_AND_LOCAL_CATALOG,Remote privilege differs from local baseline/grant contract.,"Classify platform role versus application role, then reconcile grants.",false,true,PENDING_MANUAL_REVIEW
P0,REVIEW_REQUIRED,LOW,table_grant,public,aceites_legais,anon.UPDATE,REMOTE_ONLY,critical,20260716090000_baseline_aruka_v1.sql,absent,present,Object exists only in remote evidence.,CATALOG_CSV_AND_LOCAL_CATALOG,Remote privilege differs from local baseline/grant contract.,"Classify platform role versus application role, then reconcile grants.",false,true,PENDING_MANUAL_REVIEW
P0,REVIEW_REQUIRED,REVIEW_REQUIRED,table_grant,public,acompanhamento_eventos,anon.DELETE,REMOTE_ONLY,critical,20260716090000_baseline_aruka_v1.sql,absent,present,Object exists only in remote evidence.,CATALOG_CSV_AND_LOCAL_CATALOG,Remote privilege differs from local baseline/grant contract.,"Classify platform role versus application role, then reconcile grants.",false,true,PENDING_MANUAL_REVIEW
P0,REVIEW_REQUIRED,REVIEW_REQUIRED,table_grant,public,acompanhamento_eventos,anon.INSERT,REMOTE_ONLY,critical,20260716090000_baseline_aruka_v1.sql,absent,present,Object exists only in remote evidence.,CATALOG_CSV_AND_LOCAL_CATALOG,Remote privilege differs from local baseline/grant contract.,"Classify platform role versus application role, then reconcile grants.",false,true,PENDING_MANUAL_REVIEW
P0,REVIEW_REQUIRED,REVIEW_REQUIRED,table_grant,public,acompanhamento_eventos,anon.UPDATE,REMOTE_ONLY,critical,20260716090000_baseline_aruka_v1.sql,absent,present,Object exists only in remote evidence.,CATALOG_CSV_AND_LOCAL_CATALOG,Remote privilege differs from local baseline/grant contract.,"Classify platform role versus application role, then reconcile grants.",false,true,PENDING_MANUAL_REVIEW
P0,REVIEW_REQUIRED,LOW,table_grant,public,admin_logs,anon.DELETE,REMOTE_ONLY,critical,20260716090000_baseline_aruka_v1.sql,absent,present,Object exists only in remote evidence.,CATALOG_CSV_AND_LOCAL_CATALOG,Remote privilege differs from local baseline/grant contract.,"Classify platform role versus application role, then reconcile grants.",false,true,PENDING_MANUAL_REVIEW
P0,REVIEW_REQUIRED,LOW,table_grant,public,admin_logs,anon.INSERT,REMOTE_ONLY,critical,20260716090000_baseline_aruka_v1.sql,absent,present,Object exists only in remote evidence.,CATALOG_CSV_AND_LOCAL_CATALOG,Remote privilege differs from local baseline/grant contract.,"Classify platform role versus application role, then reconcile grants.",false,true,PENDING_MANUAL_REVIEW
P0,REVIEW_REQUIRED,LOW,table_grant,public,admin_logs,anon.SELECT,REMOTE_ONLY,critical,20260716090000_baseline_aruka_v1.sql,absent,present,Object exists only in remote evidence.,CATALOG_CSV_AND_LOCAL_CATALOG,Remote privilege differs from local baseline/grant contract.,"Classify platform role versus application role, then reconcile grants.",false,true,PENDING_MANUAL_REVIEW
P0,REVIEW_REQUIRED,LOW,table_grant,public,admin_logs,anon.UPDATE,REMOTE_ONLY,critical,20260716090000_baseline_aruka_v1.sql,absent,present,Object exists only in remote evidence.,CATALOG_CSV_AND_LOCAL_CATALOG,Remote privilege differs from local baseline/grant contract.,"Classify platform role versus application role, then reconcile grants.",false,true,PENDING_MANUAL_REVIEW
P0,REVIEW_REQUIRED,REVIEW_REQUIRED,table_grant,public,alunos,anon.DELETE,REMOTE_ONLY,critical,20260716090000_baseline_aruka_v1.sql,absent,present,Object exists only in remote evidence.,CATALOG_CSV_AND_LOCAL_CATALOG,Remote privilege differs from local baseline/grant contract.,"Classify platform role versus application role, then reconcile grants.",false,true,PENDING_MANUAL_REVIEW
P0,REVIEW_REQUIRED,REVIEW_REQUIRED,table_grant,public,alunos,anon.INSERT,REMOTE_ONLY,critical,20260716090000_baseline_aruka_v1.sql,absent,present,Object exists only in remote evidence.,CATALOG_CSV_AND_LOCAL_CATALOG,Remote privilege differs from local baseline/grant contract.,"Classify platform role versus application role, then reconcile grants.",false,true,PENDING_MANUAL_REVIEW
P0,REVIEW_REQUIRED,REVIEW_REQUIRED,table_grant,public,alunos,anon.UPDATE,REMOTE_ONLY,critical,20260716090000_baseline_aruka_v1.sql,absent,present,Object exists only in remote evidence.,CATALOG_CSV_AND_LOCAL_CATALOG,Remote privilege differs from local baseline/grant contract.,"Classify platform role versus application role, then reconcile grants.",false,true,PENDING_MANUAL_REVIEW
P0,REVIEW_REQUIRED,LOW,table_grant,public,anamneses,anon.DELETE,REMOTE_ONLY,critical,20260716090000_baseline_aruka_v1.sql,absent,present,Object exists only in remote evidence.,CATALOG_CSV_AND_LOCAL_CATALOG,Remote privilege differs from local baseline/grant contract.,"Classify platform role versus application role, then reconcile grants.",false,true,PENDING_MANUAL_REVIEW
P0,REVIEW_REQUIRED,LOW,table_grant,public,anamneses,anon.INSERT,REMOTE_ONLY,critical,20260716090000_baseline_aruka_v1.sql,absent,present,Object exists only in remote evidence.,CATALOG_CSV_AND_LOCAL_CATALOG,Remote privilege differs from local baseline/grant contract.,"Classify platform role versus application role, then reconcile grants.",false,true,PENDING_MANUAL_REVIEW
P0,REVIEW_REQUIRED,LOW,table_grant,public,anamneses,anon.UPDATE,REMOTE_ONLY,critical,20260716090000_baseline_aruka_v1.sql,absent,present,Object exists only in remote evidence.,CATALOG_CSV_AND_LOCAL_CATALOG,Remote privilege differs from local baseline/grant contract.,"Classify platform role versus application role, then reconcile grants.",false,true,PENDING_MANUAL_REVIEW
P0,REVIEW_REQUIRED,LOW,table_grant,public,aoe_audit_events,anon.DELETE,REMOTE_ONLY,critical,20260716090000_baseline_aruka_v1.sql,absent,present,Object exists only in remote evidence.,CATALOG_CSV_AND_LOCAL_CATALOG,Remote privilege differs from local baseline/grant contract.,"Classify platform role versus application role, then reconcile grants.",false,true,PENDING_MANUAL_REVIEW
P0,REVIEW_REQUIRED,LOW,table_grant,public,aoe_audit_events,anon.INSERT,REMOTE_ONLY,critical,20260716090000_baseline_aruka_v1.sql,absent,present,Object exists only in remote evidence.,CATALOG_CSV_AND_LOCAL_CATALOG,Remote privilege differs from local baseline/grant contract.,"Classify platform role versus application role, then reconcile grants.",false,true,PENDING_MANUAL_REVIEW
P0,REVIEW_REQUIRED,LOW,table_grant,public,aoe_audit_events,anon.UPDATE,REMOTE_ONLY,critical,20260716090000_baseline_aruka_v1.sql,absent,present,Object exists only in remote evidence.,CATALOG_CSV_AND_LOCAL_CATALOG,Remote privilege differs from local baseline/grant contract.,"Classify platform role versus application role, then reconcile grants.",false,true,PENDING_MANUAL_REVIEW
P0,REVIEW_REQUIRED,LOW,table_grant,public,aoe_decision_traces,anon.DELETE,REMOTE_ONLY,critical,20260716090000_baseline_aruka_v1.sql,absent,present,Object exists only in remote evidence.,CATALOG_CSV_AND_LOCAL_CATALOG,Remote privilege differs from local baseline/grant contract.,"Classify platform role versus application role, then reconcile grants.",false,true,PENDING_MANUAL_REVIEW
P0,REVIEW_REQUIRED,LOW,table_grant,public,aoe_decision_traces,anon.INSERT,REMOTE_ONLY,critical,20260716090000_baseline_aruka_v1.sql,absent,present,Object exists only in remote evidence.,CATALOG_CSV_AND_LOCAL_CATALOG,Remote privilege differs from local baseline/grant contract.,"Classify platform role versus application role, then reconcile grants.",false,true,PENDING_MANUAL_REVIEW
P0,REVIEW_REQUIRED,LOW,table_grant,public,aoe_decision_traces,anon.UPDATE,REMOTE_ONLY,critical,20260716090000_baseline_aruka_v1.sql,absent,present,Object exists only in remote evidence.,CATALOG_CSV_AND_LOCAL_CATALOG,Remote privilege differs from local baseline/grant contract.,"Classify platform role versus application role, then reconcile grants.",false,true,PENDING_MANUAL_REVIEW
P0,REVIEW_REQUIRED,LOW,table_grant,public,aoe_decisions,anon.DELETE,REMOTE_ONLY,critical,20260716090000_baseline_aruka_v1.sql,absent,present,Object exists only in remote evidence.,CATALOG_CSV_AND_LOCAL_CATALOG,Remote privilege differs from local baseline/grant contract.,"Classify platform role versus application role, then reconcile grants.",false,true,PENDING_MANUAL_REVIEW
P0,REVIEW_REQUIRED,LOW,table_grant,public,aoe_decisions,anon.INSERT,REMOTE_ONLY,critical,20260716090000_baseline_aruka_v1.sql,absent,present,Object exists only in remote evidence.,CATALOG_CSV_AND_LOCAL_CATALOG,Remote privilege differs from local baseline/grant contract.,"Classify platform role versus application role, then reconcile grants.",false,true,PENDING_MANUAL_REVIEW
P0,REVIEW_REQUIRED,LOW,table_grant,public,aoe_decisions,anon.UPDATE,REMOTE_ONLY,critical,20260716090000_baseline_aruka_v1.sql,absent,present,Object exists only in remote evidence.,CATALOG_CSV_AND_LOCAL_CATALOG,Remote privilege differs from local baseline/grant contract.,"Classify platform role versus application role, then reconcile grants.",false,true,PENDING_MANUAL_REVIEW
P0,REVIEW_REQUIRED,LOW,table_grant,public,aoe_human_reviews,anon.DELETE,REMOTE_ONLY,critical,20260716090000_baseline_aruka_v1.sql,absent,present,Object exists only in remote evidence.,CATALOG_CSV_AND_LOCAL_CATALOG,Remote privilege differs from local baseline/grant contract.,"Classify platform role versus application role, then reconcile grants.",false,true,PENDING_MANUAL_REVIEW
P0,REVIEW_REQUIRED,LOW,table_grant,public,aoe_human_reviews,anon.INSERT,REMOTE_ONLY,critical,20260716090000_baseline_aruka_v1.sql,absent,present,Object exists only in remote evidence.,CATALOG_CSV_AND_LOCAL_CATALOG,Remote privilege differs from local baseline/grant contract.,"Classify platform role versus application role, then reconcile grants.",false,true,PENDING_MANUAL_REVIEW
P0,REVIEW_REQUIRED,LOW,table_grant,public,aoe_human_reviews,anon.UPDATE,REMOTE_ONLY,critical,20260716090000_baseline_aruka_v1.sql,absent,present,Object exists only in remote evidence.,CATALOG_CSV_AND_LOCAL_CATALOG,Remote privilege differs from local baseline/grant contract.,"Classify platform role versus application role, then reconcile grants.",false,true,PENDING_MANUAL_REVIEW
P0,REVIEW_REQUIRED,LOW,table_grant,public,aoe_idempotency_keys,anon.DELETE,REMOTE_ONLY,critical,20260716090000_baseline_aruka_v1.sql,absent,present,Object exists only in remote evidence.,CATALOG_CSV_AND_LOCAL_CATALOG,Remote privilege differs from local baseline/grant contract.,"Classify platform role versus application role, then reconcile grants.",false,true,PENDING_MANUAL_REVIEW
P0,REVIEW_REQUIRED,LOW,table_grant,public,aoe_idempotency_keys,anon.INSERT,REMOTE_ONLY,critical,20260716090000_baseline_aruka_v1.sql,absent,present,Object exists only in remote evidence.,CATALOG_CSV_AND_LOCAL_CATALOG,Remote privilege differs from local baseline/grant contract.,"Classify platform role versus application role, then reconcile grants.",false,true,PENDING_MANUAL_REVIEW
P0,REVIEW_REQUIRED,LOW,table_grant,public,aoe_idempotency_keys,anon.UPDATE,REMOTE_ONLY,critical,20260716090000_baseline_aruka_v1.sql,absent,present,Object exists only in remote evidence.,CATALOG_CSV_AND_LOCAL_CATALOG,Remote privilege differs from local baseline/grant contract.,"Classify platform role versus application role, then reconcile grants.",false,true,PENDING_MANUAL_REVIEW
P0,REVIEW_REQUIRED,REVIEW_REQUIRED,table_grant,public,assinaturas,anon.DELETE,REMOTE_ONLY,critical,20260716090000_baseline_aruka_v1.sql,absent,present,Object exists only in remote evidence.,CATALOG_CSV_AND_LOCAL_CATALOG,Remote privilege differs from local baseline/grant contract.,"Classify platform role versus application role, then reconcile grants.",false,true,PENDING_MANUAL_REVIEW
P0,REVIEW_REQUIRED,REVIEW_REQUIRED,table_grant,public,assinaturas,anon.INSERT,REMOTE_ONLY,critical,20260716090000_baseline_aruka_v1.sql,absent,present,Object exists only in remote evidence.,CATALOG_CSV_AND_LOCAL_CATALOG,Remote privilege differs from local baseline/grant contract.,"Classify platform role versus application role, then reconcile grants.",false,true,PENDING_MANUAL_REVIEW
P0,REVIEW_REQUIRED,REVIEW_REQUIRED,table_grant,public,assinaturas,anon.UPDATE,REMOTE_ONLY,critical,20260716090000_baseline_aruka_v1.sql,absent,present,Object exists only in remote evidence.,CATALOG_CSV_AND_LOCAL_CATALOG,Remote privilege differs from local baseline/grant contract.,"Classify platform role versus application role, then reconcile grants.",false,true,PENDING_MANUAL_REVIEW
P0,REVIEW_REQUIRED,LOW,table_grant,public,avaliacoes,anon.DELETE,REMOTE_ONLY,critical,20260716090000_baseline_aruka_v1.sql,absent,present,Object exists only in remote evidence.,CATALOG_CSV_AND_LOCAL_CATALOG,Remote privilege differs from local baseline/grant contract.,"Classify platform role versus application role, then reconcile grants.",false,true,PENDING_MANUAL_REVIEW
P0,REVIEW_REQUIRED,LOW,table_grant,public,avaliacoes,anon.INSERT,REMOTE_ONLY,critical,20260716090000_baseline_aruka_v1.sql,absent,present,Object exists only in remote evidence.,CATALOG_CSV_AND_LOCAL_CATALOG,Remote privilege differs from local baseline/grant contract.,"Classify platform role versus application role, then reconcile grants.",false,true,PENDING_MANUAL_REVIEW
P0,REVIEW_REQUIRED,LOW,table_grant,public,avaliacoes,anon.UPDATE,REMOTE_ONLY,critical,20260716090000_baseline_aruka_v1.sql,absent,present,Object exists only in remote evidence.,CATALOG_CSV_AND_LOCAL_CATALOG,Remote privilege differs from local baseline/grant contract.,"Classify platform role versus application role, then reconcile grants.",false,true,PENDING_MANUAL_REVIEW
P0,REVIEW_REQUIRED,REVIEW_REQUIRED,table_grant,public,pagamentos,anon.DELETE,REMOTE_ONLY,critical,20260716090000_baseline_aruka_v1.sql,absent,present,Object exists only in remote evidence.,CATALOG_CSV_AND_LOCAL_CATALOG,Remote privilege differs from local baseline/grant contract.,"Classify platform role versus application role, then reconcile grants.",false,true,PENDING_MANUAL_REVIEW
P0,REVIEW_REQUIRED,REVIEW_REQUIRED,table_grant,public,pagamentos,anon.INSERT,REMOTE_ONLY,critical,20260716090000_baseline_aruka_v1.sql,absent,present,Object exists only in remote evidence.,CATALOG_CSV_AND_LOCAL_CATALOG,Remote privilege differs from local baseline/grant contract.,"Classify platform role versus application role, then reconcile grants.",false,true,PENDING_MANUAL_REVIEW
P0,REVIEW_REQUIRED,REVIEW_REQUIRED,table_grant,public,pagamentos,anon.UPDATE,REMOTE_ONLY,critical,20260716090000_baseline_aruka_v1.sql,absent,present,Object exists only in remote evidence.,CATALOG_CSV_AND_LOCAL_CATALOG,Remote privilege differs from local baseline/grant contract.,"Classify platform role versus application role, then reconcile grants.",false,true,PENDING_MANUAL_REVIEW
P0,REVIEW_REQUIRED,LOW,table_grant,public,perfis,anon.DELETE,REMOTE_ONLY,critical,20260716090000_baseline_aruka_v1.sql,absent,present,Object exists only in remote evidence.,CATALOG_CSV_AND_LOCAL_CATALOG,Remote privilege differs from local baseline/grant contract.,"Classify platform role versus application role, then reconcile grants.",false,true,PENDING_MANUAL_REVIEW
P0,REVIEW_REQUIRED,LOW,table_grant,public,perfis,anon.INSERT,REMOTE_ONLY,critical,20260716090000_baseline_aruka_v1.sql,absent,present,Object exists only in remote evidence.,CATALOG_CSV_AND_LOCAL_CATALOG,Remote privilege differs from local baseline/grant contract.,"Classify platform role versus application role, then reconcile grants.",false,true,PENDING_MANUAL_REVIEW
P0,REVIEW_REQUIRED,LOW,table_grant,public,perfis,anon.UPDATE,REMOTE_ONLY,critical,20260716090000_baseline_aruka_v1.sql,absent,present,Object exists only in remote evidence.,CATALOG_CSV_AND_LOCAL_CATALOG,Remote privilege differs from local baseline/grant contract.,"Classify platform role versus application role, then reconcile grants.",false,true,PENDING_MANUAL_REVIEW
P0,REVIEW_REQUIRED,REVIEW_REQUIRED,table_grant,public,planos,anon.DELETE,REMOTE_ONLY,critical,20260716090000_baseline_aruka_v1.sql,absent,present,Object exists only in remote evidence.,CATALOG_CSV_AND_LOCAL_CATALOG,Remote privilege differs from local baseline/grant contract.,"Classify platform role versus application role, then reconcile grants.",false,true,PENDING_MANUAL_REVIEW
P0,REVIEW_REQUIRED,REVIEW_REQUIRED,table_grant,public,planos,anon.INSERT,REMOTE_ONLY,critical,20260716090000_baseline_aruka_v1.sql,absent,present,Object exists only in remote evidence.,CATALOG_CSV_AND_LOCAL_CATALOG,Remote privilege differs from local baseline/grant contract.,"Classify platform role versus application role, then reconcile grants.",false,true,PENDING_MANUAL_REVIEW
P0,REVIEW_REQUIRED,REVIEW_REQUIRED,table_grant,public,planos,anon.UPDATE,REMOTE_ONLY,critical,20260716090000_baseline_aruka_v1.sql,absent,present,Object exists only in remote evidence.,CATALOG_CSV_AND_LOCAL_CATALOG,Remote privilege differs from local baseline/grant contract.,"Classify platform role versus application role, then reconcile grants.",false,true,PENDING_MANUAL_REVIEW
P0,REVIEW_REQUIRED,LOW,table_grant,public,treino_dias,anon.DELETE,REMOTE_ONLY,critical,20260716090000_baseline_aruka_v1.sql,absent,present,Object exists only in remote evidence.,CATALOG_CSV_AND_LOCAL_CATALOG,Remote privilege differs from local baseline/grant contract.,"Classify platform role versus application role, then reconcile grants.",false,true,PENDING_MANUAL_REVIEW
P0,REVIEW_REQUIRED,LOW,table_grant,public,treino_dias,anon.INSERT,REMOTE_ONLY,critical,20260716090000_baseline_aruka_v1.sql,absent,present,Object exists only in remote evidence.,CATALOG_CSV_AND_LOCAL_CATALOG,Remote privilege differs from local baseline/grant contract.,"Classify platform role versus application role, then reconcile grants.",false,true,PENDING_MANUAL_REVIEW
P0,REVIEW_REQUIRED,LOW,table_grant,public,treino_dias,anon.UPDATE,REMOTE_ONLY,critical,20260716090000_baseline_aruka_v1.sql,absent,present,Object exists only in remote evidence.,CATALOG_CSV_AND_LOCAL_CATALOG,Remote privilege differs from local baseline/grant contract.,"Classify platform role versus application role, then reconcile grants.",false,true,PENDING_MANUAL_REVIEW
P0,REVIEW_REQUIRED,LOW,table_grant,public,treino_exercicios,anon.DELETE,REMOTE_ONLY,critical,20260716090000_baseline_aruka_v1.sql,absent,present,Object exists only in remote evidence.,CATALOG_CSV_AND_LOCAL_CATALOG,Remote privilege differs from local baseline/grant contract.,"Classify platform role versus application role, then reconcile grants.",false,true,PENDING_MANUAL_REVIEW
P0,REVIEW_REQUIRED,LOW,table_grant,public,treino_exercicios,anon.INSERT,REMOTE_ONLY,critical,20260716090000_baseline_aruka_v1.sql,absent,present,Object exists only in remote evidence.,CATALOG_CSV_AND_LOCAL_CATALOG,Remote privilege differs from local baseline/grant contract.,"Classify platform role versus application role, then reconcile grants.",false,true,PENDING_MANUAL_REVIEW
P0,REVIEW_REQUIRED,LOW,table_grant,public,treino_exercicios,anon.UPDATE,REMOTE_ONLY,critical,20260716090000_baseline_aruka_v1.sql,absent,present,Object exists only in remote evidence.,CATALOG_CSV_AND_LOCAL_CATALOG,Remote privilege differs from local baseline/grant contract.,"Classify platform role versus application role, then reconcile grants.",false,true,PENDING_MANUAL_REVIEW
P0,REVIEW_REQUIRED,LOW,table_grant,public,treinos,anon.DELETE,REMOTE_ONLY,critical,20260716090000_baseline_aruka_v1.sql,absent,present,Object exists only in remote evidence.,CATALOG_CSV_AND_LOCAL_CATALOG,Remote privilege differs from local baseline/grant contract.,"Classify platform role versus application role, then reconcile grants.",false,true,PENDING_MANUAL_REVIEW
P0,REVIEW_REQUIRED,LOW,table_grant,public,treinos,anon.INSERT,REMOTE_ONLY,critical,20260716090000_baseline_aruka_v1.sql,absent,present,Object exists only in remote evidence.,CATALOG_CSV_AND_LOCAL_CATALOG,Remote privilege differs from local baseline/grant contract.,"Classify platform role versus application role, then reconcile grants.",false,true,PENDING_MANUAL_REVIEW
P0,REVIEW_REQUIRED,LOW,table_grant,public,treinos,anon.UPDATE,REMOTE_ONLY,critical,20260716090000_baseline_aruka_v1.sql,absent,present,Object exists only in remote evidence.,CATALOG_CSV_AND_LOCAL_CATALOG,Remote privilege differs from local baseline/grant contract.,"Classify platform role versus application role, then reconcile grants.",false,true,PENDING_MANUAL_REVIEW
P0,REVIEW_REQUIRED,LOW,table_grant,public,workout_templates,anon.DELETE,REMOTE_ONLY,critical,20260716090000_baseline_aruka_v1.sql,absent,present,Object exists only in remote evidence.,CATALOG_CSV_AND_LOCAL_CATALOG,Remote privilege differs from local baseline/grant contract.,"Classify platform role versus application role, then reconcile grants.",false,true,PENDING_MANUAL_REVIEW
P0,REVIEW_REQUIRED,LOW,table_grant,public,workout_templates,anon.INSERT,REMOTE_ONLY,critical,20260716090000_baseline_aruka_v1.sql,absent,present,Object exists only in remote evidence.,CATALOG_CSV_AND_LOCAL_CATALOG,Remote privilege differs from local baseline/grant contract.,"Classify platform role versus application role, then reconcile grants.",false,true,PENDING_MANUAL_REVIEW
P0,REVIEW_REQUIRED,LOW,table_grant,public,workout_templates,anon.UPDATE,REMOTE_ONLY,critical,20260716090000_baseline_aruka_v1.sql,absent,present,Object exists only in remote evidence.,CATALOG_CSV_AND_LOCAL_CATALOG,Remote privilege differs from local baseline/grant contract.,"Classify platform role versus application role, then reconcile grants.",false,true,PENDING_MANUAL_REVIEW
P1,LOW,HIGH,column,public,alunos,acompanhamento_motivo,NULLABILITY_DIFFERENT,critical,data_type: local_raw=text remote_raw=text local_norm=text remote_norm=text local_hash=7c9e690a remote_hash=7c9e690a; udt_name: local_raw=text remote_raw=text local_norm=text remote_norm=text local_hash=7c9e690a remote_hash=7c9e690a; is_nullable: local_raw=YES remote_raw=NO local_norm=YES remote_norm=NO local_hash=b8836b6 remote_hash=5974a2; column_default: local_raw=<null> remote_raw=''::text local_norm=null remote_norm='' local_hash=7c9b6140 remote_hash=596f73; ordinal_position: local_raw=19 remote_raw=19 local_norm=19 remote_norm=19 local_hash=5970cf remote_hash=5970cf,present,present,Treat nullability drift as material.,CATALOG_CSV_AND_LOCAL_CATALOG,Remote table permits or requires nulls differently than local contract.,Run nullability profile before designing NOT NULL/default changes.,true,true,PENDING_MANUAL_REVIEW
P1,LOW,HIGH,column,public,alunos,created_at,NULLABILITY_DIFFERENT,critical,data_type: local_raw=timestamp with time zone remote_raw=timestamp with time zone local_norm=timestamptz remote_norm=timestamptz local_hash=7acf37c7 remote_hash=7acf37c7; udt_name: local_raw=timestamptz remote_raw=timestamptz local_norm=timestamptz remote_norm=timestamptz local_hash=7acf37c7 remote_hash=7acf37c7; is_nullable: local_raw=NO remote_raw=YES local_norm=NO remote_norm=YES local_hash=5974a2 remote_hash=b8836b6; column_default: local_raw=now() remote_raw=now() local_norm=now() remote_norm=now() local_hash=1004652a remote_hash=1004652a; ordinal_position: local_raw=16 remote_raw=16 local_norm=16 remote_norm=16 local_hash=5970cc remote_hash=5970cc,present,present,Treat nullability drift as material.,CATALOG_CSV_AND_LOCAL_CATALOG,Remote table permits or requires nulls differently than local contract.,Run nullability profile before designing NOT NULL/default changes.,true,true,PENDING_MANUAL_REVIEW
P1,LOW,HIGH,column,public,alunos,inicio,NULLABILITY_DIFFERENT,critical,data_type: local_raw=date remote_raw=date local_norm=date remote_norm=date local_hash=7c959163 remote_hash=7c959163; udt_name: local_raw=date remote_raw=date local_norm=date remote_norm=date local_hash=7c959163 remote_hash=7c959163; is_nullable: local_raw=NO remote_raw=YES local_norm=NO remote_norm=YES local_hash=5974a2 remote_hash=b8836b6; column_default: local_raw=<null> remote_raw=null local_norm=null remote_norm=null local_hash=7c9b6140 remote_hash=7c9b6140; ordinal_position: local_raw=6 remote_raw=6 local_norm=6 remote_norm=6 local_hash=2b5db remote_hash=2b5db,present,present,Treat nullability drift as material.,CATALOG_CSV_AND_LOCAL_CATALOG,Remote table permits or requires nulls differently than local contract.,Run nullability profile before designing NOT NULL/default changes.,true,true,PENDING_MANUAL_REVIEW
P1,LOW,HIGH,column,public,alunos,observacoes,NULLABILITY_DIFFERENT,critical,data_type: local_raw=text remote_raw=text local_norm=text remote_norm=text local_hash=7c9e690a remote_hash=7c9e690a; udt_name: local_raw=text remote_raw=text local_norm=text remote_norm=text local_hash=7c9e690a remote_hash=7c9e690a; is_nullable: local_raw=NO remote_raw=YES local_norm=NO remote_norm=YES local_hash=5974a2 remote_hash=b8836b6; column_default: local_raw=''::text remote_raw=null local_norm='' remote_norm=null local_hash=596f73 remote_hash=7c9b6140; ordinal_position: local_raw=15 remote_raw=15 local_norm=15 remote_norm=15 local_hash=5970cb remote_hash=5970cb,present,present,Treat nullability drift as material.,CATALOG_CSV_AND_LOCAL_CATALOG,Remote table permits or requires nulls differently than local contract.,Run nullability profile before designing NOT NULL/default changes.,true,true,PENDING_MANUAL_REVIEW
P1,LOW,HIGH,column,public,alunos,pagamento_recebido,NULLABILITY_DIFFERENT,critical,data_type: local_raw=boolean remote_raw=boolean local_norm=bool remote_norm=bool local_hash=7c94b391 remote_hash=7c94b391; udt_name: local_raw=bool remote_raw=bool local_norm=bool remote_norm=bool local_hash=7c94b391 remote_hash=7c94b391; is_nullable: local_raw=NO remote_raw=YES local_norm=NO remote_norm=YES local_hash=5974a2 remote_hash=b8836b6; column_default: local_raw=false remote_raw=false local_norm=false remote_norm=false local_hash=f6bcef0 remote_hash=f6bcef0; ordinal_position: local_raw=13 remote_raw=13 local_norm=13 remote_norm=13 local_hash=5970c9 remote_hash=5970c9,present,present,Treat nullability drift as material.,CATALOG_CSV_AND_LOCAL_CATALOG,Remote table permits or requires nulls differently than local contract.,Run nullability profile before designing NOT NULL/default changes.,true,true,PENDING_MANUAL_REVIEW
P1,LOW,HIGH,column,public,alunos,plano,NULLABILITY_DIFFERENT,critical,data_type: local_raw=text remote_raw=text local_norm=text remote_norm=text local_hash=7c9e690a remote_hash=7c9e690a; udt_name: local_raw=text remote_raw=text local_norm=text remote_norm=text local_hash=7c9e690a remote_hash=7c9e690a; is_nullable: local_raw=NO remote_raw=YES local_norm=NO remote_norm=YES local_hash=5974a2 remote_hash=b8836b6; column_default: local_raw=<null> remote_raw=null local_norm=null remote_norm=null local_hash=7c9b6140 remote_hash=7c9b6140; ordinal_position: local_raw=10 remote_raw=10 local_norm=10 remote_norm=10 local_hash=5970c6 remote_hash=5970c6,present,present,Treat nullability drift as material.,CATALOG_CSV_AND_LOCAL_CATALOG,Remote table permits or requires nulls differently than local contract.,Run nullability profile before designing NOT NULL/default changes.,true,true,PENDING_MANUAL_REVIEW
P1,LOW,HIGH,column,public,alunos,status,NULLABILITY_DIFFERENT,critical,data_type: local_raw=text remote_raw=text local_norm=text remote_norm=text local_hash=7c9e690a remote_hash=7c9e690a; udt_name: local_raw=text remote_raw=text local_norm=text remote_norm=text local_hash=7c9e690a remote_hash=7c9e690a; is_nullable: local_raw=NO remote_raw=YES local_norm=NO remote_norm=YES local_hash=5974a2 remote_hash=b8836b6; column_default: local_raw='Ativo'::text remote_raw='Ativo'::text local_norm='ativo' remote_norm='ativo' local_hash=a891f676 remote_hash=a891f676; ordinal_position: local_raw=12 remote_raw=12 local_norm=12 remote_norm=12 local_hash=5970c8 remote_hash=5970c8,present,present,Treat nullability drift as material.,CATALOG_CSV_AND_LOCAL_CATALOG,Remote table permits or requires nulls differently than local contract.,Run nullability profile before designing NOT NULL/default changes.,true,true,PENDING_MANUAL_REVIEW
P1,LOW,REVIEW_REQUIRED,column,public,alunos,student_user_id,LOCAL_ONLY,critical,20260730090000_student_identity_contract.sql,present,absent,Object exists locally but not in remote evidence.,CATALOG_CSV_AND_LOCAL_CATALOG,Schema contract differs after safe normalization.,Review object-specific diff and design incremental reconciliation only after evidence collection.,true,true,PENDING_MANUAL_REVIEW
P1,LOW,HIGH,column,public,alunos,user_id,NULLABILITY_DIFFERENT,critical,data_type: local_raw=uuid remote_raw=uuid local_norm=uuid remote_norm=uuid local_hash=7c9f377c remote_hash=7c9f377c; udt_name: local_raw=uuid remote_raw=uuid local_norm=uuid remote_norm=uuid local_hash=7c9f377c remote_hash=7c9f377c; is_nullable: local_raw=NO remote_raw=YES local_norm=NO remote_norm=YES local_hash=5974a2 remote_hash=b8836b6; column_default: local_raw=<null> remote_raw=null local_norm=null remote_norm=null local_hash=7c9b6140 remote_hash=7c9b6140; ordinal_position: local_raw=2 remote_raw=2 local_norm=2 remote_norm=2 local_hash=2b5d7 remote_hash=2b5d7,present,present,Treat nullability drift as material.,CATALOG_CSV_AND_LOCAL_CATALOG,Remote table permits or requires nulls differently than local contract.,Run nullability profile before designing NOT NULL/default changes.,true,true,PENDING_MANUAL_REVIEW
P1,LOW,HIGH,column,public,alunos,valor,NULLABILITY_DIFFERENT,critical,data_type: local_raw=numeric remote_raw=numeric local_norm=numeric remote_norm=numeric local_hash=301f0df8 remote_hash=301f0df8; udt_name: local_raw=numeric remote_raw=numeric local_norm=numeric remote_norm=numeric local_hash=301f0df8 remote_hash=301f0df8; is_nullable: local_raw=NO remote_raw=YES local_norm=NO remote_norm=YES local_hash=5974a2 remote_hash=b8836b6; column_default: local_raw=0 remote_raw=null local_norm=0 remote_norm=null local_hash=2b5d5 remote_hash=7c9b6140; ordinal_position: local_raw=11 remote_raw=11 local_norm=11 remote_norm=11 local_hash=5970c7 remote_hash=5970c7,present,present,Treat nullability drift as material.,CATALOG_CSV_AND_LOCAL_CATALOG,Remote table permits or requires nulls differently than local contract.,Run nullability profile before designing NOT NULL/default changes.,true,true,PENDING_MANUAL_REVIEW
P1,LOW,HIGH,column,public,alunos,whatsapp,NULLABILITY_DIFFERENT,critical,data_type: local_raw=text remote_raw=text local_norm=text remote_norm=text local_hash=7c9e690a remote_hash=7c9e690a; udt_name: local_raw=text remote_raw=text local_norm=text remote_norm=text local_hash=7c9e690a remote_hash=7c9e690a; is_nullable: local_raw=NO remote_raw=YES local_norm=NO remote_norm=YES local_hash=5974a2 remote_hash=b8836b6; column_default: local_raw=<null> remote_raw=null local_norm=null remote_norm=null local_hash=7c9b6140 remote_hash=7c9b6140; ordinal_position: local_raw=4 remote_raw=4 local_norm=4 remote_norm=4 local_hash=2b5d9 remote_hash=2b5d9,present,present,Treat nullability drift as material.,CATALOG_CSV_AND_LOCAL_CATALOG,Remote table permits or requires nulls differently than local contract.,Run nullability profile before designing NOT NULL/default changes.,true,true,PENDING_MANUAL_REVIEW
P1,LOW,HIGH,constraint,public,alunos,alunos_student_user_id_fkey,LOCAL_ONLY,critical,20260730090000_student_identity_contract.sql,present,absent,Object exists locally but not in remote evidence.,CATALOG_CSV_AND_LOCAL_CATALOG,Schema contract differs after safe normalization.,Review object-specific diff and design incremental reconciliation only after evidence collection.,true,true,PENDING_MANUAL_REVIEW
P1,REVIEW_REQUIRED,LOW,function,public,desvincular_aluno_usuario,p_aluno_id uuid,LOCAL_OVERLOAD_ONLY,critical,20260730090000_student_identity_contract.sql,present,absent,Object exists locally but not in remote evidence.,SIGNATURE_AWARE_FOR_FUNCTIONS_PARTIAL_FOR_GRANTS,Function signature exists on only one side or remote evidence has overload gap.,Review object-specific diff and design incremental reconciliation only after evidence collection.,true,true,PENDING_MANUAL_REVIEW
P1,REVIEW_REQUIRED,LOW,function,public,get_my_student_workouts,,LOCAL_OVERLOAD_ONLY,critical,20260730090000_student_identity_contract.sql,present,absent,Object exists locally but not in remote evidence.,SIGNATURE_AWARE_FOR_FUNCTIONS_PARTIAL_FOR_GRANTS,Function signature exists on only one side or remote evidence has overload gap.,Review object-specific diff and design incremental reconciliation only after evidence collection.,true,true,PENDING_MANUAL_REVIEW
P1,REVIEW_REQUIRED,LOW,function,public,vincular_aluno_usuario,"p_aluno_id uuid, p_student_user_id uuid",LOCAL_OVERLOAD_ONLY,critical,20260730090000_student_identity_contract.sql,present,absent,Object exists locally but not in remote evidence.,SIGNATURE_AWARE_FOR_FUNCTIONS_PARTIAL_FOR_GRANTS,Function signature exists on only one side or remote evidence has overload gap.,Review object-specific diff and design incremental reconciliation only after evidence collection.,true,true,PENDING_MANUAL_REVIEW
P1,REVIEW_REQUIRED,LOW,function_grant,public,desvincular_aluno_usuario,authenticated.execute,LOCAL_ONLY,critical,20260730090000_student_identity_contract.sql,present,absent,"Function grant exists locally but not in remote evidence. CSV lacks function arguments/specific_name, so overload match is partial.",PARTIAL_ROUTINE_NAME_ONLY,Remote privilege differs from local baseline/grant contract.,"Classify platform role versus application role, then reconcile grants.",true,true,PENDING_MANUAL_REVIEW
P1,REVIEW_REQUIRED,LOW,function_grant,public,desvincular_aluno_usuario,postgres.execute,LOCAL_ONLY,critical,20260730090000_student_identity_contract.sql,present,absent,"Function grant exists locally but not in remote evidence. CSV lacks function arguments/specific_name, so overload match is partial.",PARTIAL_ROUTINE_NAME_ONLY,Remote privilege differs from local baseline/grant contract.,"Classify platform role versus application role, then reconcile grants.",true,true,PENDING_MANUAL_REVIEW
P1,REVIEW_REQUIRED,LOW,function_grant,public,get_my_student_workouts,authenticated.execute,LOCAL_ONLY,critical,20260730090000_student_identity_contract.sql,present,absent,"Function grant exists locally but not in remote evidence. CSV lacks function arguments/specific_name, so overload match is partial.",PARTIAL_ROUTINE_NAME_ONLY,Remote privilege differs from local baseline/grant contract.,"Classify platform role versus application role, then reconcile grants.",true,true,PENDING_MANUAL_REVIEW
P1,REVIEW_REQUIRED,LOW,function_grant,public,get_my_student_workouts,postgres.execute,LOCAL_ONLY,critical,20260730090000_student_identity_contract.sql,present,absent,"Function grant exists locally but not in remote evidence. CSV lacks function arguments/specific_name, so overload match is partial.",PARTIAL_ROUTINE_NAME_ONLY,Remote privilege differs from local baseline/grant contract.,"Classify platform role versus application role, then reconcile grants.",true,true,PENDING_MANUAL_REVIEW
P1,REVIEW_REQUIRED,LOW,function_grant,public,vincular_aluno_usuario,authenticated.execute,LOCAL_ONLY,critical,20260730090000_student_identity_contract.sql,present,absent,"Function grant exists locally but not in remote evidence. CSV lacks function arguments/specific_name, so overload match is partial.",PARTIAL_ROUTINE_NAME_ONLY,Remote privilege differs from local baseline/grant contract.,"Classify platform role versus application role, then reconcile grants.",true,true,PENDING_MANUAL_REVIEW
P1,REVIEW_REQUIRED,LOW,function_grant,public,vincular_aluno_usuario,postgres.execute,LOCAL_ONLY,critical,20260730090000_student_identity_contract.sql,present,absent,"Function grant exists locally but not in remote evidence. CSV lacks function arguments/specific_name, so overload match is partial.",PARTIAL_ROUTINE_NAME_ONLY,Remote privilege differs from local baseline/grant contract.,"Classify platform role versus application role, then reconcile grants.",true,true,PENDING_MANUAL_REVIEW
P1,LOW,REVIEW_REQUIRED,index,public,alunos,alunos_student_user_id_idx,LOCAL_ONLY,critical,20260730090000_student_identity_contract.sql,present,absent,Object exists locally but not in remote evidence.,CATALOG_CSV_AND_LOCAL_CATALOG,Schema contract differs after safe normalization.,Review object-specific diff and design incremental reconciliation only after evidence collection.,true,true,PENDING_MANUAL_REVIEW
P1,LOW,REVIEW_REQUIRED,index,public,alunos,alunos_student_user_id_uidx,LOCAL_ONLY,critical,20260730090000_student_identity_contract.sql,present,absent,Object exists locally but not in remote evidence.,CATALOG_CSV_AND_LOCAL_CATALOG,Schema contract differs after safe normalization.,Review object-specific diff and design incremental reconciliation only after evidence collection.,true,true,PENDING_MANUAL_REVIEW
P2,REVIEW_REQUIRED,HIGH,constraint,public,perfis,perfis_role_check,MATERIAL_DIFFERENCE,critical,"constraint_type: local_raw=c remote_raw=c local_norm=CHECK remote_norm=CHECK local_hash=ce413a3 remote_hash=ce413a3; definition: local_raw=CHECK ((role = ANY (ARRAY['admin'::text, 'user'::text, 'student'::text]))) remote_raw=CHECK (role = ANY (ARRAY['admin'::text, 'user'::text])) local_norm=check(role = any (array['admin', 'student', 'user'])) remote_norm=check(role = any (array['admin', 'user'])) local_hash=9bb295c4 remote_hash=1e5d0703",present,present,Constraint drift is material; review before reconciliation.,CATALOG_CSV_AND_LOCAL_CATALOG,Material constraint expression remains different after safe normalization.,Review object-specific diff and design incremental reconciliation only after evidence collection.,true,true,PENDING_MANUAL_REVIEW
P2,LOW,HIGH,constraint,public,treino_eventos,treino_eventos_metadata_object_check,MATERIAL_DIFFERENCE,critical,constraint_type: local_raw=c remote_raw=c local_norm=CHECK remote_norm=CHECK local_hash=ce413a3 remote_hash=ce413a3; definition: local_raw=CHECK (((metadata IS NULL) OR (jsonb_typeof(metadata) = 'object'::text))) remote_raw=CHECK (metadata IS NULL OR jsonb_typeof(metadata) = 'object'::text) local_norm=check((metadata is null) or (jsonb_typeof(metadata) = 'object')) remote_norm=check(metadata is null or jsonb_typeof(metadata) = 'object') local_hash=58e03bf5 remote_hash=3f3519b3,present,present,Constraint drift is material; review before reconciliation.,CATALOG_CSV_AND_LOCAL_CATALOG,Material constraint expression remains different after safe normalization.,Review object-specific diff and design incremental reconciliation only after evidence collection.,true,true,PENDING_MANUAL_REVIEW
P2,LOW,HIGH,constraint,public,treinos,treinos_lifecycle_dates_check,MATERIAL_DIFFERENCE,critical,constraint_type: local_raw=c remote_raw=c local_norm=CHECK remote_norm=CHECK local_hash=ce413a3 remote_hash=ce413a3; definition: local_raw=[len 228 hash e2ce4c0d] remote_raw=[len 214 hash b7bd6916] local_norm=[len 207 hash d24d5831] remote_norm=[len 195 hash e94a5a8b] local_hash=d24d5831 remote_hash=e94a5a8b,present,present,Constraint drift is material; review before reconciliation.,CATALOG_CSV_AND_LOCAL_CATALOG,Material constraint expression remains different after safe normalization.,Review object-specific diff and design incremental reconciliation only after evidence collection.,true,true,PENDING_MANUAL_REVIEW
P2,LOW,HIGH,constraint,public,treinos,treinos_template_origin_snapshot_object_check,MATERIAL_DIFFERENCE,critical,constraint_type: local_raw=c remote_raw=c local_norm=CHECK remote_norm=CHECK local_hash=ce413a3 remote_hash=ce413a3; definition: local_raw=CHECK (((template_origin_snapshot IS NULL) OR (jsonb_typeof(template_origin_snapshot) = 'object'::text))) remote_raw=CHECK (template_origin_snapshot IS NULL OR jsonb_typeof(template_origin_snapshot) = 'object'::text) local_norm=check((template_origin_snapshot is null) or (jsonb_typeof(template_origin_snapshot) = 'object')) remote_norm=check(template_origin_snapshot is null or jsonb_typeof(template_origin_snapshot) = 'object') local_hash=14b1ccf7 remote_hash=27839835,present,present,Constraint drift is material; review before reconciliation.,CATALOG_CSV_AND_LOCAL_CATALOG,Material constraint expression remains different after safe normalization.,Review object-specific diff and design incremental reconciliation only after evidence collection.,true,true,PENDING_MANUAL_REVIEW
P2,LOW,HIGH,constraint,public,treinos,treinos_template_origin_type_check,MATERIAL_DIFFERENCE,critical,"constraint_type: local_raw=c remote_raw=c local_norm=CHECK remote_norm=CHECK local_hash=ce413a3 remote_hash=ce413a3; definition: local_raw=CHECK (((template_origin_type IS NULL) OR (template_origin_type = ANY (ARRAY['official'::text, 'personal'::text])))) remote_raw=CHECK (template_origin_type IS NULL OR (template_origin_type = ANY (ARRAY['official'::text, 'personal'::text]))) local_norm=check((template_origin_type is null) or (template_origin_type = any (array['official', 'personal']))) remote_norm=check(template_origin_type is null or (template_origin_type = any (array['official', 'personal']))) local_hash=de5ddaac remote_hash=aac7151b",present,present,Constraint drift is material; review before reconciliation.,CATALOG_CSV_AND_LOCAL_CATALOG,Material constraint expression remains different after safe normalization.,Review object-specific diff and design incremental reconciliation only after evidence collection.,true,true,PENDING_MANUAL_REVIEW
P2,REVIEW_REQUIRED,LOW,function,public,aoe_idempotency_get_or_create,"p_id text, p_actor_id uuid, p_organization_id uuid, p_operation text, p_idempotency_key text, p_request_fingerprint text",BODY_DIFFERENT,critical,return_type: local_raw=jsonb remote_raw=jsonb local_norm=jsonb remote_norm=jsonb local_hash=fbe1be1 remote_hash=fbe1be1; security_definer: local_raw=true remote_raw=true local_norm=true remote_norm=true local_hash=7c9e9fe5 remote_hash=7c9e9fe5; volatility: local_raw=VOLATILE remote_raw=v local_norm=VOLATILE remote_norm=VOLATILE local_hash=51192625 remote_hash=51192625; definition: local_raw=[len 1087 hash 28872e48] remote_raw=[len 950 hash 2f57b34e] local_norm=[len 961 hash d608c583] remote_norm=[len 802 hash 3c58f6f8] local_hash=d608c583 remote_hash=3c58f6f8,present,present,Function body normalized hash differs.,CATALOG_CSV_AND_LOCAL_CATALOG,Schema contract differs after safe normalization.,Review object-specific diff and design incremental reconciliation only after evidence collection.,true,true,PENDING_MANUAL_REVIEW
P2,REVIEW_REQUIRED,LOW,function,public,set_workout_templates_updated_at,,BODY_DIFFERENT,critical,return_type: local_raw=trigger remote_raw=trigger local_norm=trigger remote_norm=trigger local_hash=f6b58819 remote_hash=f6b58819; security_definer: local_raw=false remote_raw=false local_norm=false remote_norm=false local_hash=f6bcef0 remote_hash=f6bcef0; volatility: local_raw=VOLATILE remote_raw=v local_norm=VOLATILE remote_norm=VOLATILE local_hash=51192625 remote_hash=51192625; definition: local_raw=[len 209 hash 3079dcd4] remote_raw=[len 185 hash 6fa132d] local_norm=function set_workout_templates_updated_at() returns trigger  set search_path to 'public' as $ begin new.updated_at = now(); return new; end; $ remote_norm=function set_workout_templates_updated_at() returns trigger  as $ begin new.updated_at = now(); return new; end; $ local_hash=22ec5017 remote_hash=b0e0fcd9,present,present,Function body normalized hash differs.,CATALOG_CSV_AND_LOCAL_CATALOG,Schema contract differs after safe normalization.,Review object-specific diff and design incremental reconciliation only after evidence collection.,true,true,PENDING_MANUAL_REVIEW
P3,REVIEW_REQUIRED,LOW,function_grant,public,alterar_estado_treino,anon.execute,REMOTE_ONLY,critical,20260728030000_workout_delivery_integration_v1.sql,absent,present,"Function grant exists only in remote evidence. CSV lacks function arguments/specific_name, so overload match is partial.",PARTIAL_ROUTINE_NAME_ONLY,Remote privilege differs from local baseline/grant contract.,"Classify platform role versus application role, then reconcile grants.",false,true,PENDING_MANUAL_REVIEW
P3,REVIEW_REQUIRED,LOW,function_grant,public,alterar_estado_treino,authenticated.execute,PARTIALLY_VERIFIED,warning,20260728030000_workout_delivery_integration_v1.sql,present,present,routine_name-only grant match for authenticated.execute; overload signature not present in remote CSV.,PARTIAL_ROUTINE_NAME_ONLY,Remote CSV lacks function signature/specific_name.,Collect signature-aware read-only evidence.,false,true,PENDING_MANUAL_REVIEW
P3,REVIEW_REQUIRED,LOW,function_grant,public,alterar_estado_treino,postgres.execute,PARTIALLY_VERIFIED,warning,20260728030000_workout_delivery_integration_v1.sql,present,present,routine_name-only grant match for postgres.execute; overload signature not present in remote CSV.,PARTIAL_ROUTINE_NAME_ONLY,Remote CSV lacks function signature/specific_name.,Collect signature-aware read-only evidence.,false,true,PENDING_MANUAL_REVIEW
P3,REVIEW_REQUIRED,LOW,function_grant,public,alterar_estado_treino,service_role.execute,REMOTE_ONLY,warning,20260728030000_workout_delivery_integration_v1.sql,absent,present,"Function grant exists only in remote evidence. CSV lacks function arguments/specific_name, so overload match is partial.",PARTIAL_ROUTINE_NAME_ONLY,Remote privilege differs from local baseline/grant contract.,"Classify platform role versus application role, then reconcile grants.",false,true,PENDING_MANUAL_REVIEW
P3,REVIEW_REQUIRED,LOW,function_grant,public,aoe_idempotency_get_or_create,anon.execute,REMOTE_ONLY,critical,20260716090000_baseline_aruka_v1.sql,absent,present,"Function grant exists only in remote evidence. CSV lacks function arguments/specific_name, so overload match is partial.",PARTIAL_ROUTINE_NAME_ONLY,Remote privilege differs from local baseline/grant contract.,"Classify platform role versus application role, then reconcile grants.",false,true,PENDING_MANUAL_REVIEW
P3,REVIEW_REQUIRED,LOW,function_grant,public,aoe_idempotency_get_or_create,authenticated.execute,PARTIALLY_VERIFIED,warning,20260716090000_baseline_aruka_v1.sql,present,present,routine_name-only grant match for authenticated.execute; overload signature not present in remote CSV.,PARTIAL_ROUTINE_NAME_ONLY,Remote CSV lacks function signature/specific_name.,Collect signature-aware read-only evidence.,false,true,PENDING_MANUAL_REVIEW
P3,REVIEW_REQUIRED,LOW,function_grant,public,aoe_idempotency_get_or_create,postgres.execute,PARTIALLY_VERIFIED,warning,20260716090000_baseline_aruka_v1.sql,present,present,routine_name-only grant match for postgres.execute; overload signature not present in remote CSV.,PARTIAL_ROUTINE_NAME_ONLY,Remote CSV lacks function signature/specific_name.,Collect signature-aware read-only evidence.,false,true,PENDING_MANUAL_REVIEW
P3,REVIEW_REQUIRED,LOW,function_grant,public,aoe_idempotency_get_or_create,service_role.execute,PARTIALLY_VERIFIED,warning,20260716090000_baseline_aruka_v1.sql,present,present,routine_name-only grant match for service_role.execute; overload signature not present in remote CSV.,PARTIAL_ROUTINE_NAME_ONLY,Remote CSV lacks function signature/specific_name.,Collect signature-aware read-only evidence.,false,true,PENDING_MANUAL_REVIEW
P3,REVIEW_REQUIRED,LOW,function_grant,public,aoe_user_owns_student,anon.execute,REMOTE_ONLY,critical,20260716090000_baseline_aruka_v1.sql,absent,present,"Function grant exists only in remote evidence. CSV lacks function arguments/specific_name, so overload match is partial.",PARTIAL_ROUTINE_NAME_ONLY,Remote privilege differs from local baseline/grant contract.,"Classify platform role versus application role, then reconcile grants.",false,true,PENDING_MANUAL_REVIEW
P3,REVIEW_REQUIRED,LOW,function_grant,public,aoe_user_owns_student,authenticated.execute,PARTIALLY_VERIFIED,warning,20260716090000_baseline_aruka_v1.sql,present,present,routine_name-only grant match for authenticated.execute; overload signature not present in remote CSV.,PARTIAL_ROUTINE_NAME_ONLY,Remote CSV lacks function signature/specific_name.,Collect signature-aware read-only evidence.,false,true,PENDING_MANUAL_REVIEW
P3,REVIEW_REQUIRED,LOW,function_grant,public,aoe_user_owns_student,postgres.execute,PARTIALLY_VERIFIED,warning,20260716090000_baseline_aruka_v1.sql,present,present,routine_name-only grant match for postgres.execute; overload signature not present in remote CSV.,PARTIAL_ROUTINE_NAME_ONLY,Remote CSV lacks function signature/specific_name.,Collect signature-aware read-only evidence.,false,true,PENDING_MANUAL_REVIEW
P3,REVIEW_REQUIRED,LOW,function_grant,public,aoe_user_owns_student,service_role.execute,PARTIALLY_VERIFIED,warning,20260716090000_baseline_aruka_v1.sql,present,present,routine_name-only grant match for service_role.execute; overload signature not present in remote CSV.,PARTIAL_ROUTINE_NAME_ONLY,Remote CSV lacks function signature/specific_name.,Collect signature-aware read-only evidence.,false,true,PENDING_MANUAL_REVIEW
P3,REVIEW_REQUIRED,LOW,function_grant,public,entregar_treino,anon.execute,REMOTE_ONLY,critical,20260728030000_workout_delivery_integration_v1.sql,absent,present,"Function grant exists only in remote evidence. CSV lacks function arguments/specific_name, so overload match is partial.",PARTIAL_ROUTINE_NAME_ONLY,Remote privilege differs from local baseline/grant contract.,"Classify platform role versus application role, then reconcile grants.",false,true,PENDING_MANUAL_REVIEW
P3,REVIEW_REQUIRED,LOW,function_grant,public,entregar_treino,authenticated.execute,PARTIALLY_VERIFIED,warning,20260728030000_workout_delivery_integration_v1.sql,present,present,routine_name-only grant match for authenticated.execute; overload signature not present in remote CSV.,PARTIAL_ROUTINE_NAME_ONLY,Remote CSV lacks function signature/specific_name.,Collect signature-aware read-only evidence.,false,true,PENDING_MANUAL_REVIEW
P3,REVIEW_REQUIRED,LOW,function_grant,public,entregar_treino,postgres.execute,PARTIALLY_VERIFIED,warning,20260728030000_workout_delivery_integration_v1.sql,present,present,routine_name-only grant match for postgres.execute; overload signature not present in remote CSV.,PARTIAL_ROUTINE_NAME_ONLY,Remote CSV lacks function signature/specific_name.,Collect signature-aware read-only evidence.,false,true,PENDING_MANUAL_REVIEW
P3,REVIEW_REQUIRED,LOW,function_grant,public,entregar_treino,service_role.execute,REMOTE_ONLY,warning,20260728030000_workout_delivery_integration_v1.sql,absent,present,"Function grant exists only in remote evidence. CSV lacks function arguments/specific_name, so overload match is partial.",PARTIAL_ROUTINE_NAME_ONLY,Remote privilege differs from local baseline/grant contract.,"Classify platform role versus application role, then reconcile grants.",false,true,PENDING_MANUAL_REVIEW
P3,REVIEW_REQUIRED,LOW,function_grant,public,processar_encerramento_automatico_aluno,postgres.execute,PARTIALLY_VERIFIED,warning,20260716090000_baseline_aruka_v1.sql,present,present,routine_name-only grant match for postgres.execute; overload signature not present in remote CSV.,PARTIAL_ROUTINE_NAME_ONLY,Remote CSV lacks function signature/specific_name.,Collect signature-aware read-only evidence.,false,true,PENDING_MANUAL_REVIEW
P3,REVIEW_REQUIRED,LOW,function_grant,public,processar_encerramento_automatico_aluno,service_role.execute,PARTIALLY_VERIFIED,warning,20260716090000_baseline_aruka_v1.sql,present,present,routine_name-only grant match for service_role.execute; overload signature not present in remote CSV.,PARTIAL_ROUTINE_NAME_ONLY,Remote CSV lacks function signature/specific_name.,Collect signature-aware read-only evidence.,false,true,PENDING_MANUAL_REVIEW
P3,REVIEW_REQUIRED,LOW,function_grant,public,salvar_treino_composto,anon.execute,REMOTE_ONLY,critical,20260728030000_workout_delivery_integration_v1.sql,absent,present,"Function grant exists only in remote evidence. CSV lacks function arguments/specific_name, so overload match is partial.",PARTIAL_ROUTINE_NAME_ONLY,Remote privilege differs from local baseline/grant contract.,"Classify platform role versus application role, then reconcile grants.",false,true,PENDING_MANUAL_REVIEW
P3,REVIEW_REQUIRED,LOW,function_grant,public,salvar_treino_composto,authenticated.execute,PARTIALLY_VERIFIED,warning,20260728030000_workout_delivery_integration_v1.sql,present,present,routine_name-only grant match for authenticated.execute; overload signature not present in remote CSV.,PARTIAL_ROUTINE_NAME_ONLY,Remote CSV lacks function signature/specific_name.,Collect signature-aware read-only evidence.,false,true,PENDING_MANUAL_REVIEW
P3,REVIEW_REQUIRED,LOW,function_grant,public,salvar_treino_composto,postgres.execute,PARTIALLY_VERIFIED,warning,20260728030000_workout_delivery_integration_v1.sql,present,present,routine_name-only grant match for postgres.execute; overload signature not present in remote CSV.,PARTIAL_ROUTINE_NAME_ONLY,Remote CSV lacks function signature/specific_name.,Collect signature-aware read-only evidence.,false,true,PENDING_MANUAL_REVIEW
P3,REVIEW_REQUIRED,LOW,function_grant,public,salvar_treino_composto,service_role.execute,REMOTE_ONLY,warning,20260728030000_workout_delivery_integration_v1.sql,absent,present,"Function grant exists only in remote evidence. CSV lacks function arguments/specific_name, so overload match is partial.",PARTIAL_ROUTINE_NAME_ONLY,Remote privilege differs from local baseline/grant contract.,"Classify platform role versus application role, then reconcile grants.",false,true,PENDING_MANUAL_REVIEW
P3,REVIEW_REQUIRED,LOW,function_grant,public,set_workout_templates_updated_at,anon.execute,REMOTE_ONLY,critical,20260716090000_baseline_aruka_v1.sql,absent,present,"Function grant exists only in remote evidence. CSV lacks function arguments/specific_name, so overload match is partial.",PARTIAL_ROUTINE_NAME_ONLY,Remote privilege differs from local baseline/grant contract.,"Classify platform role versus application role, then reconcile grants.",false,true,PENDING_MANUAL_REVIEW
P3,REVIEW_REQUIRED,LOW,function_grant,public,set_workout_templates_updated_at,authenticated.execute,REMOTE_ONLY,warning,20260716090000_baseline_aruka_v1.sql,absent,present,"Function grant exists only in remote evidence. CSV lacks function arguments/specific_name, so overload match is partial.",PARTIAL_ROUTINE_NAME_ONLY,Remote privilege differs from local baseline/grant contract.,"Classify platform role versus application role, then reconcile grants.",false,true,PENDING_MANUAL_REVIEW
P3,REVIEW_REQUIRED,LOW,function_grant,public,set_workout_templates_updated_at,postgres.execute,PARTIALLY_VERIFIED,warning,20260716090000_baseline_aruka_v1.sql,present,present,routine_name-only grant match for postgres.execute; overload signature not present in remote CSV.,PARTIAL_ROUTINE_NAME_ONLY,Remote CSV lacks function signature/specific_name.,Collect signature-aware read-only evidence.,false,true,PENDING_MANUAL_REVIEW
P3,REVIEW_REQUIRED,LOW,function_grant,public,set_workout_templates_updated_at,service_role.execute,PARTIALLY_VERIFIED,warning,20260716090000_baseline_aruka_v1.sql,present,present,routine_name-only grant match for service_role.execute; overload signature not present in remote CSV.,PARTIAL_ROUTINE_NAME_ONLY,Remote CSV lacks function signature/specific_name.,Collect signature-aware read-only evidence.,false,true,PENDING_MANUAL_REVIEW
P3,HIGH,REVIEW_REQUIRED,policy,public,alunos,Usuário cadastra seus alunos,REMOTE_ONLY,critical,20260716090000_baseline_aruka_v1.sql,absent,present,Object exists only in remote evidence.,CATALOG_CSV_AND_LOCAL_CATALOG,Schema contract differs after safe normalization.,Review object-specific diff and design incremental reconciliation only after evidence collection.,false,true,PENDING_MANUAL_REVIEW
P3,HIGH,REVIEW_REQUIRED,policy,public,alunos,Usuário edita seus alunos,REMOTE_ONLY,critical,20260716090000_baseline_aruka_v1.sql,absent,present,Object exists only in remote evidence.,CATALOG_CSV_AND_LOCAL_CATALOG,Schema contract differs after safe normalization.,Review object-specific diff and design incremental reconciliation only after evidence collection.,false,true,PENDING_MANUAL_REVIEW
P3,HIGH,REVIEW_REQUIRED,policy,public,alunos,Usuário exclui seus alunos,REMOTE_ONLY,critical,20260716090000_baseline_aruka_v1.sql,absent,present,Object exists only in remote evidence.,CATALOG_CSV_AND_LOCAL_CATALOG,Schema contract differs after safe normalization.,Review object-specific diff and design incremental reconciliation only after evidence collection.,false,true,PENDING_MANUAL_REVIEW
P3,HIGH,REVIEW_REQUIRED,policy,public,alunos,Usuário vê apenas seus alunos,REMOTE_ONLY,critical,20260716090000_baseline_aruka_v1.sql,absent,present,Object exists only in remote evidence.,CATALOG_CSV_AND_LOCAL_CATALOG,Schema contract differs after safe normalization.,Review object-specific diff and design incremental reconciliation only after evidence collection.,false,true,PENDING_MANUAL_REVIEW
P3,HIGH,REVIEW_REQUIRED,policy,public,alunos,Usuarios podem atualizar seus alunos,LOCAL_ONLY,critical,20260716090000_baseline_aruka_v1.sql,present,absent,Object exists locally but not in remote evidence.,CATALOG_CSV_AND_LOCAL_CATALOG,Schema contract differs after safe normalization.,Review object-specific diff and design incremental reconciliation only after evidence collection.,true,true,PENDING_MANUAL_REVIEW
P3,HIGH,REVIEW_REQUIRED,policy,public,alunos,Usuarios podem cadastrar seus alunos,LOCAL_ONLY,critical,20260716090000_baseline_aruka_v1.sql,present,absent,Object exists locally but not in remote evidence.,CATALOG_CSV_AND_LOCAL_CATALOG,Schema contract differs after safe normalization.,Review object-specific diff and design incremental reconciliation only after evidence collection.,true,true,PENDING_MANUAL_REVIEW
P3,HIGH,REVIEW_REQUIRED,policy,public,alunos,Usuarios podem excluir seus alunos,LOCAL_ONLY,critical,20260716090000_baseline_aruka_v1.sql,present,absent,Object exists locally but not in remote evidence.,CATALOG_CSV_AND_LOCAL_CATALOG,Schema contract differs after safe normalization.,Review object-specific diff and design incremental reconciliation only after evidence collection.,true,true,PENDING_MANUAL_REVIEW
P3,HIGH,REVIEW_REQUIRED,policy,public,alunos,Usuarios podem listar seus alunos,LOCAL_ONLY,critical,20260716090000_baseline_aruka_v1.sql,present,absent,Object exists locally but not in remote evidence.,CATALOG_CSV_AND_LOCAL_CATALOG,Schema contract differs after safe normalization.,Review object-specific diff and design incremental reconciliation only after evidence collection.,true,true,PENDING_MANUAL_REVIEW
P3,REVIEW_REQUIRED,LOW,table_grant,public,aceites_legais,anon.SELECT,REMOTE_ONLY,critical,20260716090000_baseline_aruka_v1.sql,absent,present,Object exists only in remote evidence.,CATALOG_CSV_AND_LOCAL_CATALOG,Remote privilege differs from local baseline/grant contract.,"Classify platform role versus application role, then reconcile grants.",false,true,PENDING_MANUAL_REVIEW
P3,REVIEW_REQUIRED,REVIEW_REQUIRED,table_grant,public,acompanhamento_eventos,anon.SELECT,REMOTE_ONLY,critical,20260716090000_baseline_aruka_v1.sql,absent,present,Object exists only in remote evidence.,CATALOG_CSV_AND_LOCAL_CATALOG,Remote privilege differs from local baseline/grant contract.,"Classify platform role versus application role, then reconcile grants.",false,true,PENDING_MANUAL_REVIEW
P3,REVIEW_REQUIRED,REVIEW_REQUIRED,table_grant,public,alunos,anon.SELECT,REMOTE_ONLY,critical,20260716090000_baseline_aruka_v1.sql,absent,present,Object exists only in remote evidence.,CATALOG_CSV_AND_LOCAL_CATALOG,Remote privilege differs from local baseline/grant contract.,"Classify platform role versus application role, then reconcile grants.",false,true,PENDING_MANUAL_REVIEW
P3,REVIEW_REQUIRED,LOW,table_grant,public,anamneses,anon.SELECT,REMOTE_ONLY,critical,20260716090000_baseline_aruka_v1.sql,absent,present,Object exists only in remote evidence.,CATALOG_CSV_AND_LOCAL_CATALOG,Remote privilege differs from local baseline/grant contract.,"Classify platform role versus application role, then reconcile grants.",false,true,PENDING_MANUAL_REVIEW
P3,REVIEW_REQUIRED,LOW,table_grant,public,aoe_audit_events,anon.SELECT,REMOTE_ONLY,critical,20260716090000_baseline_aruka_v1.sql,absent,present,Object exists only in remote evidence.,CATALOG_CSV_AND_LOCAL_CATALOG,Remote privilege differs from local baseline/grant contract.,"Classify platform role versus application role, then reconcile grants.",false,true,PENDING_MANUAL_REVIEW
P3,REVIEW_REQUIRED,LOW,table_grant,public,aoe_decision_traces,anon.SELECT,REMOTE_ONLY,critical,20260716090000_baseline_aruka_v1.sql,absent,present,Object exists only in remote evidence.,CATALOG_CSV_AND_LOCAL_CATALOG,Remote privilege differs from local baseline/grant contract.,"Classify platform role versus application role, then reconcile grants.",false,true,PENDING_MANUAL_REVIEW
P3,REVIEW_REQUIRED,LOW,table_grant,public,aoe_decisions,anon.SELECT,REMOTE_ONLY,critical,20260716090000_baseline_aruka_v1.sql,absent,present,Object exists only in remote evidence.,CATALOG_CSV_AND_LOCAL_CATALOG,Remote privilege differs from local baseline/grant contract.,"Classify platform role versus application role, then reconcile grants.",false,true,PENDING_MANUAL_REVIEW
P3,REVIEW_REQUIRED,LOW,table_grant,public,aoe_human_reviews,anon.SELECT,REMOTE_ONLY,critical,20260716090000_baseline_aruka_v1.sql,absent,present,Object exists only in remote evidence.,CATALOG_CSV_AND_LOCAL_CATALOG,Remote privilege differs from local baseline/grant contract.,"Classify platform role versus application role, then reconcile grants.",false,true,PENDING_MANUAL_REVIEW
P3,REVIEW_REQUIRED,LOW,table_grant,public,aoe_idempotency_keys,anon.SELECT,REMOTE_ONLY,critical,20260716090000_baseline_aruka_v1.sql,absent,present,Object exists only in remote evidence.,CATALOG_CSV_AND_LOCAL_CATALOG,Remote privilege differs from local baseline/grant contract.,"Classify platform role versus application role, then reconcile grants.",false,true,PENDING_MANUAL_REVIEW
P3,REVIEW_REQUIRED,REVIEW_REQUIRED,table_grant,public,assinaturas,anon.SELECT,REMOTE_ONLY,critical,20260716090000_baseline_aruka_v1.sql,absent,present,Object exists only in remote evidence.,CATALOG_CSV_AND_LOCAL_CATALOG,Remote privilege differs from local baseline/grant contract.,"Classify platform role versus application role, then reconcile grants.",false,true,PENDING_MANUAL_REVIEW
P3,REVIEW_REQUIRED,LOW,table_grant,public,avaliacoes,anon.SELECT,REMOTE_ONLY,critical,20260716090000_baseline_aruka_v1.sql,absent,present,Object exists only in remote evidence.,CATALOG_CSV_AND_LOCAL_CATALOG,Remote privilege differs from local baseline/grant contract.,"Classify platform role versus application role, then reconcile grants.",false,true,PENDING_MANUAL_REVIEW
P3,REVIEW_REQUIRED,REVIEW_REQUIRED,table_grant,public,pagamentos,anon.SELECT,REMOTE_ONLY,critical,20260716090000_baseline_aruka_v1.sql,absent,present,Object exists only in remote evidence.,CATALOG_CSV_AND_LOCAL_CATALOG,Remote privilege differs from local baseline/grant contract.,"Classify platform role versus application role, then reconcile grants.",false,true,PENDING_MANUAL_REVIEW
P3,REVIEW_REQUIRED,LOW,table_grant,public,perfis,anon.SELECT,REMOTE_ONLY,critical,20260716090000_baseline_aruka_v1.sql,absent,present,Object exists only in remote evidence.,CATALOG_CSV_AND_LOCAL_CATALOG,Remote privilege differs from local baseline/grant contract.,"Classify platform role versus application role, then reconcile grants.",false,true,PENDING_MANUAL_REVIEW
P3,REVIEW_REQUIRED,REVIEW_REQUIRED,table_grant,public,planos,anon.SELECT,REMOTE_ONLY,critical,20260716090000_baseline_aruka_v1.sql,absent,present,Object exists only in remote evidence.,CATALOG_CSV_AND_LOCAL_CATALOG,Remote privilege differs from local baseline/grant contract.,"Classify platform role versus application role, then reconcile grants.",false,true,PENDING_MANUAL_REVIEW
P3,REVIEW_REQUIRED,LOW,table_grant,public,treino_dias,anon.SELECT,REMOTE_ONLY,critical,20260716090000_baseline_aruka_v1.sql,absent,present,Object exists only in remote evidence.,CATALOG_CSV_AND_LOCAL_CATALOG,Remote privilege differs from local baseline/grant contract.,"Classify platform role versus application role, then reconcile grants.",false,true,PENDING_MANUAL_REVIEW
P3,REVIEW_REQUIRED,LOW,table_grant,public,treino_eventos,service_role.DELETE,REMOTE_ONLY,critical,20260728030000_workout_delivery_integration_v1.sql,absent,present,Object exists only in remote evidence.,CATALOG_CSV_AND_LOCAL_CATALOG,Remote privilege differs from local baseline/grant contract.,"Classify platform role versus application role, then reconcile grants.",false,true,PENDING_MANUAL_REVIEW
P3,REVIEW_REQUIRED,LOW,table_grant,public,treino_eventos,service_role.INSERT,REMOTE_ONLY,critical,20260728030000_workout_delivery_integration_v1.sql,absent,present,Object exists only in remote evidence.,CATALOG_CSV_AND_LOCAL_CATALOG,Remote privilege differs from local baseline/grant contract.,"Classify platform role versus application role, then reconcile grants.",false,true,PENDING_MANUAL_REVIEW
P3,REVIEW_REQUIRED,LOW,table_grant,public,treino_eventos,service_role.SELECT,REMOTE_ONLY,critical,20260728030000_workout_delivery_integration_v1.sql,absent,present,Object exists only in remote evidence.,CATALOG_CSV_AND_LOCAL_CATALOG,Remote privilege differs from local baseline/grant contract.,"Classify platform role versus application role, then reconcile grants.",false,true,PENDING_MANUAL_REVIEW
P3,REVIEW_REQUIRED,LOW,table_grant,public,treino_eventos,service_role.UPDATE,REMOTE_ONLY,critical,20260728030000_workout_delivery_integration_v1.sql,absent,present,Object exists only in remote evidence.,CATALOG_CSV_AND_LOCAL_CATALOG,Remote privilege differs from local baseline/grant contract.,"Classify platform role versus application role, then reconcile grants.",false,true,PENDING_MANUAL_REVIEW
P3,REVIEW_REQUIRED,LOW,table_grant,public,treino_exercicios,anon.SELECT,REMOTE_ONLY,critical,20260716090000_baseline_aruka_v1.sql,absent,present,Object exists only in remote evidence.,CATALOG_CSV_AND_LOCAL_CATALOG,Remote privilege differs from local baseline/grant contract.,"Classify platform role versus application role, then reconcile grants.",false,true,PENDING_MANUAL_REVIEW
P3,REVIEW_REQUIRED,LOW,table_grant,public,treinos,anon.SELECT,REMOTE_ONLY,critical,20260716090000_baseline_aruka_v1.sql,absent,present,Object exists only in remote evidence.,CATALOG_CSV_AND_LOCAL_CATALOG,Remote privilege differs from local baseline/grant contract.,"Classify platform role versus application role, then reconcile grants.",false,true,PENDING_MANUAL_REVIEW
P3,REVIEW_REQUIRED,LOW,table_grant,public,workout_templates,anon.SELECT,REMOTE_ONLY,critical,20260716090000_baseline_aruka_v1.sql,absent,present,Object exists only in remote evidence.,CATALOG_CSV_AND_LOCAL_CATALOG,Remote privilege differs from local baseline/grant contract.,"Classify platform role versus application role, then reconcile grants.",false,true,PENDING_MANUAL_REVIEW
