category,schema,object,subobject,local_state,remote_state,status,severity,source_migration,details,recommended_action
column,public,aceites_legais,aceito_em,present,present,EQUIVALENT,info,data_type: local_raw=timestamp with time zone remote_raw=timestamp with time zone local_norm=timestamptz remote_norm=timestamptz local_hash=7acf37c7 remote_hash=7acf37c7; udt_name: local_raw=timestamptz remote_raw=timestamptz local_norm=timestamptz remote_norm=timestamptz local_hash=7acf37c7 remote_hash=7acf37c7; is_nullable: local_raw=YES remote_raw=YES local_norm=YES remote_norm=YES local_hash=b8836b6 remote_hash=b8836b6; column_default: local_raw=<null> remote_raw=null local_norm=null remote_norm=null local_hash=7c9b6140 remote_hash=7c9b6140; ordinal_position: local_raw=7 remote_raw=7 local_norm=7 remote_norm=7 local_hash=2b5dc remote_hash=2b5dc,No action.,20260716090000_baseline_aruka_v1.sql
column,public,aceites_legais,created_at,present,present,EQUIVALENT,info,data_type: local_raw=timestamp with time zone remote_raw=timestamp with time zone local_norm=timestamptz remote_norm=timestamptz local_hash=7acf37c7 remote_hash=7acf37c7; udt_name: local_raw=timestamptz remote_raw=timestamptz local_norm=timestamptz remote_norm=timestamptz local_hash=7acf37c7 remote_hash=7acf37c7; is_nullable: local_raw=NO remote_raw=NO local_norm=NO remote_norm=NO local_hash=5974a2 remote_hash=5974a2; column_default: local_raw=now() remote_raw=now() local_norm=now() remote_norm=now() local_hash=1004652a remote_hash=1004652a; ordinal_position: local_raw=10 remote_raw=10 local_norm=10 remote_norm=10 local_hash=5970c6 remote_hash=5970c6,No action.,20260716090000_baseline_aruka_v1.sql
column,public,aceites_legais,id,present,present,EQUIVALENT,info,data_type: local_raw=uuid remote_raw=uuid local_norm=uuid remote_norm=uuid local_hash=7c9f377c remote_hash=7c9f377c; udt_name: local_raw=uuid remote_raw=uuid local_norm=uuid remote_norm=uuid local_hash=7c9f377c remote_hash=7c9f377c; is_nullable: local_raw=NO remote_raw=NO local_norm=NO remote_norm=NO local_hash=5974a2 remote_hash=5974a2; column_default: local_raw=gen_random_uuid() remote_raw=gen_random_uuid() local_norm=gen_random_uuid() remote_norm=gen_random_uuid() local_hash=e283166 remote_hash=e283166; ordinal_position: local_raw=1 remote_raw=1 local_norm=1 remote_norm=1 local_hash=2b5d6 remote_hash=2b5d6,No action.,20260716090000_baseline_aruka_v1.sql
column,public,aceites_legais,ip,present,present,EQUIVALENT,info,data_type: local_raw=text remote_raw=text local_norm=text remote_norm=text local_hash=7c9e690a remote_hash=7c9e690a; udt_name: local_raw=text remote_raw=text local_norm=text remote_norm=text local_hash=7c9e690a remote_hash=7c9e690a; is_nullable: local_raw=YES remote_raw=YES local_norm=YES remote_norm=YES local_hash=b8836b6 remote_hash=b8836b6; column_default: local_raw=<null> remote_raw=null local_norm=null remote_norm=null local_hash=7c9b6140 remote_hash=7c9b6140; ordinal_position: local_raw=8 remote_raw=8 local_norm=8 remote_norm=8 local_hash=2b5dd remote_hash=2b5dd,No action.,20260716090000_baseline_aruka_v1.sql
column,public,aceites_legais,politica_aceita,present,present,EQUIVALENT,info,data_type: local_raw=boolean remote_raw=boolean local_norm=bool remote_norm=bool local_hash=7c94b391 remote_hash=7c94b391; udt_name: local_raw=bool remote_raw=bool local_norm=bool remote_norm=bool local_hash=7c94b391 remote_hash=7c94b391; is_nullable: local_raw=NO remote_raw=NO local_norm=NO remote_norm=NO local_hash=5974a2 remote_hash=5974a2; column_default: local_raw=false remote_raw=false local_norm=false remote_norm=false local_hash=f6bcef0 remote_hash=f6bcef0; ordinal_position: local_raw=5 remote_raw=5 local_norm=5 remote_norm=5 local_hash=2b5da remote_hash=2b5da,No action.,20260716090000_baseline_aruka_v1.sql
column,public,aceites_legais,politica_versao,present,present,EQUIVALENT,info,data_type: local_raw=text remote_raw=text local_norm=text remote_norm=text local_hash=7c9e690a remote_hash=7c9e690a; udt_name: local_raw=text remote_raw=text local_norm=text remote_norm=text local_hash=7c9e690a remote_hash=7c9e690a; is_nullable: local_raw=NO remote_raw=NO local_norm=NO remote_norm=NO local_hash=5974a2 remote_hash=5974a2; column_default: local_raw=<null> remote_raw=null local_norm=null remote_norm=null local_hash=7c9b6140 remote_hash=7c9b6140; ordinal_position: local_raw=3 remote_raw=3 local_norm=3 remote_norm=3 local_hash=2b5d8 remote_hash=2b5d8,No action.,20260716090000_baseline_aruka_v1.sql
column,public,aceites_legais,termos_aceitos,present,present,EQUIVALENT,info,data_type: local_raw=boolean remote_raw=boolean local_norm=bool remote_norm=bool local_hash=7c94b391 remote_hash=7c94b391; udt_name: local_raw=bool remote_raw=bool local_norm=bool remote_norm=bool local_hash=7c94b391 remote_hash=7c94b391; is_nullable: local_raw=NO remote_raw=NO local_norm=NO remote_norm=NO local_hash=5974a2 remote_hash=5974a2; column_default: local_raw=false remote_raw=false local_norm=false remote_norm=false local_hash=f6bcef0 remote_hash=f6bcef0; ordinal_position: local_raw=6 remote_raw=6 local_norm=6 remote_norm=6 local_hash=2b5db remote_hash=2b5db,No action.,20260716090000_baseline_aruka_v1.sql
column,public,aceites_legais,termos_versao,present,present,EQUIVALENT,info,data_type: local_raw=text remote_raw=text local_norm=text remote_norm=text local_hash=7c9e690a remote_hash=7c9e690a; udt_name: local_raw=text remote_raw=text local_norm=text remote_norm=text local_hash=7c9e690a remote_hash=7c9e690a; is_nullable: local_raw=NO remote_raw=NO local_norm=NO remote_norm=NO local_hash=5974a2 remote_hash=5974a2; column_default: local_raw=<null> remote_raw=null local_norm=null remote_norm=null local_hash=7c9b6140 remote_hash=7c9b6140; ordinal_position: local_raw=4 remote_raw=4 local_norm=4 remote_norm=4 local_hash=2b5d9 remote_hash=2b5d9,No action.,20260716090000_baseline_aruka_v1.sql
column,public,aceites_legais,user_agent,present,present,EQUIVALENT,info,data_type: local_raw=text remote_raw=text local_norm=text remote_norm=text local_hash=7c9e690a remote_hash=7c9e690a; udt_name: local_raw=text remote_raw=text local_norm=text remote_norm=text local_hash=7c9e690a remote_hash=7c9e690a; is_nullable: local_raw=YES remote_raw=YES local_norm=YES remote_norm=YES local_hash=b8836b6 remote_hash=b8836b6; column_default: local_raw=<null> remote_raw=null local_norm=null remote_norm=null local_hash=7c9b6140 remote_hash=7c9b6140; ordinal_position: local_raw=9 remote_raw=9 local_norm=9 remote_norm=9 local_hash=2b5de remote_hash=2b5de,No action.,20260716090000_baseline_aruka_v1.sql
column,public,aceites_legais,user_id,present,present,EQUIVALENT,info,data_type: local_raw=uuid remote_raw=uuid local_norm=uuid remote_norm=uuid local_hash=7c9f377c remote_hash=7c9f377c; udt_name: local_raw=uuid remote_raw=uuid local_norm=uuid remote_norm=uuid local_hash=7c9f377c remote_hash=7c9f377c; is_nullable: local_raw=NO remote_raw=NO local_norm=NO remote_norm=NO local_hash=5974a2 remote_hash=5974a2; column_default: local_raw=<null> remote_raw=null local_norm=null remote_norm=null local_hash=7c9b6140 remote_hash=7c9b6140; ordinal_position: local_raw=2 remote_raw=2 local_norm=2 remote_norm=2 local_hash=2b5d7 remote_hash=2b5d7,No action.,20260716090000_baseline_aruka_v1.sql
column,public,acompanhamento_eventos,aluno_id,present,present,EQUIVALENT,info,data_type: local_raw=uuid remote_raw=uuid local_norm=uuid remote_norm=uuid local_hash=7c9f377c remote_hash=7c9f377c; udt_name: local_raw=uuid remote_raw=uuid local_norm=uuid remote_norm=uuid local_hash=7c9f377c remote_hash=7c9f377c; is_nullable: local_raw=NO remote_raw=NO local_norm=NO remote_norm=NO local_hash=5974a2 remote_hash=5974a2; column_default: local_raw=<null> remote_raw=null local_norm=null remote_norm=null local_hash=7c9b6140 remote_hash=7c9b6140; ordinal_position: local_raw=3 remote_raw=3 local_norm=3 remote_norm=3 local_hash=2b5d8 remote_hash=2b5d8,No action.,20260716090000_baseline_aruka_v1.sql
column,public,acompanhamento_eventos,created_at,present,present,EQUIVALENT,info,data_type: local_raw=timestamp with time zone remote_raw=timestamp with time zone local_norm=timestamptz remote_norm=timestamptz local_hash=7acf37c7 remote_hash=7acf37c7; udt_name: local_raw=timestamptz remote_raw=timestamptz local_norm=timestamptz remote_norm=timestamptz local_hash=7acf37c7 remote_hash=7acf37c7; is_nullable: local_raw=NO remote_raw=NO local_norm=NO remote_norm=NO local_hash=5974a2 remote_hash=5974a2; column_default: local_raw=now() remote_raw=now() local_norm=now() remote_norm=now() local_hash=1004652a remote_hash=1004652a; ordinal_position: local_raw=14 remote_raw=14 local_norm=14 remote_norm=14 local_hash=5970ca remote_hash=5970ca,No action.,20260716090000_baseline_aruka_v1.sql
column,public,acompanhamento_eventos,event_key,present,present,EQUIVALENT,info,data_type: local_raw=text remote_raw=text local_norm=text remote_norm=text local_hash=7c9e690a remote_hash=7c9e690a; udt_name: local_raw=text remote_raw=text local_norm=text remote_norm=text local_hash=7c9e690a remote_hash=7c9e690a; is_nullable: local_raw=YES remote_raw=YES local_norm=YES remote_norm=YES local_hash=b8836b6 remote_hash=b8836b6; column_default: local_raw=<null> remote_raw=null local_norm=null remote_norm=null local_hash=7c9b6140 remote_hash=7c9b6140; ordinal_position: local_raw=13 remote_raw=13 local_norm=13 remote_norm=13 local_hash=5970c9 remote_hash=5970c9,No action.,20260716090000_baseline_aruka_v1.sql
column,public,acompanhamento_eventos,id,present,present,EQUIVALENT,info,data_type: local_raw=uuid remote_raw=uuid local_norm=uuid remote_norm=uuid local_hash=7c9f377c remote_hash=7c9f377c; udt_name: local_raw=uuid remote_raw=uuid local_norm=uuid remote_norm=uuid local_hash=7c9f377c remote_hash=7c9f377c; is_nullable: local_raw=NO remote_raw=NO local_norm=NO remote_norm=NO local_hash=5974a2 remote_hash=5974a2; column_default: local_raw=gen_random_uuid() remote_raw=gen_random_uuid() local_norm=gen_random_uuid() remote_norm=gen_random_uuid() local_hash=e283166 remote_hash=e283166; ordinal_position: local_raw=1 remote_raw=1 local_norm=1 remote_norm=1 local_hash=2b5d6 remote_hash=2b5d6,No action.,20260716090000_baseline_aruka_v1.sql
column,public,acompanhamento_eventos,metadata,present,present,EQUIVALENT,info,data_type: local_raw=jsonb remote_raw=jsonb local_norm=jsonb remote_norm=jsonb local_hash=fbe1be1 remote_hash=fbe1be1; udt_name: local_raw=jsonb remote_raw=jsonb local_norm=jsonb remote_norm=jsonb local_hash=fbe1be1 remote_hash=fbe1be1; is_nullable: local_raw=NO remote_raw=NO local_norm=NO remote_norm=NO local_hash=5974a2 remote_hash=5974a2; column_default: local_raw='{}'::jsonb remote_raw='{}'::jsonb local_norm='{}' remote_norm='{}' local_hash=7c748dcb remote_hash=7c748dcb; ordinal_position: local_raw=12 remote_raw=12 local_norm=12 remote_norm=12 local_hash=5970c8 remote_hash=5970c8,No action.,20260716090000_baseline_aruka_v1.sql
column,public,acompanhamento_eventos,motivo,present,present,EQUIVALENT,info,data_type: local_raw=text remote_raw=text local_norm=text remote_norm=text local_hash=7c9e690a remote_hash=7c9e690a; udt_name: local_raw=text remote_raw=text local_norm=text remote_norm=text local_hash=7c9e690a remote_hash=7c9e690a; is_nullable: local_raw=YES remote_raw=YES local_norm=YES remote_norm=YES local_hash=b8836b6 remote_hash=b8836b6; column_default: local_raw=<null> remote_raw=null local_norm=null remote_norm=null local_hash=7c9b6140 remote_hash=7c9b6140; ordinal_position: local_raw=6 remote_raw=6 local_norm=6 remote_norm=6 local_hash=2b5db remote_hash=2b5db,No action.,20260716090000_baseline_aruka_v1.sql
column,public,acompanhamento_eventos,motivo_detalhe,present,present,EQUIVALENT,info,data_type: local_raw=text remote_raw=text local_norm=text remote_norm=text local_hash=7c9e690a remote_hash=7c9e690a; udt_name: local_raw=text remote_raw=text local_norm=text remote_norm=text local_hash=7c9e690a remote_hash=7c9e690a; is_nullable: local_raw=YES remote_raw=YES local_norm=YES remote_norm=YES local_hash=b8836b6 remote_hash=b8836b6; column_default: local_raw=<null> remote_raw=null local_norm=null remote_norm=null local_hash=7c9b6140 remote_hash=7c9b6140; ordinal_position: local_raw=7 remote_raw=7 local_norm=7 remote_norm=7 local_hash=2b5dc remote_hash=2b5dc,No action.,20260716090000_baseline_aruka_v1.sql
column,public,acompanhamento_eventos,ocorrido_em,present,present,EQUIVALENT,info,data_type: local_raw=timestamp with time zone remote_raw=timestamp with time zone local_norm=timestamptz remote_norm=timestamptz local_hash=7acf37c7 remote_hash=7acf37c7; udt_name: local_raw=timestamptz remote_raw=timestamptz local_norm=timestamptz remote_norm=timestamptz local_hash=7acf37c7 remote_hash=7acf37c7; is_nullable: local_raw=NO remote_raw=NO local_norm=NO remote_norm=NO local_hash=5974a2 remote_hash=5974a2; column_default: local_raw=now() remote_raw=now() local_norm=now() remote_norm=now() local_hash=1004652a remote_hash=1004652a; ordinal_position: local_raw=5 remote_raw=5 local_norm=5 remote_norm=5 local_hash=2b5da remote_hash=2b5da,No action.,20260716090000_baseline_aruka_v1.sql
column,public,acompanhamento_eventos,plano_id,present,present,EQUIVALENT,info,data_type: local_raw=uuid remote_raw=uuid local_norm=uuid remote_norm=uuid local_hash=7c9f377c remote_hash=7c9f377c; udt_name: local_raw=uuid remote_raw=uuid local_norm=uuid remote_norm=uuid local_hash=7c9f377c remote_hash=7c9f377c; is_nullable: local_raw=YES remote_raw=YES local_norm=YES remote_norm=YES local_hash=b8836b6 remote_hash=b8836b6; column_default: local_raw=<null> remote_raw=null local_norm=null remote_norm=null local_hash=7c9b6140 remote_hash=7c9b6140; ordinal_position: local_raw=8 remote_raw=8 local_norm=8 remote_norm=8 local_hash=2b5dd remote_hash=2b5dd,No action.,20260716090000_baseline_aruka_v1.sql
column,public,acompanhamento_eventos,plano_nome,present,present,EQUIVALENT,info,data_type: local_raw=text remote_raw=text local_norm=text remote_norm=text local_hash=7c9e690a remote_hash=7c9e690a; udt_name: local_raw=text remote_raw=text local_norm=text remote_norm=text local_hash=7c9e690a remote_hash=7c9e690a; is_nullable: local_raw=YES remote_raw=YES local_norm=YES remote_norm=YES local_hash=b8836b6 remote_hash=b8836b6; column_default: local_raw=<null> remote_raw=null local_norm=null remote_norm=null local_hash=7c9b6140 remote_hash=7c9b6140; ordinal_position: local_raw=9 remote_raw=9 local_norm=9 remote_norm=9 local_hash=2b5de remote_hash=2b5de,No action.,20260716090000_baseline_aruka_v1.sql
column,public,acompanhamento_eventos,tipo,present,present,EQUIVALENT,info,data_type: local_raw=text remote_raw=text local_norm=text remote_norm=text local_hash=7c9e690a remote_hash=7c9e690a; udt_name: local_raw=text remote_raw=text local_norm=text remote_norm=text local_hash=7c9e690a remote_hash=7c9e690a; is_nullable: local_raw=NO remote_raw=NO local_norm=NO remote_norm=NO local_hash=5974a2 remote_hash=5974a2; column_default: local_raw=<null> remote_raw=null local_norm=null remote_norm=null local_hash=7c9b6140 remote_hash=7c9b6140; ordinal_position: local_raw=4 remote_raw=4 local_norm=4 remote_norm=4 local_hash=2b5d9 remote_hash=2b5d9,No action.,20260716090000_baseline_aruka_v1.sql
column,public,acompanhamento_eventos,user_id,present,present,EQUIVALENT,info,data_type: local_raw=uuid remote_raw=uuid local_norm=uuid remote_norm=uuid local_hash=7c9f377c remote_hash=7c9f377c; udt_name: local_raw=uuid remote_raw=uuid local_norm=uuid remote_norm=uuid local_hash=7c9f377c remote_hash=7c9f377c; is_nullable: local_raw=NO remote_raw=NO local_norm=NO remote_norm=NO local_hash=5974a2 remote_hash=5974a2; column_default: local_raw=<null> remote_raw=null local_norm=null remote_norm=null local_hash=7c9b6140 remote_hash=7c9b6140; ordinal_position: local_raw=2 remote_raw=2 local_norm=2 remote_norm=2 local_hash=2b5d7 remote_hash=2b5d7,No action.,20260716090000_baseline_aruka_v1.sql
column,public,acompanhamento_eventos,vencimento_anterior,present,present,EQUIVALENT,info,data_type: local_raw=date remote_raw=date local_norm=date remote_norm=date local_hash=7c959163 remote_hash=7c959163; udt_name: local_raw=date remote_raw=date local_norm=date remote_norm=date local_hash=7c959163 remote_hash=7c959163; is_nullable: local_raw=YES remote_raw=YES local_norm=YES remote_norm=YES local_hash=b8836b6 remote_hash=b8836b6; column_default: local_raw=<null> remote_raw=null local_norm=null remote_norm=null local_hash=7c9b6140 remote_hash=7c9b6140; ordinal_position: local_raw=10 remote_raw=10 local_norm=10 remote_norm=10 local_hash=5970c6 remote_hash=5970c6,No action.,20260716090000_baseline_aruka_v1.sql
column,public,acompanhamento_eventos,vencimento_novo,present,present,EQUIVALENT,info,data_type: local_raw=date remote_raw=date local_norm=date remote_norm=date local_hash=7c959163 remote_hash=7c959163; udt_name: local_raw=date remote_raw=date local_norm=date remote_norm=date local_hash=7c959163 remote_hash=7c959163; is_nullable: local_raw=YES remote_raw=YES local_norm=YES remote_norm=YES local_hash=b8836b6 remote_hash=b8836b6; column_default: local_raw=<null> remote_raw=null local_norm=null remote_norm=null local_hash=7c9b6140 remote_hash=7c9b6140; ordinal_position: local_raw=11 remote_raw=11 local_norm=11 remote_norm=11 local_hash=5970c7 remote_hash=5970c7,No action.,20260716090000_baseline_aruka_v1.sql
column,public,admin_logs,acao,present,present,EQUIVALENT,info,data_type: local_raw=text remote_raw=text local_norm=text remote_norm=text local_hash=7c9e690a remote_hash=7c9e690a; udt_name: local_raw=text remote_raw=text local_norm=text remote_norm=text local_hash=7c9e690a remote_hash=7c9e690a; is_nullable: local_raw=NO remote_raw=NO local_norm=NO remote_norm=NO local_hash=5974a2 remote_hash=5974a2; column_default: local_raw=<null> remote_raw=null local_norm=null remote_norm=null local_hash=7c9b6140 remote_hash=7c9b6140; ordinal_position: local_raw=4 remote_raw=4 local_norm=4 remote_norm=4 local_hash=2b5d9 remote_hash=2b5d9,No action.,20260716090000_baseline_aruka_v1.sql
column,public,admin_logs,admin_user_id,present,present,EQUIVALENT,info,data_type: local_raw=uuid remote_raw=uuid local_norm=uuid remote_norm=uuid local_hash=7c9f377c remote_hash=7c9f377c; udt_name: local_raw=uuid remote_raw=uuid local_norm=uuid remote_norm=uuid local_hash=7c9f377c remote_hash=7c9f377c; is_nullable: local_raw=YES remote_raw=YES local_norm=YES remote_norm=YES local_hash=b8836b6 remote_hash=b8836b6; column_default: local_raw=<null> remote_raw=null local_norm=null remote_norm=null local_hash=7c9b6140 remote_hash=7c9b6140; ordinal_position: local_raw=2 remote_raw=2 local_norm=2 remote_norm=2 local_hash=2b5d7 remote_hash=2b5d7,No action.,20260716090000_baseline_aruka_v1.sql
column,public,admin_logs,created_at,present,present,EQUIVALENT,info,data_type: local_raw=timestamp with time zone remote_raw=timestamp with time zone local_norm=timestamptz remote_norm=timestamptz local_hash=7acf37c7 remote_hash=7acf37c7; udt_name: local_raw=timestamptz remote_raw=timestamptz local_norm=timestamptz remote_norm=timestamptz local_hash=7acf37c7 remote_hash=7acf37c7; is_nullable: local_raw=NO remote_raw=NO local_norm=NO remote_norm=NO local_hash=5974a2 remote_hash=5974a2; column_default: local_raw=now() remote_raw=now() local_norm=now() remote_norm=now() local_hash=1004652a remote_hash=1004652a; ordinal_position: local_raw=11 remote_raw=11 local_norm=11 remote_norm=11 local_hash=5970c7 remote_hash=5970c7,No action.,20260716090000_baseline_aruka_v1.sql
column,public,admin_logs,dados_anteriores,present,present,EQUIVALENT,info,data_type: local_raw=jsonb remote_raw=jsonb local_norm=jsonb remote_norm=jsonb local_hash=fbe1be1 remote_hash=fbe1be1; udt_name: local_raw=jsonb remote_raw=jsonb local_norm=jsonb remote_norm=jsonb local_hash=fbe1be1 remote_hash=fbe1be1; is_nullable: local_raw=YES remote_raw=YES local_norm=YES remote_norm=YES local_hash=b8836b6 remote_hash=b8836b6; column_default: local_raw=<null> remote_raw=null local_norm=null remote_norm=null local_hash=7c9b6140 remote_hash=7c9b6140; ordinal_position: local_raw=7 remote_raw=7 local_norm=7 remote_norm=7 local_hash=2b5dc remote_hash=2b5dc,No action.,20260716090000_baseline_aruka_v1.sql
column,public,admin_logs,dados_novos,present,present,EQUIVALENT,info,data_type: local_raw=jsonb remote_raw=jsonb local_norm=jsonb remote_norm=jsonb local_hash=fbe1be1 remote_hash=fbe1be1; udt_name: local_raw=jsonb remote_raw=jsonb local_norm=jsonb remote_norm=jsonb local_hash=fbe1be1 remote_hash=fbe1be1; is_nullable: local_raw=YES remote_raw=YES local_norm=YES remote_norm=YES local_hash=b8836b6 remote_hash=b8836b6; column_default: local_raw=<null> remote_raw=null local_norm=null remote_norm=null local_hash=7c9b6140 remote_hash=7c9b6140; ordinal_position: local_raw=8 remote_raw=8 local_norm=8 remote_norm=8 local_hash=2b5dd remote_hash=2b5dd,No action.,20260716090000_baseline_aruka_v1.sql
column,public,admin_logs,entidade,present,present,EQUIVALENT,info,data_type: local_raw=text remote_raw=text local_norm=text remote_norm=text local_hash=7c9e690a remote_hash=7c9e690a; udt_name: local_raw=text remote_raw=text local_norm=text remote_norm=text local_hash=7c9e690a remote_hash=7c9e690a; is_nullable: local_raw=YES remote_raw=YES local_norm=YES remote_norm=YES local_hash=b8836b6 remote_hash=b8836b6; column_default: local_raw=<null> remote_raw=null local_norm=null remote_norm=null local_hash=7c9b6140 remote_hash=7c9b6140; ordinal_position: local_raw=5 remote_raw=5 local_norm=5 remote_norm=5 local_hash=2b5da remote_hash=2b5da,No action.,20260716090000_baseline_aruka_v1.sql
column,public,admin_logs,entidade_id,present,present,EQUIVALENT,info,data_type: local_raw=uuid remote_raw=uuid local_norm=uuid remote_norm=uuid local_hash=7c9f377c remote_hash=7c9f377c; udt_name: local_raw=uuid remote_raw=uuid local_norm=uuid remote_norm=uuid local_hash=7c9f377c remote_hash=7c9f377c; is_nullable: local_raw=YES remote_raw=YES local_norm=YES remote_norm=YES local_hash=b8836b6 remote_hash=b8836b6; column_default: local_raw=<null> remote_raw=null local_norm=null remote_norm=null local_hash=7c9b6140 remote_hash=7c9b6140; ordinal_position: local_raw=6 remote_raw=6 local_norm=6 remote_norm=6 local_hash=2b5db remote_hash=2b5db,No action.,20260716090000_baseline_aruka_v1.sql
column,public,admin_logs,id,present,present,EQUIVALENT,info,data_type: local_raw=uuid remote_raw=uuid local_norm=uuid remote_norm=uuid local_hash=7c9f377c remote_hash=7c9f377c; udt_name: local_raw=uuid remote_raw=uuid local_norm=uuid remote_norm=uuid local_hash=7c9f377c remote_hash=7c9f377c; is_nullable: local_raw=NO remote_raw=NO local_norm=NO remote_norm=NO local_hash=5974a2 remote_hash=5974a2; column_default: local_raw=gen_random_uuid() remote_raw=gen_random_uuid() local_norm=gen_random_uuid() remote_norm=gen_random_uuid() local_hash=e283166 remote_hash=e283166; ordinal_position: local_raw=1 remote_raw=1 local_norm=1 remote_norm=1 local_hash=2b5d6 remote_hash=2b5d6,No action.,20260716090000_baseline_aruka_v1.sql
column,public,admin_logs,ip,present,present,EQUIVALENT,info,data_type: local_raw=text remote_raw=text local_norm=text remote_norm=text local_hash=7c9e690a remote_hash=7c9e690a; udt_name: local_raw=text remote_raw=text local_norm=text remote_norm=text local_hash=7c9e690a remote_hash=7c9e690a; is_nullable: local_raw=YES remote_raw=YES local_norm=YES remote_norm=YES local_hash=b8836b6 remote_hash=b8836b6; column_default: local_raw=<null> remote_raw=null local_norm=null remote_norm=null local_hash=7c9b6140 remote_hash=7c9b6140; ordinal_position: local_raw=9 remote_raw=9 local_norm=9 remote_norm=9 local_hash=2b5de remote_hash=2b5de,No action.,20260716090000_baseline_aruka_v1.sql
column,public,admin_logs,target_user_id,present,present,EQUIVALENT,info,data_type: local_raw=uuid remote_raw=uuid local_norm=uuid remote_norm=uuid local_hash=7c9f377c remote_hash=7c9f377c; udt_name: local_raw=uuid remote_raw=uuid local_norm=uuid remote_norm=uuid local_hash=7c9f377c remote_hash=7c9f377c; is_nullable: local_raw=YES remote_raw=YES local_norm=YES remote_norm=YES local_hash=b8836b6 remote_hash=b8836b6; column_default: local_raw=<null> remote_raw=null local_norm=null remote_norm=null local_hash=7c9b6140 remote_hash=7c9b6140; ordinal_position: local_raw=3 remote_raw=3 local_norm=3 remote_norm=3 local_hash=2b5d8 remote_hash=2b5d8,No action.,20260716090000_baseline_aruka_v1.sql
column,public,admin_logs,user_agent,present,present,EQUIVALENT,info,data_type: local_raw=text remote_raw=text local_norm=text remote_norm=text local_hash=7c9e690a remote_hash=7c9e690a; udt_name: local_raw=text remote_raw=text local_norm=text remote_norm=text local_hash=7c9e690a remote_hash=7c9e690a; is_nullable: local_raw=YES remote_raw=YES local_norm=YES remote_norm=YES local_hash=b8836b6 remote_hash=b8836b6; column_default: local_raw=<null> remote_raw=null local_norm=null remote_norm=null local_hash=7c9b6140 remote_hash=7c9b6140; ordinal_position: local_raw=10 remote_raw=10 local_norm=10 remote_norm=10 local_hash=5970c6 remote_hash=5970c6,No action.,20260716090000_baseline_aruka_v1.sql
column,public,alunos,acompanhamento_encerrado_em,present,present,EQUIVALENT,info,data_type: local_raw=date remote_raw=date local_norm=date remote_norm=date local_hash=7c959163 remote_hash=7c959163; udt_name: local_raw=date remote_raw=date local_norm=date remote_norm=date local_hash=7c959163 remote_hash=7c959163; is_nullable: local_raw=YES remote_raw=YES local_norm=YES remote_norm=YES local_hash=b8836b6 remote_hash=b8836b6; column_default: local_raw=<null> remote_raw=null local_norm=null remote_norm=null local_hash=7c9b6140 remote_hash=7c9b6140; ordinal_position: local_raw=18 remote_raw=18 local_norm=18 remote_norm=18 local_hash=5970ce remote_hash=5970ce,No action.,20260716090000_baseline_aruka_v1.sql
column,public,alunos,acompanhamento_motivo,present,present,NULLABILITY_DIFFERENT,critical,data_type: local_raw=text remote_raw=text local_norm=text remote_norm=text local_hash=7c9e690a remote_hash=7c9e690a; udt_name: local_raw=text remote_raw=text local_norm=text remote_norm=text local_hash=7c9e690a remote_hash=7c9e690a; is_nullable: local_raw=YES remote_raw=NO local_norm=YES remote_norm=NO local_hash=b8836b6 remote_hash=5974a2; column_default: local_raw=<null> remote_raw=''::text local_norm=null remote_norm='' local_hash=7c9b6140 remote_hash=596f73; ordinal_position: local_raw=19 remote_raw=19 local_norm=19 remote_norm=19 local_hash=5970cf remote_hash=5970cf,Treat nullability drift as material.,20260716090000_baseline_aruka_v1.sql
column,public,alunos,acompanhamento_motivo_detalhe,present,present,EQUIVALENT,info,data_type: local_raw=text remote_raw=text local_norm=text remote_norm=text local_hash=7c9e690a remote_hash=7c9e690a; udt_name: local_raw=text remote_raw=text local_norm=text remote_norm=text local_hash=7c9e690a remote_hash=7c9e690a; is_nullable: local_raw=NO remote_raw=NO local_norm=NO remote_norm=NO local_hash=5974a2 remote_hash=5974a2; column_default: local_raw=''::text remote_raw=''::text local_norm='' remote_norm='' local_hash=596f73 remote_hash=596f73; ordinal_position: local_raw=20 remote_raw=20 local_norm=20 remote_norm=20 local_hash=5970e7 remote_hash=5970e7,No action.,20260716090000_baseline_aruka_v1.sql
column,public,alunos,acompanhamento_status,present,present,EQUIVALENT,info,data_type: local_raw=text remote_raw=text local_norm=text remote_norm=text local_hash=7c9e690a remote_hash=7c9e690a; udt_name: local_raw=text remote_raw=text local_norm=text remote_norm=text local_hash=7c9e690a remote_hash=7c9e690a; is_nullable: local_raw=NO remote_raw=NO local_norm=NO remote_norm=NO local_hash=5974a2 remote_hash=5974a2; column_default: local_raw='ativo'::text remote_raw='ativo'::text local_norm='ativo' remote_norm='ativo' local_hash=a891f676 remote_hash=a891f676; ordinal_position: local_raw=17 remote_raw=17 local_norm=17 remote_norm=17 local_hash=5970cd remote_hash=5970cd,No action.,20260716090000_baseline_aruka_v1.sql
column,public,alunos,aviso1,present,present,EQUIVALENT,info,data_type: local_raw=date remote_raw=date local_norm=date remote_norm=date local_hash=7c959163 remote_hash=7c959163; udt_name: local_raw=date remote_raw=date local_norm=date remote_norm=date local_hash=7c959163 remote_hash=7c959163; is_nullable: local_raw=YES remote_raw=YES local_norm=YES remote_norm=YES local_hash=b8836b6 remote_hash=b8836b6; column_default: local_raw=<null> remote_raw=null local_norm=null remote_norm=null local_hash=7c9b6140 remote_hash=7c9b6140; ordinal_position: local_raw=9 remote_raw=9 local_norm=9 remote_norm=9 local_hash=2b5de remote_hash=2b5de,No action.,20260716090000_baseline_aruka_v1.sql
column,public,alunos,aviso7,present,present,EQUIVALENT,info,data_type: local_raw=date remote_raw=date local_norm=date remote_norm=date local_hash=7c959163 remote_hash=7c959163; udt_name: local_raw=date remote_raw=date local_norm=date remote_norm=date local_hash=7c959163 remote_hash=7c959163; is_nullable: local_raw=YES remote_raw=YES local_norm=YES remote_norm=YES local_hash=b8836b6 remote_hash=b8836b6; column_default: local_raw=<null> remote_raw=null local_norm=null remote_norm=null local_hash=7c9b6140 remote_hash=7c9b6140; ordinal_position: local_raw=8 remote_raw=8 local_norm=8 remote_norm=8 local_hash=2b5dd remote_hash=2b5dd,No action.,20260716090000_baseline_aruka_v1.sql
column,public,alunos,created_at,present,present,NULLABILITY_DIFFERENT,critical,data_type: local_raw=timestamp with time zone remote_raw=timestamp with time zone local_norm=timestamptz remote_norm=timestamptz local_hash=7acf37c7 remote_hash=7acf37c7; udt_name: local_raw=timestamptz remote_raw=timestamptz local_norm=timestamptz remote_norm=timestamptz local_hash=7acf37c7 remote_hash=7acf37c7; is_nullable: local_raw=NO remote_raw=YES local_norm=NO remote_norm=YES local_hash=5974a2 remote_hash=b8836b6; column_default: local_raw=now() remote_raw=now() local_norm=now() remote_norm=now() local_hash=1004652a remote_hash=1004652a; ordinal_position: local_raw=16 remote_raw=16 local_norm=16 remote_norm=16 local_hash=5970cc remote_hash=5970cc,Treat nullability drift as material.,20260716090000_baseline_aruka_v1.sql
column,public,alunos,data_pagamento,present,present,EQUIVALENT,info,data_type: local_raw=date remote_raw=date local_norm=date remote_norm=date local_hash=7c959163 remote_hash=7c959163; udt_name: local_raw=date remote_raw=date local_norm=date remote_norm=date local_hash=7c959163 remote_hash=7c959163; is_nullable: local_raw=YES remote_raw=YES local_norm=YES remote_norm=YES local_hash=b8836b6 remote_hash=b8836b6; column_default: local_raw=<null> remote_raw=null local_norm=null remote_norm=null local_hash=7c9b6140 remote_hash=7c9b6140; ordinal_position: local_raw=14 remote_raw=14 local_norm=14 remote_norm=14 local_hash=5970ca remote_hash=5970ca,No action.,20260716090000_baseline_aruka_v1.sql
column,public,alunos,id,present,present,EQUIVALENT,info,data_type: local_raw=uuid remote_raw=uuid local_norm=uuid remote_norm=uuid local_hash=7c9f377c remote_hash=7c9f377c; udt_name: local_raw=uuid remote_raw=uuid local_norm=uuid remote_norm=uuid local_hash=7c9f377c remote_hash=7c9f377c; is_nullable: local_raw=NO remote_raw=NO local_norm=NO remote_norm=NO local_hash=5974a2 remote_hash=5974a2; column_default: local_raw=gen_random_uuid() remote_raw=gen_random_uuid() local_norm=gen_random_uuid() remote_norm=gen_random_uuid() local_hash=e283166 remote_hash=e283166; ordinal_position: local_raw=1 remote_raw=1 local_norm=1 remote_norm=1 local_hash=2b5d6 remote_hash=2b5d6,No action.,20260716090000_baseline_aruka_v1.sql
column,public,alunos,inicio,present,present,NULLABILITY_DIFFERENT,critical,data_type: local_raw=date remote_raw=date local_norm=date remote_norm=date local_hash=7c959163 remote_hash=7c959163; udt_name: local_raw=date remote_raw=date local_norm=date remote_norm=date local_hash=7c959163 remote_hash=7c959163; is_nullable: local_raw=NO remote_raw=YES local_norm=NO remote_norm=YES local_hash=5974a2 remote_hash=b8836b6; column_default: local_raw=<null> remote_raw=null local_norm=null remote_norm=null local_hash=7c9b6140 remote_hash=7c9b6140; ordinal_position: local_raw=6 remote_raw=6 local_norm=6 remote_norm=6 local_hash=2b5db remote_hash=2b5db,Treat nullability drift as material.,20260716090000_baseline_aruka_v1.sql
column,public,alunos,nascimento,present,present,EQUIVALENT,info,data_type: local_raw=date remote_raw=date local_norm=date remote_norm=date local_hash=7c959163 remote_hash=7c959163; udt_name: local_raw=date remote_raw=date local_norm=date remote_norm=date local_hash=7c959163 remote_hash=7c959163; is_nullable: local_raw=YES remote_raw=YES local_norm=YES remote_norm=YES local_hash=b8836b6 remote_hash=b8836b6; column_default: local_raw=<null> remote_raw=null local_norm=null remote_norm=null local_hash=7c9b6140 remote_hash=7c9b6140; ordinal_position: local_raw=5 remote_raw=5 local_norm=5 remote_norm=5 local_hash=2b5da remote_hash=2b5da,No action.,20260716090000_baseline_aruka_v1.sql
column,public,alunos,nome,present,present,EQUIVALENT,info,data_type: local_raw=text remote_raw=text local_norm=text remote_norm=text local_hash=7c9e690a remote_hash=7c9e690a; udt_name: local_raw=text remote_raw=text local_norm=text remote_norm=text local_hash=7c9e690a remote_hash=7c9e690a; is_nullable: local_raw=NO remote_raw=NO local_norm=NO remote_norm=NO local_hash=5974a2 remote_hash=5974a2; column_default: local_raw=<null> remote_raw=null local_norm=null remote_norm=null local_hash=7c9b6140 remote_hash=7c9b6140; ordinal_position: local_raw=3 remote_raw=3 local_norm=3 remote_norm=3 local_hash=2b5d8 remote_hash=2b5d8,No action.,20260716090000_baseline_aruka_v1.sql
column,public,alunos,observacoes,present,present,NULLABILITY_DIFFERENT,critical,data_type: local_raw=text remote_raw=text local_norm=text remote_norm=text local_hash=7c9e690a remote_hash=7c9e690a; udt_name: local_raw=text remote_raw=text local_norm=text remote_norm=text local_hash=7c9e690a remote_hash=7c9e690a; is_nullable: local_raw=NO remote_raw=YES local_norm=NO remote_norm=YES local_hash=5974a2 remote_hash=b8836b6; column_default: local_raw=''::text remote_raw=null local_norm='' remote_norm=null local_hash=596f73 remote_hash=7c9b6140; ordinal_position: local_raw=15 remote_raw=15 local_norm=15 remote_norm=15 local_hash=5970cb remote_hash=5970cb,Treat nullability drift as material.,20260716090000_baseline_aruka_v1.sql
column,public,alunos,pagamento_recebido,present,present,NULLABILITY_DIFFERENT,critical,data_type: local_raw=boolean remote_raw=boolean local_norm=bool remote_norm=bool local_hash=7c94b391 remote_hash=7c94b391; udt_name: local_raw=bool remote_raw=bool local_norm=bool remote_norm=bool local_hash=7c94b391 remote_hash=7c94b391; is_nullable: local_raw=NO remote_raw=YES local_norm=NO remote_norm=YES local_hash=5974a2 remote_hash=b8836b6; column_default: local_raw=false remote_raw=false local_norm=false remote_norm=false local_hash=f6bcef0 remote_hash=f6bcef0; ordinal_position: local_raw=13 remote_raw=13 local_norm=13 remote_norm=13 local_hash=5970c9 remote_hash=5970c9,Treat nullability drift as material.,20260716090000_baseline_aruka_v1.sql
column,public,alunos,plano,present,present,NULLABILITY_DIFFERENT,critical,data_type: local_raw=text remote_raw=text local_norm=text remote_norm=text local_hash=7c9e690a remote_hash=7c9e690a; udt_name: local_raw=text remote_raw=text local_norm=text remote_norm=text local_hash=7c9e690a remote_hash=7c9e690a; is_nullable: local_raw=NO remote_raw=YES local_norm=NO remote_norm=YES local_hash=5974a2 remote_hash=b8836b6; column_default: local_raw=<null> remote_raw=null local_norm=null remote_norm=null local_hash=7c9b6140 remote_hash=7c9b6140; ordinal_position: local_raw=10 remote_raw=10 local_norm=10 remote_norm=10 local_hash=5970c6 remote_hash=5970c6,Treat nullability drift as material.,20260716090000_baseline_aruka_v1.sql
column,public,alunos,status,present,present,NULLABILITY_DIFFERENT,critical,data_type: local_raw=text remote_raw=text local_norm=text remote_norm=text local_hash=7c9e690a remote_hash=7c9e690a; udt_name: local_raw=text remote_raw=text local_norm=text remote_norm=text local_hash=7c9e690a remote_hash=7c9e690a; is_nullable: local_raw=NO remote_raw=YES local_norm=NO remote_norm=YES local_hash=5974a2 remote_hash=b8836b6; column_default: local_raw='Ativo'::text remote_raw='Ativo'::text local_norm='ativo' remote_norm='ativo' local_hash=a891f676 remote_hash=a891f676; ordinal_position: local_raw=12 remote_raw=12 local_norm=12 remote_norm=12 local_hash=5970c8 remote_hash=5970c8,Treat nullability drift as material.,20260716090000_baseline_aruka_v1.sql
column,public,alunos,student_user_id,present,absent,LOCAL_ONLY,critical,20260730090000_student_identity_contract.sql,Object exists locally but not in remote evidence.,Do not repair this migration as applied until reconciled.
column,public,alunos,user_id,present,present,NULLABILITY_DIFFERENT,critical,data_type: local_raw=uuid remote_raw=uuid local_norm=uuid remote_norm=uuid local_hash=7c9f377c remote_hash=7c9f377c; udt_name: local_raw=uuid remote_raw=uuid local_norm=uuid remote_norm=uuid local_hash=7c9f377c remote_hash=7c9f377c; is_nullable: local_raw=NO remote_raw=YES local_norm=NO remote_norm=YES local_hash=5974a2 remote_hash=b8836b6; column_default: local_raw=<null> remote_raw=null local_norm=null remote_norm=null local_hash=7c9b6140 remote_hash=7c9b6140; ordinal_position: local_raw=2 remote_raw=2 local_norm=2 remote_norm=2 local_hash=2b5d7 remote_hash=2b5d7,Treat nullability drift as material.,20260716090000_baseline_aruka_v1.sql
column,public,alunos,valor,present,present,NULLABILITY_DIFFERENT,critical,data_type: local_raw=numeric remote_raw=numeric local_norm=numeric remote_norm=numeric local_hash=301f0df8 remote_hash=301f0df8; udt_name: local_raw=numeric remote_raw=numeric local_norm=numeric remote_norm=numeric local_hash=301f0df8 remote_hash=301f0df8; is_nullable: local_raw=NO remote_raw=YES local_norm=NO remote_norm=YES local_hash=5974a2 remote_hash=b8836b6; column_default: local_raw=0 remote_raw=null local_norm=0 remote_norm=null local_hash=2b5d5 remote_hash=7c9b6140; ordinal_position: local_raw=11 remote_raw=11 local_norm=11 remote_norm=11 local_hash=5970c7 remote_hash=5970c7,Treat nullability drift as material.,20260716090000_baseline_aruka_v1.sql
column,public,alunos,vencimento,present,present,EQUIVALENT,info,data_type: local_raw=date remote_raw=date local_norm=date remote_norm=date local_hash=7c959163 remote_hash=7c959163; udt_name: local_raw=date remote_raw=date local_norm=date remote_norm=date local_hash=7c959163 remote_hash=7c959163; is_nullable: local_raw=YES remote_raw=YES local_norm=YES remote_norm=YES local_hash=b8836b6 remote_hash=b8836b6; column_default: local_raw=<null> remote_raw=null local_norm=null remote_norm=null local_hash=7c9b6140 remote_hash=7c9b6140; ordinal_position: local_raw=7 remote_raw=7 local_norm=7 remote_norm=7 local_hash=2b5dc remote_hash=2b5dc,No action.,20260716090000_baseline_aruka_v1.sql
column,public,alunos,whatsapp,present,present,NULLABILITY_DIFFERENT,critical,data_type: local_raw=text remote_raw=text local_norm=text remote_norm=text local_hash=7c9e690a remote_hash=7c9e690a; udt_name: local_raw=text remote_raw=text local_norm=text remote_norm=text local_hash=7c9e690a remote_hash=7c9e690a; is_nullable: local_raw=NO remote_raw=YES local_norm=NO remote_norm=YES local_hash=5974a2 remote_hash=b8836b6; column_default: local_raw=<null> remote_raw=null local_norm=null remote_norm=null local_hash=7c9b6140 remote_hash=7c9b6140; ordinal_position: local_raw=4 remote_raw=4 local_norm=4 remote_norm=4 local_hash=2b5d9 remote_hash=2b5d9,Treat nullability drift as material.,20260716090000_baseline_aruka_v1.sql
column,public,anamneses,agua,present,present,COLUMN_ORDER_DIFFERENT_NON_MATERIAL,informational,data_type: local_raw=text remote_raw=text local_norm=text remote_norm=text local_hash=7c9e690a remote_hash=7c9e690a; udt_name: local_raw=text remote_raw=text local_norm=text remote_norm=text local_hash=7c9e690a remote_hash=7c9e690a; is_nullable: local_raw=NO remote_raw=NO local_norm=NO remote_norm=NO local_hash=5974a2 remote_hash=5974a2; column_default: local_raw=''::text remote_raw=''::text local_norm='' remote_norm='' local_hash=596f73 remote_hash=596f73; ordinal_position: local_raw=29 remote_raw=23 local_norm=29 remote_norm=23 local_hash=5970f0 remote_hash=5970ea,Preserve for diagnostics; do not block repair by column order alone.,20260716090000_baseline_aruka_v1.sql
column,public,anamneses,alcool,present,present,COLUMN_ORDER_DIFFERENT_NON_MATERIAL,informational,data_type: local_raw=text remote_raw=text local_norm=text remote_norm=text local_hash=7c9e690a remote_hash=7c9e690a; udt_name: local_raw=text remote_raw=text local_norm=text remote_norm=text local_hash=7c9e690a remote_hash=7c9e690a; is_nullable: local_raw=NO remote_raw=NO local_norm=NO remote_norm=NO local_hash=5974a2 remote_hash=5974a2; column_default: local_raw=''::text remote_raw=''::text local_norm='' remote_norm='' local_hash=596f73 remote_hash=596f73; ordinal_position: local_raw=30 remote_raw=24 local_norm=30 remote_norm=24 local_hash=597108 remote_hash=5970eb,Preserve for diagnostics; do not block repair by column order alone.,20260716090000_baseline_aruka_v1.sql
column,public,anamneses,aluno_id,present,present,EQUIVALENT,info,data_type: local_raw=uuid remote_raw=uuid local_norm=uuid remote_norm=uuid local_hash=7c9f377c remote_hash=7c9f377c; udt_name: local_raw=uuid remote_raw=uuid local_norm=uuid remote_norm=uuid local_hash=7c9f377c remote_hash=7c9f377c; is_nullable: local_raw=NO remote_raw=NO local_norm=NO remote_norm=NO local_hash=5974a2 remote_hash=5974a2; column_default: local_raw=<null> remote_raw=null local_norm=null remote_norm=null local_hash=7c9b6140 remote_hash=7c9b6140; ordinal_position: local_raw=3 remote_raw=3 local_norm=3 remote_norm=3 local_hash=2b5d8 remote_hash=2b5d8,No action.,20260716090000_baseline_aruka_v1.sql
column,public,anamneses,cirurgia,present,present,EQUIVALENT,info,data_type: local_raw=text remote_raw=text local_norm=text remote_norm=text local_hash=7c9e690a remote_hash=7c9e690a; udt_name: local_raw=text remote_raw=text local_norm=text remote_norm=text local_hash=7c9e690a remote_hash=7c9e690a; is_nullable: local_raw=NO remote_raw=NO local_norm=NO remote_norm=NO local_hash=5974a2 remote_hash=5974a2; column_default: local_raw=''::text remote_raw=''::text local_norm='' remote_norm='' local_hash=596f73 remote_hash=596f73; ordinal_position: local_raw=11 remote_raw=11 local_norm=11 remote_norm=11 local_hash=5970c7 remote_hash=5970c7,No action.,20260716090000_baseline_aruka_v1.sql
column,public,anamneses,compulsao,present,present,COLUMN_ORDER_DIFFERENT_NON_MATERIAL,informational,data_type: local_raw=text remote_raw=text local_norm=text remote_norm=text local_hash=7c9e690a remote_hash=7c9e690a; udt_name: local_raw=text remote_raw=text local_norm=text remote_norm=text local_hash=7c9e690a remote_hash=7c9e690a; is_nullable: local_raw=NO remote_raw=NO local_norm=NO remote_norm=NO local_hash=5974a2 remote_hash=5974a2; column_default: local_raw=''::text remote_raw=''::text local_norm='' remote_norm='' local_hash=596f73 remote_hash=596f73; ordinal_position: local_raw=37 remote_raw=31 local_norm=37 remote_norm=31 local_hash=59710f remote_hash=597109,Preserve for diagnostics; do not block repair by column order alone.,20260716090000_baseline_aruka_v1.sql
column,public,anamneses,created_at,present,present,COLUMN_ORDER_DIFFERENT_NON_MATERIAL,informational,data_type: local_raw=timestamp with time zone remote_raw=timestamp with time zone local_norm=timestamptz remote_norm=timestamptz local_hash=7acf37c7 remote_hash=7acf37c7; udt_name: local_raw=timestamptz remote_raw=timestamptz local_norm=timestamptz remote_norm=timestamptz local_hash=7acf37c7 remote_hash=7acf37c7; is_nullable: local_raw=NO remote_raw=NO local_norm=NO remote_norm=NO local_hash=5974a2 remote_hash=5974a2; column_default: local_raw=now() remote_raw=now() local_norm=now() remote_norm=now() local_hash=1004652a remote_hash=1004652a; ordinal_position: local_raw=43 remote_raw=37 local_norm=43 remote_norm=37 local_hash=59712c remote_hash=59710f,Preserve for diagnostics; do not block repair by column order alone.,20260716090000_baseline_aruka_v1.sql
column,public,anamneses,dias_disponiveis,present,present,EQUIVALENT,info,data_type: local_raw=text remote_raw=text local_norm=text remote_norm=text local_hash=7c9e690a remote_hash=7c9e690a; udt_name: local_raw=text remote_raw=text local_norm=text remote_norm=text local_hash=7c9e690a remote_hash=7c9e690a; is_nullable: local_raw=NO remote_raw=NO local_norm=NO remote_norm=NO local_hash=5974a2 remote_hash=5974a2; column_default: local_raw=''::text remote_raw=''::text local_norm='' remote_norm='' local_hash=596f73 remote_hash=596f73; ordinal_position: local_raw=16 remote_raw=16 local_norm=16 remote_norm=16 local_hash=5970cc remote_hash=5970cc,No action.,20260716090000_baseline_aruka_v1.sql
column,public,anamneses,dieta,present,present,COLUMN_ORDER_DIFFERENT_NON_MATERIAL,informational,data_type: local_raw=text remote_raw=text local_norm=text remote_norm=text local_hash=7c9e690a remote_hash=7c9e690a; udt_name: local_raw=text remote_raw=text local_norm=text remote_norm=text local_hash=7c9e690a remote_hash=7c9e690a; is_nullable: local_raw=NO remote_raw=NO local_norm=NO remote_norm=NO local_hash=5974a2 remote_hash=5974a2; column_default: local_raw=''::text remote_raw=''::text local_norm='' remote_norm='' local_hash=596f73 remote_hash=596f73; ordinal_position: local_raw=32 remote_raw=26 local_norm=32 remote_norm=26 local_hash=59710a remote_hash=5970ed,Preserve for diagnostics; do not block repair by column order alone.,20260716090000_baseline_aruka_v1.sql
column,public,anamneses,dificuldade_alimentacao,present,present,COLUMN_ORDER_DIFFERENT_NON_MATERIAL,informational,data_type: local_raw=text remote_raw=text local_norm=text remote_norm=text local_hash=7c9e690a remote_hash=7c9e690a; udt_name: local_raw=text remote_raw=text local_norm=text remote_norm=text local_hash=7c9e690a remote_hash=7c9e690a; is_nullable: local_raw=NO remote_raw=NO local_norm=NO remote_norm=NO local_hash=5974a2 remote_hash=5974a2; column_default: local_raw=''::text remote_raw=''::text local_norm='' remote_norm='' local_hash=596f73 remote_hash=596f73; ordinal_position: local_raw=35 remote_raw=29 local_norm=35 remote_norm=29 local_hash=59710d remote_hash=5970f0,Preserve for diagnostics; do not block repair by column order alone.,20260716090000_baseline_aruka_v1.sql
column,public,anamneses,doenca_diagnosticada,present,present,EQUIVALENT,info,data_type: local_raw=text remote_raw=text local_norm=text remote_norm=text local_hash=7c9e690a remote_hash=7c9e690a; udt_name: local_raw=text remote_raw=text local_norm=text remote_norm=text local_hash=7c9e690a remote_hash=7c9e690a; is_nullable: local_raw=NO remote_raw=NO local_norm=NO remote_norm=NO local_hash=5974a2 remote_hash=5974a2; column_default: local_raw=''::text remote_raw=''::text local_norm='' remote_norm='' local_hash=596f73 remote_hash=596f73; ordinal_position: local_raw=8 remote_raw=8 local_norm=8 remote_norm=8 local_hash=2b5dd remote_hash=2b5dd,No action.,20260716090000_baseline_aruka_v1.sql
column,public,anamneses,dores_lesoes,present,present,EQUIVALENT,info,data_type: local_raw=text remote_raw=text local_norm=text remote_norm=text local_hash=7c9e690a remote_hash=7c9e690a; udt_name: local_raw=text remote_raw=text local_norm=text remote_norm=text local_hash=7c9e690a remote_hash=7c9e690a; is_nullable: local_raw=NO remote_raw=NO local_norm=NO remote_norm=NO local_hash=5974a2 remote_hash=5974a2; column_default: local_raw=''::text remote_raw=''::text local_norm='' remote_norm='' local_hash=596f73 remote_hash=596f73; ordinal_position: local_raw=10 remote_raw=10 local_norm=10 remote_norm=10 local_hash=5970c6 remote_hash=5970c6,No action.,20260716090000_baseline_aruka_v1.sql
column,public,anamneses,equipamentos,present,present,EQUIVALENT,info,data_type: local_raw=text remote_raw=text local_norm=text remote_norm=text local_hash=7c9e690a remote_hash=7c9e690a; udt_name: local_raw=text remote_raw=text local_norm=text remote_norm=text local_hash=7c9e690a remote_hash=7c9e690a; is_nullable: local_raw=NO remote_raw=NO local_norm=NO remote_norm=NO local_hash=5974a2 remote_hash=5974a2; column_default: local_raw=''::text remote_raw=''::text local_norm='' remote_norm='' local_hash=596f73 remote_hash=596f73; ordinal_position: local_raw=19 remote_raw=19 local_norm=19 remote_norm=19 local_hash=5970cf remote_hash=5970cf,No action.,20260716090000_baseline_aruka_v1.sql
column,public,anamneses,escala_adesao_rotina,present,present,COLUMN_ORDER_DIFFERENT_NON_MATERIAL,informational,data_type: local_raw=text remote_raw=text local_norm=text remote_norm=text local_hash=7c9e690a remote_hash=7c9e690a; udt_name: local_raw=text remote_raw=text local_norm=text remote_norm=text local_hash=7c9e690a remote_hash=7c9e690a; is_nullable: local_raw=NO remote_raw=NO local_norm=NO remote_norm=NO local_hash=5974a2 remote_hash=5974a2; column_default: local_raw=''::text remote_raw=''::text local_norm='' remote_norm='' local_hash=596f73 remote_hash=596f73; ordinal_position: local_raw=25 remote_raw=43 local_norm=25 remote_norm=43 local_hash=5970ec remote_hash=59712c,Preserve for diagnostics; do not block repair by column order alone.,20260716090000_baseline_aruka_v1.sql
column,public,anamneses,escala_energia,present,present,COLUMN_ORDER_DIFFERENT_NON_MATERIAL,informational,data_type: local_raw=text remote_raw=text local_norm=text remote_norm=text local_hash=7c9e690a remote_hash=7c9e690a; udt_name: local_raw=text remote_raw=text local_norm=text remote_norm=text local_hash=7c9e690a remote_hash=7c9e690a; is_nullable: local_raw=NO remote_raw=NO local_norm=NO remote_norm=NO local_hash=5974a2 remote_hash=5974a2; column_default: local_raw=''::text remote_raw=''::text local_norm='' remote_norm='' local_hash=596f73 remote_hash=596f73; ordinal_position: local_raw=22 remote_raw=40 local_norm=22 remote_norm=40 local_hash=5970e9 remote_hash=597129,Preserve for diagnostics; do not block repair by column order alone.,20260716090000_baseline_aruka_v1.sql
column,public,anamneses,escala_estresse,present,present,COLUMN_ORDER_DIFFERENT_NON_MATERIAL,informational,data_type: local_raw=text remote_raw=text local_norm=text remote_norm=text local_hash=7c9e690a remote_hash=7c9e690a; udt_name: local_raw=text remote_raw=text local_norm=text remote_norm=text local_hash=7c9e690a remote_hash=7c9e690a; is_nullable: local_raw=NO remote_raw=NO local_norm=NO remote_norm=NO local_hash=5974a2 remote_hash=5974a2; column_default: local_raw=''::text remote_raw=''::text local_norm='' remote_norm='' local_hash=596f73 remote_hash=596f73; ordinal_position: local_raw=21 remote_raw=39 local_norm=21 remote_norm=39 local_hash=5970e8 remote_hash=597111,Preserve for diagnostics; do not block repair by column order alone.,20260716090000_baseline_aruka_v1.sql
column,public,anamneses,escala_fome,present,present,COLUMN_ORDER_DIFFERENT_NON_MATERIAL,informational,data_type: local_raw=text remote_raw=text local_norm=text remote_norm=text local_hash=7c9e690a remote_hash=7c9e690a; udt_name: local_raw=text remote_raw=text local_norm=text remote_norm=text local_hash=7c9e690a remote_hash=7c9e690a; is_nullable: local_raw=NO remote_raw=NO local_norm=NO remote_norm=NO local_hash=5974a2 remote_hash=5974a2; column_default: local_raw=''::text remote_raw=''::text local_norm='' remote_norm='' local_hash=596f73 remote_hash=596f73; ordinal_position: local_raw=23 remote_raw=41 local_norm=23 remote_norm=41 local_hash=5970ea remote_hash=59712a,Preserve for diagnostics; do not block repair by column order alone.,20260716090000_baseline_aruka_v1.sql
column,public,anamneses,escala_motivacao,present,present,COLUMN_ORDER_DIFFERENT_NON_MATERIAL,informational,data_type: local_raw=text remote_raw=text local_norm=text remote_norm=text local_hash=7c9e690a remote_hash=7c9e690a; udt_name: local_raw=text remote_raw=text local_norm=text remote_norm=text local_hash=7c9e690a remote_hash=7c9e690a; is_nullable: local_raw=NO remote_raw=NO local_norm=NO remote_norm=NO local_hash=5974a2 remote_hash=5974a2; column_default: local_raw=''::text remote_raw=''::text local_norm='' remote_norm='' local_hash=596f73 remote_hash=596f73; ordinal_position: local_raw=24 remote_raw=42 local_norm=24 remote_norm=42 local_hash=5970eb remote_hash=59712b,Preserve for diagnostics; do not block repair by column order alone.,20260716090000_baseline_aruka_v1.sql
column,public,anamneses,escala_sono,present,present,COLUMN_ORDER_DIFFERENT_NON_MATERIAL,informational,data_type: local_raw=text remote_raw=text local_norm=text remote_norm=text local_hash=7c9e690a remote_hash=7c9e690a; udt_name: local_raw=text remote_raw=text local_norm=text remote_norm=text local_hash=7c9e690a remote_hash=7c9e690a; is_nullable: local_raw=NO remote_raw=NO local_norm=NO remote_norm=NO local_hash=5974a2 remote_hash=5974a2; column_default: local_raw=''::text remote_raw=''::text local_norm='' remote_norm='' local_hash=596f73 remote_hash=596f73; ordinal_position: local_raw=20 remote_raw=38 local_norm=20 remote_norm=38 local_hash=5970e7 remote_hash=597110,Preserve for diagnostics; do not block repair by column order alone.,20260716090000_baseline_aruka_v1.sql
column,public,anamneses,estresse,present,present,COLUMN_ORDER_DIFFERENT_NON_MATERIAL,informational,data_type: local_raw=text remote_raw=text local_norm=text remote_norm=text local_hash=7c9e690a remote_hash=7c9e690a; udt_name: local_raw=text remote_raw=text local_norm=text remote_norm=text local_hash=7c9e690a remote_hash=7c9e690a; is_nullable: local_raw=NO remote_raw=NO local_norm=NO remote_norm=NO local_hash=5974a2 remote_hash=5974a2; column_default: local_raw=''::text remote_raw=''::text local_norm='' remote_norm='' local_hash=596f73 remote_hash=596f73; ordinal_position: local_raw=28 remote_raw=22 local_norm=28 remote_norm=22 local_hash=5970ef remote_hash=5970e9,Preserve for diagnostics; do not block repair by column order alone.,20260716090000_baseline_aruka_v1.sql
column,public,anamneses,exercicios_gosta,present,present,COLUMN_ORDER_DIFFERENT_NON_MATERIAL,informational,data_type: local_raw=text remote_raw=text local_norm=text remote_norm=text local_hash=7c9e690a remote_hash=7c9e690a; udt_name: local_raw=text remote_raw=text local_norm=text remote_norm=text local_hash=7c9e690a remote_hash=7c9e690a; is_nullable: local_raw=NO remote_raw=NO local_norm=NO remote_norm=NO local_hash=5974a2 remote_hash=5974a2; column_default: local_raw=''::text remote_raw=''::text local_norm='' remote_norm='' local_hash=596f73 remote_hash=596f73; ordinal_position: local_raw=38 remote_raw=32 local_norm=38 remote_norm=32 local_hash=597110 remote_hash=59710a,Preserve for diagnostics; do not block repair by column order alone.,20260716090000_baseline_aruka_v1.sql
column,public,anamneses,exercicios_nao_gosta,present,present,COLUMN_ORDER_DIFFERENT_NON_MATERIAL,informational,data_type: local_raw=text remote_raw=text local_norm=text remote_norm=text local_hash=7c9e690a remote_hash=7c9e690a; udt_name: local_raw=text remote_raw=text local_norm=text remote_norm=text local_hash=7c9e690a remote_hash=7c9e690a; is_nullable: local_raw=NO remote_raw=NO local_norm=NO remote_norm=NO local_hash=5974a2 remote_hash=5974a2; column_default: local_raw=''::text remote_raw=''::text local_norm='' remote_norm='' local_hash=596f73 remote_hash=596f73; ordinal_position: local_raw=39 remote_raw=33 local_norm=39 remote_norm=33 local_hash=597111 remote_hash=59710b,Preserve for diagnostics; do not block repair by column order alone.,20260716090000_baseline_aruka_v1.sql
column,public,anamneses,experiencia_musculacao,present,present,EQUIVALENT,info,data_type: local_raw=text remote_raw=text local_norm=text remote_norm=text local_hash=7c9e690a remote_hash=7c9e690a; udt_name: local_raw=text remote_raw=text local_norm=text remote_norm=text local_hash=7c9e690a remote_hash=7c9e690a; is_nullable: local_raw=NO remote_raw=NO local_norm=NO remote_norm=NO local_hash=5974a2 remote_hash=5974a2; column_default: local_raw=''::text remote_raw=''::text local_norm='' remote_norm='' local_hash=596f73 remote_hash=596f73; ordinal_position: local_raw=14 remote_raw=14 local_norm=14 remote_norm=14 local_hash=5970ca remote_hash=5970ca,No action.,20260716090000_baseline_aruka_v1.sql
column,public,anamneses,fome_noite,present,present,COLUMN_ORDER_DIFFERENT_NON_MATERIAL,informational,data_type: local_raw=text remote_raw=text local_norm=text remote_norm=text local_hash=7c9e690a remote_hash=7c9e690a; udt_name: local_raw=text remote_raw=text local_norm=text remote_norm=text local_hash=7c9e690a remote_hash=7c9e690a; is_nullable: local_raw=NO remote_raw=NO local_norm=NO remote_norm=NO local_hash=5974a2 remote_hash=5974a2; column_default: local_raw=''::text remote_raw=''::text local_norm='' remote_norm='' local_hash=596f73 remote_hash=596f73; ordinal_position: local_raw=36 remote_raw=30 local_norm=36 remote_norm=30 local_hash=59710e remote_hash=597108,Preserve for diagnostics; do not block repair by column order alone.,20260716090000_baseline_aruka_v1.sql
column,public,anamneses,frequencia_semanal,present,present,EQUIVALENT,info,data_type: local_raw=text remote_raw=text local_norm=text remote_norm=text local_hash=7c9e690a remote_hash=7c9e690a; udt_name: local_raw=text remote_raw=text local_norm=text remote_norm=text local_hash=7c9e690a remote_hash=7c9e690a; is_nullable: local_raw=NO remote_raw=NO local_norm=NO remote_norm=NO local_hash=5974a2 remote_hash=5974a2; column_default: local_raw=''::text remote_raw=''::text local_norm='' remote_norm='' local_hash=596f73 remote_hash=596f73; ordinal_position: local_raw=15 remote_raw=15 local_norm=15 remote_norm=15 local_hash=5970cb remote_hash=5970cb,No action.,20260716090000_baseline_aruka_v1.sql
column,public,anamneses,grupos_prioritarios,present,present,COLUMN_ORDER_DIFFERENT_NON_MATERIAL,informational,data_type: local_raw=text remote_raw=text local_norm=text remote_norm=text local_hash=7c9e690a remote_hash=7c9e690a; udt_name: local_raw=text remote_raw=text local_norm=text remote_norm=text local_hash=7c9e690a remote_hash=7c9e690a; is_nullable: local_raw=NO remote_raw=NO local_norm=NO remote_norm=NO local_hash=5974a2 remote_hash=5974a2; column_default: local_raw=''::text remote_raw=''::text local_norm='' remote_norm='' local_hash=596f73 remote_hash=596f73; ordinal_position: local_raw=40 remote_raw=34 local_norm=40 remote_norm=34 local_hash=597129 remote_hash=59710c,Preserve for diagnostics; do not block repair by column order alone.,20260716090000_baseline_aruka_v1.sql
column,public,anamneses,horas_sono,present,present,COLUMN_ORDER_DIFFERENT_NON_MATERIAL,informational,data_type: local_raw=text remote_raw=text local_norm=text remote_norm=text local_hash=7c9e690a remote_hash=7c9e690a; udt_name: local_raw=text remote_raw=text local_norm=text remote_norm=text local_hash=7c9e690a remote_hash=7c9e690a; is_nullable: local_raw=NO remote_raw=NO local_norm=NO remote_norm=NO local_hash=5974a2 remote_hash=5974a2; column_default: local_raw=''::text remote_raw=''::text local_norm='' remote_norm='' local_hash=596f73 remote_hash=596f73; ordinal_position: local_raw=27 remote_raw=21 local_norm=27 remote_norm=21 local_hash=5970ee remote_hash=5970e8,Preserve for diagnostics; do not block repair by column order alone.,20260716090000_baseline_aruka_v1.sql
column,public,anamneses,id,present,present,EQUIVALENT,info,data_type: local_raw=uuid remote_raw=uuid local_norm=uuid remote_norm=uuid local_hash=7c9f377c remote_hash=7c9f377c; udt_name: local_raw=uuid remote_raw=uuid local_norm=uuid remote_norm=uuid local_hash=7c9f377c remote_hash=7c9f377c; is_nullable: local_raw=NO remote_raw=NO local_norm=NO remote_norm=NO local_hash=5974a2 remote_hash=5974a2; column_default: local_raw=gen_random_uuid() remote_raw=gen_random_uuid() local_norm=gen_random_uuid() remote_norm=gen_random_uuid() local_hash=e283166 remote_hash=e283166; ordinal_position: local_raw=1 remote_raw=1 local_norm=1 remote_norm=1 local_hash=2b5d6 remote_hash=2b5d6,No action.,20260716090000_baseline_aruka_v1.sql
column,public,anamneses,liberado_exercicio,present,present,EQUIVALENT,info,data_type: local_raw=text remote_raw=text local_norm=text remote_norm=text local_hash=7c9e690a remote_hash=7c9e690a; udt_name: local_raw=text remote_raw=text local_norm=text remote_norm=text local_hash=7c9e690a remote_hash=7c9e690a; is_nullable: local_raw=NO remote_raw=NO local_norm=NO remote_norm=NO local_hash=5974a2 remote_hash=5974a2; column_default: local_raw=''::text remote_raw=''::text local_norm='' remote_norm='' local_hash=596f73 remote_hash=596f73; ordinal_position: local_raw=13 remote_raw=13 local_norm=13 remote_norm=13 local_hash=5970c9 remote_hash=5970c9,No action.,20260716090000_baseline_aruka_v1.sql
column,public,anamneses,limitacoes_horario,present,present,COLUMN_ORDER_DIFFERENT_NON_MATERIAL,informational,data_type: local_raw=text remote_raw=text local_norm=text remote_norm=text local_hash=7c9e690a remote_hash=7c9e690a; udt_name: local_raw=text remote_raw=text local_norm=text remote_norm=text local_hash=7c9e690a remote_hash=7c9e690a; is_nullable: local_raw=NO remote_raw=NO local_norm=NO remote_norm=NO local_hash=5974a2 remote_hash=5974a2; column_default: local_raw=''::text remote_raw=''::text local_norm='' remote_norm='' local_hash=596f73 remote_hash=596f73; ordinal_position: local_raw=41 remote_raw=35 local_norm=41 remote_norm=35 local_hash=59712a remote_hash=59710d,Preserve for diagnostics; do not block repair by column order alone.,20260716090000_baseline_aruka_v1.sql
column,public,anamneses,local_treino,present,present,EQUIVALENT,info,data_type: local_raw=text remote_raw=text local_norm=text remote_norm=text local_hash=7c9e690a remote_hash=7c9e690a; udt_name: local_raw=text remote_raw=text local_norm=text remote_norm=text local_hash=7c9e690a remote_hash=7c9e690a; is_nullable: local_raw=NO remote_raw=NO local_norm=NO remote_norm=NO local_hash=5974a2 remote_hash=5974a2; column_default: local_raw=''::text remote_raw=''::text local_norm='' remote_norm='' local_hash=596f73 remote_hash=596f73; ordinal_position: local_raw=18 remote_raw=18 local_norm=18 remote_norm=18 local_hash=5970ce remote_hash=5970ce,No action.,20260716090000_baseline_aruka_v1.sql
column,public,anamneses,nutricionista,present,present,COLUMN_ORDER_DIFFERENT_NON_MATERIAL,informational,data_type: local_raw=text remote_raw=text local_norm=text remote_norm=text local_hash=7c9e690a remote_hash=7c9e690a; udt_name: local_raw=text remote_raw=text local_norm=text remote_norm=text local_hash=7c9e690a remote_hash=7c9e690a; is_nullable: local_raw=NO remote_raw=NO local_norm=NO remote_norm=NO local_hash=5974a2 remote_hash=5974a2; column_default: local_raw=''::text remote_raw=''::text local_norm='' remote_norm='' local_hash=596f73 remote_hash=596f73; ordinal_position: local_raw=33 remote_raw=27 local_norm=33 remote_norm=27 local_hash=59710b remote_hash=5970ee,Preserve for diagnostics; do not block repair by column order alone.,20260716090000_baseline_aruka_v1.sql
column,public,anamneses,objetivo_principal,present,present,EQUIVALENT,info,data_type: local_raw=text remote_raw=text local_norm=text remote_norm=text local_hash=7c9e690a remote_hash=7c9e690a; udt_name: local_raw=text remote_raw=text local_norm=text remote_norm=text local_hash=7c9e690a remote_hash=7c9e690a; is_nullable: local_raw=NO remote_raw=NO local_norm=NO remote_norm=NO local_hash=5974a2 remote_hash=5974a2; column_default: local_raw=''::text remote_raw=''::text local_norm='' remote_norm='' local_hash=596f73 remote_hash=596f73; ordinal_position: local_raw=6 remote_raw=6 local_norm=6 remote_norm=6 local_hash=2b5db remote_hash=2b5db,No action.,20260716090000_baseline_aruka_v1.sql
column,public,anamneses,objetivo_secundario,present,present,EQUIVALENT,info,data_type: local_raw=text remote_raw=text local_norm=text remote_norm=text local_hash=7c9e690a remote_hash=7c9e690a; udt_name: local_raw=text remote_raw=text local_norm=text remote_norm=text local_hash=7c9e690a remote_hash=7c9e690a; is_nullable: local_raw=NO remote_raw=NO local_norm=NO remote_norm=NO local_hash=5974a2 remote_hash=5974a2; column_default: local_raw=''::text remote_raw=''::text local_norm='' remote_norm='' local_hash=596f73 remote_hash=596f73; ordinal_position: local_raw=7 remote_raw=7 local_norm=7 remote_norm=7 local_hash=2b5dc remote_hash=2b5dc,No action.,20260716090000_baseline_aruka_v1.sql
column,public,anamneses,observacoes,present,present,COLUMN_ORDER_DIFFERENT_NON_MATERIAL,informational,data_type: local_raw=text remote_raw=text local_norm=text remote_norm=text local_hash=7c9e690a remote_hash=7c9e690a; udt_name: local_raw=text remote_raw=text local_norm=text remote_norm=text local_hash=7c9e690a remote_hash=7c9e690a; is_nullable: local_raw=NO remote_raw=NO local_norm=NO remote_norm=NO local_hash=5974a2 remote_hash=5974a2; column_default: local_raw=''::text remote_raw=''::text local_norm='' remote_norm='' local_hash=596f73 remote_hash=596f73; ordinal_position: local_raw=42 remote_raw=36 local_norm=42 remote_norm=36 local_hash=59712b remote_hash=59710e,Preserve for diagnostics; do not block repair by column order alone.,20260716090000_baseline_aruka_v1.sql
column,public,anamneses,profissao,present,present,EQUIVALENT,info,data_type: local_raw=text remote_raw=text local_norm=text remote_norm=text local_hash=7c9e690a remote_hash=7c9e690a; udt_name: local_raw=text remote_raw=text local_norm=text remote_norm=text local_hash=7c9e690a remote_hash=7c9e690a; is_nullable: local_raw=NO remote_raw=NO local_norm=NO remote_norm=NO local_hash=5974a2 remote_hash=5974a2; column_default: local_raw=''::text remote_raw=''::text local_norm='' remote_norm='' local_hash=596f73 remote_hash=596f73; ordinal_position: local_raw=4 remote_raw=4 local_norm=4 remote_norm=4 local_hash=2b5d9 remote_hash=2b5d9,No action.,20260716090000_baseline_aruka_v1.sql
column,public,anamneses,refeicoes_dia,present,present,COLUMN_ORDER_DIFFERENT_NON_MATERIAL,informational,data_type: local_raw=text remote_raw=text local_norm=text remote_norm=text local_hash=7c9e690a remote_hash=7c9e690a; udt_name: local_raw=text remote_raw=text local_norm=text remote_norm=text local_hash=7c9e690a remote_hash=7c9e690a; is_nullable: local_raw=NO remote_raw=NO local_norm=NO remote_norm=NO local_hash=5974a2 remote_hash=5974a2; column_default: local_raw=''::text remote_raw=''::text local_norm='' remote_norm='' local_hash=596f73 remote_hash=596f73; ordinal_position: local_raw=34 remote_raw=28 local_norm=34 remote_norm=28 local_hash=59710c remote_hash=5970ef,Preserve for diagnostics; do not block repair by column order alone.,20260716090000_baseline_aruka_v1.sql
column,public,anamneses,restricao_medica,present,present,EQUIVALENT,info,data_type: local_raw=text remote_raw=text local_norm=text remote_norm=text local_hash=7c9e690a remote_hash=7c9e690a; udt_name: local_raw=text remote_raw=text local_norm=text remote_norm=text local_hash=7c9e690a remote_hash=7c9e690a; is_nullable: local_raw=NO remote_raw=NO local_norm=NO remote_norm=NO local_hash=5974a2 remote_hash=5974a2; column_default: local_raw=''::text remote_raw=''::text local_norm='' remote_norm='' local_hash=596f73 remote_hash=596f73; ordinal_position: local_raw=12 remote_raw=12 local_norm=12 remote_norm=12 local_hash=5970c8 remote_hash=5970c8,No action.,20260716090000_baseline_aruka_v1.sql
column,public,anamneses,rotina_trabalho,present,present,EQUIVALENT,info,data_type: local_raw=text remote_raw=text local_norm=text remote_norm=text local_hash=7c9e690a remote_hash=7c9e690a; udt_name: local_raw=text remote_raw=text local_norm=text remote_norm=text local_hash=7c9e690a remote_hash=7c9e690a; is_nullable: local_raw=NO remote_raw=NO local_norm=NO remote_norm=NO local_hash=5974a2 remote_hash=5974a2; column_default: local_raw=''::text remote_raw=''::text local_norm='' remote_norm='' local_hash=596f73 remote_hash=596f73; ordinal_position: local_raw=5 remote_raw=5 local_norm=5 remote_norm=5 local_hash=2b5da remote_hash=2b5da,No action.,20260716090000_baseline_aruka_v1.sql
column,public,anamneses,sono,present,present,COLUMN_ORDER_DIFFERENT_NON_MATERIAL,informational,data_type: local_raw=text remote_raw=text local_norm=text remote_norm=text local_hash=7c9e690a remote_hash=7c9e690a; udt_name: local_raw=text remote_raw=text local_norm=text remote_norm=text local_hash=7c9e690a remote_hash=7c9e690a; is_nullable: local_raw=NO remote_raw=NO local_norm=NO remote_norm=NO local_hash=5974a2 remote_hash=5974a2; column_default: local_raw=''::text remote_raw=''::text local_norm='' remote_norm='' local_hash=596f73 remote_hash=596f73; ordinal_position: local_raw=26 remote_raw=20 local_norm=26 remote_norm=20 local_hash=5970ed remote_hash=5970e7,Preserve for diagnostics; do not block repair by column order alone.,20260716090000_baseline_aruka_v1.sql
column,public,anamneses,tabagismo,present,present,COLUMN_ORDER_DIFFERENT_NON_MATERIAL,informational,data_type: local_raw=text remote_raw=text local_norm=text remote_norm=text local_hash=7c9e690a remote_hash=7c9e690a; udt_name: local_raw=text remote_raw=text local_norm=text remote_norm=text local_hash=7c9e690a remote_hash=7c9e690a; is_nullable: local_raw=NO remote_raw=NO local_norm=NO remote_norm=NO local_hash=5974a2 remote_hash=5974a2; column_default: local_raw=''::text remote_raw=''::text local_norm='' remote_norm='' local_hash=596f73 remote_hash=596f73; ordinal_position: local_raw=31 remote_raw=25 local_norm=31 remote_norm=25 local_hash=597109 remote_hash=5970ec,Preserve for diagnostics; do not block repair by column order alone.,20260716090000_baseline_aruka_v1.sql
column,public,anamneses,tempo_treino,present,present,EQUIVALENT,info,data_type: local_raw=text remote_raw=text local_norm=text remote_norm=text local_hash=7c9e690a remote_hash=7c9e690a; udt_name: local_raw=text remote_raw=text local_norm=text remote_norm=text local_hash=7c9e690a remote_hash=7c9e690a; is_nullable: local_raw=NO remote_raw=NO local_norm=NO remote_norm=NO local_hash=5974a2 remote_hash=5974a2; column_default: local_raw=''::text remote_raw=''::text local_norm='' remote_norm='' local_hash=596f73 remote_hash=596f73; ordinal_position: local_raw=17 remote_raw=17 local_norm=17 remote_norm=17 local_hash=5970cd remote_hash=5970cd,No action.,20260716090000_baseline_aruka_v1.sql
column,public,anamneses,usa_medicamento,present,present,EQUIVALENT,info,data_type: local_raw=text remote_raw=text local_norm=text remote_norm=text local_hash=7c9e690a remote_hash=7c9e690a; udt_name: local_raw=text remote_raw=text local_norm=text remote_norm=text local_hash=7c9e690a remote_hash=7c9e690a; is_nullable: local_raw=NO remote_raw=NO local_norm=NO remote_norm=NO local_hash=5974a2 remote_hash=5974a2; column_default: local_raw=''::text remote_raw=''::text local_norm='' remote_norm='' local_hash=596f73 remote_hash=596f73; ordinal_position: local_raw=9 remote_raw=9 local_norm=9 remote_norm=9 local_hash=2b5de remote_hash=2b5de,No action.,20260716090000_baseline_aruka_v1.sql
column,public,anamneses,user_id,present,present,EQUIVALENT,info,data_type: local_raw=uuid remote_raw=uuid local_norm=uuid remote_norm=uuid local_hash=7c9f377c remote_hash=7c9f377c; udt_name: local_raw=uuid remote_raw=uuid local_norm=uuid remote_norm=uuid local_hash=7c9f377c remote_hash=7c9f377c; is_nullable: local_raw=NO remote_raw=NO local_norm=NO remote_norm=NO local_hash=5974a2 remote_hash=5974a2; column_default: local_raw=<null> remote_raw=null local_norm=null remote_norm=null local_hash=7c9b6140 remote_hash=7c9b6140; ordinal_position: local_raw=2 remote_raw=2 local_norm=2 remote_norm=2 local_hash=2b5d7 remote_hash=2b5d7,No action.,20260716090000_baseline_aruka_v1.sql
column,public,aoe_audit_events,actor_id,present,present,EQUIVALENT,info,data_type: local_raw=uuid remote_raw=uuid local_norm=uuid remote_norm=uuid local_hash=7c9f377c remote_hash=7c9f377c; udt_name: local_raw=uuid remote_raw=uuid local_norm=uuid remote_norm=uuid local_hash=7c9f377c remote_hash=7c9f377c; is_nullable: local_raw=YES remote_raw=YES local_norm=YES remote_norm=YES local_hash=b8836b6 remote_hash=b8836b6; column_default: local_raw=<null> remote_raw=null local_norm=null remote_norm=null local_hash=7c9b6140 remote_hash=7c9b6140; ordinal_position: local_raw=3 remote_raw=3 local_norm=3 remote_norm=3 local_hash=2b5d8 remote_hash=2b5d8,No action.,20260716090000_baseline_aruka_v1.sql
column,public,aoe_audit_events,actor_role,present,present,EQUIVALENT,info,data_type: local_raw=text remote_raw=text local_norm=text remote_norm=text local_hash=7c9e690a remote_hash=7c9e690a; udt_name: local_raw=text remote_raw=text local_norm=text remote_norm=text local_hash=7c9e690a remote_hash=7c9e690a; is_nullable: local_raw=YES remote_raw=YES local_norm=YES remote_norm=YES local_hash=b8836b6 remote_hash=b8836b6; column_default: local_raw=<null> remote_raw=null local_norm=null remote_norm=null local_hash=7c9b6140 remote_hash=7c9b6140; ordinal_position: local_raw=4 remote_raw=4 local_norm=4 remote_norm=4 local_hash=2b5d9 remote_hash=2b5d9,No action.,20260716090000_baseline_aruka_v1.sql
column,public,aoe_audit_events,correlation_id,present,present,EQUIVALENT,info,data_type: local_raw=text remote_raw=text local_norm=text remote_norm=text local_hash=7c9e690a remote_hash=7c9e690a; udt_name: local_raw=text remote_raw=text local_norm=text remote_norm=text local_hash=7c9e690a remote_hash=7c9e690a; is_nullable: local_raw=YES remote_raw=YES local_norm=YES remote_norm=YES local_hash=b8836b6 remote_hash=b8836b6; column_default: local_raw=<null> remote_raw=null local_norm=null remote_norm=null local_hash=7c9b6140 remote_hash=7c9b6140; ordinal_position: local_raw=9 remote_raw=9 local_norm=9 remote_norm=9 local_hash=2b5de remote_hash=2b5de,No action.,20260716090000_baseline_aruka_v1.sql
column,public,aoe_audit_events,event_type,present,present,EQUIVALENT,info,data_type: local_raw=text remote_raw=text local_norm=text remote_norm=text local_hash=7c9e690a remote_hash=7c9e690a; udt_name: local_raw=text remote_raw=text local_norm=text remote_norm=text local_hash=7c9e690a remote_hash=7c9e690a; is_nullable: local_raw=NO remote_raw=NO local_norm=NO remote_norm=NO local_hash=5974a2 remote_hash=5974a2; column_default: local_raw=<null> remote_raw=null local_norm=null remote_norm=null local_hash=7c9b6140 remote_hash=7c9b6140; ordinal_position: local_raw=2 remote_raw=2 local_norm=2 remote_norm=2 local_hash=2b5d7 remote_hash=2b5d7,No action.,20260716090000_baseline_aruka_v1.sql
column,public,aoe_audit_events,id,present,present,EQUIVALENT,info,data_type: local_raw=text remote_raw=text local_norm=text remote_norm=text local_hash=7c9e690a remote_hash=7c9e690a; udt_name: local_raw=text remote_raw=text local_norm=text remote_norm=text local_hash=7c9e690a remote_hash=7c9e690a; is_nullable: local_raw=NO remote_raw=NO local_norm=NO remote_norm=NO local_hash=5974a2 remote_hash=5974a2; column_default: local_raw=<null> remote_raw=null local_norm=null remote_norm=null local_hash=7c9b6140 remote_hash=7c9b6140; ordinal_position: local_raw=1 remote_raw=1 local_norm=1 remote_norm=1 local_hash=2b5d6 remote_hash=2b5d6,No action.,20260716090000_baseline_aruka_v1.sql
column,public,aoe_audit_events,metadata,present,present,EQUIVALENT,info,data_type: local_raw=jsonb remote_raw=jsonb local_norm=jsonb remote_norm=jsonb local_hash=fbe1be1 remote_hash=fbe1be1; udt_name: local_raw=jsonb remote_raw=jsonb local_norm=jsonb remote_norm=jsonb local_hash=fbe1be1 remote_hash=fbe1be1; is_nullable: local_raw=NO remote_raw=NO local_norm=NO remote_norm=NO local_hash=5974a2 remote_hash=5974a2; column_default: local_raw='{}'::jsonb remote_raw='{}'::jsonb local_norm='{}' remote_norm='{}' local_hash=7c748dcb remote_hash=7c748dcb; ordinal_position: local_raw=11 remote_raw=11 local_norm=11 remote_norm=11 local_hash=5970c7 remote_hash=5970c7,No action.,20260716090000_baseline_aruka_v1.sql
column,public,aoe_audit_events,occurred_at,present,present,EQUIVALENT,info,data_type: local_raw=timestamp with time zone remote_raw=timestamp with time zone local_norm=timestamptz remote_norm=timestamptz local_hash=7acf37c7 remote_hash=7acf37c7; udt_name: local_raw=timestamptz remote_raw=timestamptz local_norm=timestamptz remote_norm=timestamptz local_hash=7acf37c7 remote_hash=7acf37c7; is_nullable: local_raw=NO remote_raw=NO local_norm=NO remote_norm=NO local_hash=5974a2 remote_hash=5974a2; column_default: local_raw=now() remote_raw=now() local_norm=now() remote_norm=now() local_hash=1004652a remote_hash=1004652a; ordinal_position: local_raw=13 remote_raw=13 local_norm=13 remote_norm=13 local_hash=5970c9 remote_hash=5970c9,No action.,20260716090000_baseline_aruka_v1.sql
column,public,aoe_audit_events,organization_id,present,present,EQUIVALENT,info,data_type: local_raw=uuid remote_raw=uuid local_norm=uuid remote_norm=uuid local_hash=7c9f377c remote_hash=7c9f377c; udt_name: local_raw=uuid remote_raw=uuid local_norm=uuid remote_norm=uuid local_hash=7c9f377c remote_hash=7c9f377c; is_nullable: local_raw=YES remote_raw=YES local_norm=YES remote_norm=YES local_hash=b8836b6 remote_hash=b8836b6; column_default: local_raw=<null> remote_raw=null local_norm=null remote_norm=null local_hash=7c9b6140 remote_hash=7c9b6140; ordinal_position: local_raw=5 remote_raw=5 local_norm=5 remote_norm=5 local_hash=2b5da remote_hash=2b5da,No action.,20260716090000_baseline_aruka_v1.sql
column,public,aoe_audit_events,outcome,present,present,EQUIVALENT,info,data_type: local_raw=text remote_raw=text local_norm=text remote_norm=text local_hash=7c9e690a remote_hash=7c9e690a; udt_name: local_raw=text remote_raw=text local_norm=text remote_norm=text local_hash=7c9e690a remote_hash=7c9e690a; is_nullable: local_raw=NO remote_raw=NO local_norm=NO remote_norm=NO local_hash=5974a2 remote_hash=5974a2; column_default: local_raw=<null> remote_raw=null local_norm=null remote_norm=null local_hash=7c9b6140 remote_hash=7c9b6140; ordinal_position: local_raw=10 remote_raw=10 local_norm=10 remote_norm=10 local_hash=5970c6 remote_hash=5970c6,No action.,20260716090000_baseline_aruka_v1.sql
column,public,aoe_audit_events,request_id,present,present,EQUIVALENT,info,data_type: local_raw=text remote_raw=text local_norm=text remote_norm=text local_hash=7c9e690a remote_hash=7c9e690a; udt_name: local_raw=text remote_raw=text local_norm=text remote_norm=text local_hash=7c9e690a remote_hash=7c9e690a; is_nullable: local_raw=YES remote_raw=YES local_norm=YES remote_norm=YES local_hash=b8836b6 remote_hash=b8836b6; column_default: local_raw=<null> remote_raw=null local_norm=null remote_norm=null local_hash=7c9b6140 remote_hash=7c9b6140; ordinal_position: local_raw=8 remote_raw=8 local_norm=8 remote_norm=8 local_hash=2b5dd remote_hash=2b5dd,No action.,20260716090000_baseline_aruka_v1.sql
column,public,aoe_audit_events,resource_id,present,present,EQUIVALENT,info,data_type: local_raw=text remote_raw=text local_norm=text remote_norm=text local_hash=7c9e690a remote_hash=7c9e690a; udt_name: local_raw=text remote_raw=text local_norm=text remote_norm=text local_hash=7c9e690a remote_hash=7c9e690a; is_nullable: local_raw=YES remote_raw=YES local_norm=YES remote_norm=YES local_hash=b8836b6 remote_hash=b8836b6; column_default: local_raw=<null> remote_raw=null local_norm=null remote_norm=null local_hash=7c9b6140 remote_hash=7c9b6140; ordinal_position: local_raw=7 remote_raw=7 local_norm=7 remote_norm=7 local_hash=2b5dc remote_hash=2b5dc,No action.,20260716090000_baseline_aruka_v1.sql
column,public,aoe_audit_events,resource_type,present,present,EQUIVALENT,info,data_type: local_raw=text remote_raw=text local_norm=text remote_norm=text local_hash=7c9e690a remote_hash=7c9e690a; udt_name: local_raw=text remote_raw=text local_norm=text remote_norm=text local_hash=7c9e690a remote_hash=7c9e690a; is_nullable: local_raw=YES remote_raw=YES local_norm=YES remote_norm=YES local_hash=b8836b6 remote_hash=b8836b6; column_default: local_raw=<null> remote_raw=null local_norm=null remote_norm=null local_hash=7c9b6140 remote_hash=7c9b6140; ordinal_position: local_raw=6 remote_raw=6 local_norm=6 remote_norm=6 local_hash=2b5db remote_hash=2b5db,No action.,20260716090000_baseline_aruka_v1.sql
column,public,aoe_audit_events,versions,present,present,EQUIVALENT,info,data_type: local_raw=jsonb remote_raw=jsonb local_norm=jsonb remote_norm=jsonb local_hash=fbe1be1 remote_hash=fbe1be1; udt_name: local_raw=jsonb remote_raw=jsonb local_norm=jsonb remote_norm=jsonb local_hash=fbe1be1 remote_hash=fbe1be1; is_nullable: local_raw=NO remote_raw=NO local_norm=NO remote_norm=NO local_hash=5974a2 remote_hash=5974a2; column_default: local_raw='{}'::jsonb remote_raw='{}'::jsonb local_norm='{}' remote_norm='{}' local_hash=7c748dcb remote_hash=7c748dcb; ordinal_position: local_raw=12 remote_raw=12 local_norm=12 remote_norm=12 local_hash=5970c8 remote_hash=5970c8,No action.,20260716090000_baseline_aruka_v1.sql
column,public,aoe_decision_traces,created_at,present,present,EQUIVALENT,info,data_type: local_raw=timestamp with time zone remote_raw=timestamp with time zone local_norm=timestamptz remote_norm=timestamptz local_hash=7acf37c7 remote_hash=7acf37c7; udt_name: local_raw=timestamptz remote_raw=timestamptz local_norm=timestamptz remote_norm=timestamptz local_hash=7acf37c7 remote_hash=7acf37c7; is_nullable: local_raw=NO remote_raw=NO local_norm=NO remote_norm=NO local_hash=5974a2 remote_hash=5974a2; column_default: local_raw=now() remote_raw=now() local_norm=now() remote_norm=now() local_hash=1004652a remote_hash=1004652a; ordinal_position: local_raw=7 remote_raw=7 local_norm=7 remote_norm=7 local_hash=2b5dc remote_hash=2b5dc,No action.,20260716090000_baseline_aruka_v1.sql
column,public,aoe_decision_traces,decision_id,present,present,EQUIVALENT,info,data_type: local_raw=text remote_raw=text local_norm=text remote_norm=text local_hash=7c9e690a remote_hash=7c9e690a; udt_name: local_raw=text remote_raw=text local_norm=text remote_norm=text local_hash=7c9e690a remote_hash=7c9e690a; is_nullable: local_raw=NO remote_raw=NO local_norm=NO remote_norm=NO local_hash=5974a2 remote_hash=5974a2; column_default: local_raw=<null> remote_raw=null local_norm=null remote_norm=null local_hash=7c9b6140 remote_hash=7c9b6140; ordinal_position: local_raw=2 remote_raw=2 local_norm=2 remote_norm=2 local_hash=2b5d7 remote_hash=2b5d7,No action.,20260716090000_baseline_aruka_v1.sql
column,public,aoe_decision_traces,id,present,present,EQUIVALENT,info,data_type: local_raw=text remote_raw=text local_norm=text remote_norm=text local_hash=7c9e690a remote_hash=7c9e690a; udt_name: local_raw=text remote_raw=text local_norm=text remote_norm=text local_hash=7c9e690a remote_hash=7c9e690a; is_nullable: local_raw=NO remote_raw=NO local_norm=NO remote_norm=NO local_hash=5974a2 remote_hash=5974a2; column_default: local_raw=<null> remote_raw=null local_norm=null remote_norm=null local_hash=7c9b6140 remote_hash=7c9b6140; ordinal_position: local_raw=1 remote_raw=1 local_norm=1 remote_norm=1 local_hash=2b5d6 remote_hash=2b5d6,No action.,20260716090000_baseline_aruka_v1.sql
column,public,aoe_decision_traces,organization_id,present,present,EQUIVALENT,info,data_type: local_raw=uuid remote_raw=uuid local_norm=uuid remote_norm=uuid local_hash=7c9f377c remote_hash=7c9f377c; udt_name: local_raw=uuid remote_raw=uuid local_norm=uuid remote_norm=uuid local_hash=7c9f377c remote_hash=7c9f377c; is_nullable: local_raw=YES remote_raw=YES local_norm=YES remote_norm=YES local_hash=b8836b6 remote_hash=b8836b6; column_default: local_raw=<null> remote_raw=null local_norm=null remote_norm=null local_hash=7c9b6140 remote_hash=7c9b6140; ordinal_position: local_raw=3 remote_raw=3 local_norm=3 remote_norm=3 local_hash=2b5d8 remote_hash=2b5d8,No action.,20260716090000_baseline_aruka_v1.sql
column,public,aoe_decision_traces,redaction_version,present,present,EQUIVALENT,info,data_type: local_raw=text remote_raw=text local_norm=text remote_norm=text local_hash=7c9e690a remote_hash=7c9e690a; udt_name: local_raw=text remote_raw=text local_norm=text remote_norm=text local_hash=7c9e690a remote_hash=7c9e690a; is_nullable: local_raw=NO remote_raw=NO local_norm=NO remote_norm=NO local_hash=5974a2 remote_hash=5974a2; column_default: local_raw='1.0.0'::text remote_raw='1.0.0'::text local_norm='1.0.0' remote_norm='1.0.0' local_hash=33872900 remote_hash=33872900; ordinal_position: local_raw=6 remote_raw=6 local_norm=6 remote_norm=6 local_hash=2b5db remote_hash=2b5db,No action.,20260716090000_baseline_aruka_v1.sql
column,public,aoe_decision_traces,trace_payload,present,present,EQUIVALENT,info,data_type: local_raw=jsonb remote_raw=jsonb local_norm=jsonb remote_norm=jsonb local_hash=fbe1be1 remote_hash=fbe1be1; udt_name: local_raw=jsonb remote_raw=jsonb local_norm=jsonb remote_norm=jsonb local_hash=fbe1be1 remote_hash=fbe1be1; is_nullable: local_raw=NO remote_raw=NO local_norm=NO remote_norm=NO local_hash=5974a2 remote_hash=5974a2; column_default: local_raw=<null> remote_raw=null local_norm=null remote_norm=null local_hash=7c9b6140 remote_hash=7c9b6140; ordinal_position: local_raw=5 remote_raw=5 local_norm=5 remote_norm=5 local_hash=2b5da remote_hash=2b5da,No action.,20260716090000_baseline_aruka_v1.sql
column,public,aoe_decision_traces,trace_version,present,present,EQUIVALENT,info,data_type: local_raw=text remote_raw=text local_norm=text remote_norm=text local_hash=7c9e690a remote_hash=7c9e690a; udt_name: local_raw=text remote_raw=text local_norm=text remote_norm=text local_hash=7c9e690a remote_hash=7c9e690a; is_nullable: local_raw=NO remote_raw=NO local_norm=NO remote_norm=NO local_hash=5974a2 remote_hash=5974a2; column_default: local_raw=<null> remote_raw=null local_norm=null remote_norm=null local_hash=7c9b6140 remote_hash=7c9b6140; ordinal_position: local_raw=4 remote_raw=4 local_norm=4 remote_norm=4 local_hash=2b5d9 remote_hash=2b5d9,No action.,20260716090000_baseline_aruka_v1.sql
column,public,aoe_decisions,actor_id,present,present,EQUIVALENT,info,data_type: local_raw=uuid remote_raw=uuid local_norm=uuid remote_norm=uuid local_hash=7c9f377c remote_hash=7c9f377c; udt_name: local_raw=uuid remote_raw=uuid local_norm=uuid remote_norm=uuid local_hash=7c9f377c remote_hash=7c9f377c; is_nullable: local_raw=NO remote_raw=NO local_norm=NO remote_norm=NO local_hash=5974a2 remote_hash=5974a2; column_default: local_raw=<null> remote_raw=null local_norm=null remote_norm=null local_hash=7c9b6140 remote_hash=7c9b6140; ordinal_position: local_raw=3 remote_raw=3 local_norm=3 remote_norm=3 local_hash=2b5d8 remote_hash=2b5d8,No action.,20260716090000_baseline_aruka_v1.sql
column,public,aoe_decisions,alternatives,present,present,EQUIVALENT,info,data_type: local_raw=jsonb remote_raw=jsonb local_norm=jsonb remote_norm=jsonb local_hash=fbe1be1 remote_hash=fbe1be1; udt_name: local_raw=jsonb remote_raw=jsonb local_norm=jsonb remote_norm=jsonb local_hash=fbe1be1 remote_hash=fbe1be1; is_nullable: local_raw=NO remote_raw=NO local_norm=NO remote_norm=NO local_hash=5974a2 remote_hash=5974a2; column_default: local_raw='[]'::jsonb remote_raw='[]'::jsonb local_norm='[]' remote_norm='[]' local_hash=7c74018b remote_hash=7c74018b; ordinal_position: local_raw=10 remote_raw=10 local_norm=10 remote_norm=10 local_hash=5970c6 remote_hash=5970c6,No action.,20260716090000_baseline_aruka_v1.sql
column,public,aoe_decisions,ambiguity_level,present,present,EQUIVALENT,info,data_type: local_raw=text remote_raw=text local_norm=text remote_norm=text local_hash=7c9e690a remote_hash=7c9e690a; udt_name: local_raw=text remote_raw=text local_norm=text remote_norm=text local_hash=7c9e690a remote_hash=7c9e690a; is_nullable: local_raw=YES remote_raw=YES local_norm=YES remote_norm=YES local_hash=b8836b6 remote_hash=b8836b6; column_default: local_raw=<null> remote_raw=null local_norm=null remote_norm=null local_hash=7c9b6140 remote_hash=7c9b6140; ordinal_position: local_raw=17 remote_raw=17 local_norm=17 remote_norm=17 local_hash=5970cd remote_hash=5970cd,No action.,20260716090000_baseline_aruka_v1.sql
column,public,aoe_decisions,compatibility_score,present,present,EQUIVALENT,info,data_type: local_raw=numeric remote_raw=numeric local_norm=numeric remote_norm=numeric local_hash=301f0df8 remote_hash=301f0df8; udt_name: local_raw=numeric remote_raw=numeric local_norm=numeric remote_norm=numeric local_hash=301f0df8 remote_hash=301f0df8; is_nullable: local_raw=YES remote_raw=YES local_norm=YES remote_norm=YES local_hash=b8836b6 remote_hash=b8836b6; column_default: local_raw=<null> remote_raw=null local_norm=null remote_norm=null local_hash=7c9b6140 remote_hash=7c9b6140; ordinal_position: local_raw=11 remote_raw=11 local_norm=11 remote_norm=11 local_hash=5970c7 remote_hash=5970c7,No action.,20260716090000_baseline_aruka_v1.sql
column,public,aoe_decisions,confidence_level,present,present,EQUIVALENT,info,data_type: local_raw=text remote_raw=text local_norm=text remote_norm=text local_hash=7c9e690a remote_hash=7c9e690a; udt_name: local_raw=text remote_raw=text local_norm=text remote_norm=text local_hash=7c9e690a remote_hash=7c9e690a; is_nullable: local_raw=YES remote_raw=YES local_norm=YES remote_norm=YES local_hash=b8836b6 remote_hash=b8836b6; column_default: local_raw=<null> remote_raw=null local_norm=null remote_norm=null local_hash=7c9b6140 remote_hash=7c9b6140; ordinal_position: local_raw=14 remote_raw=14 local_norm=14 remote_norm=14 local_hash=5970ca remote_hash=5970ca,No action.,20260716090000_baseline_aruka_v1.sql
column,public,aoe_decisions,confidence_score,present,present,EQUIVALENT,info,data_type: local_raw=numeric remote_raw=numeric local_norm=numeric remote_norm=numeric local_hash=301f0df8 remote_hash=301f0df8; udt_name: local_raw=numeric remote_raw=numeric local_norm=numeric remote_norm=numeric local_hash=301f0df8 remote_hash=301f0df8; is_nullable: local_raw=YES remote_raw=YES local_norm=YES remote_norm=YES local_hash=b8836b6 remote_hash=b8836b6; column_default: local_raw=<null> remote_raw=null local_norm=null remote_norm=null local_hash=7c9b6140 remote_hash=7c9b6140; ordinal_position: local_raw=13 remote_raw=13 local_norm=13 remote_norm=13 local_hash=5970c9 remote_hash=5970c9,No action.,20260716090000_baseline_aruka_v1.sql
column,public,aoe_decisions,created_at,present,present,EQUIVALENT,info,data_type: local_raw=timestamp with time zone remote_raw=timestamp with time zone local_norm=timestamptz remote_norm=timestamptz local_hash=7acf37c7 remote_hash=7acf37c7; udt_name: local_raw=timestamptz remote_raw=timestamptz local_norm=timestamptz remote_norm=timestamptz local_hash=7acf37c7 remote_hash=7acf37c7; is_nullable: local_raw=NO remote_raw=NO local_norm=NO remote_norm=NO local_hash=5974a2 remote_hash=5974a2; column_default: local_raw=now() remote_raw=now() local_norm=now() remote_norm=now() local_hash=1004652a remote_hash=1004652a; ordinal_position: local_raw=25 remote_raw=25 local_norm=25 remote_norm=25 local_hash=5970ec remote_hash=5970ec,No action.,20260716090000_baseline_aruka_v1.sql
column,public,aoe_decisions,human_review_id,present,present,EQUIVALENT,info,data_type: local_raw=text remote_raw=text local_norm=text remote_norm=text local_hash=7c9e690a remote_hash=7c9e690a; udt_name: local_raw=text remote_raw=text local_norm=text remote_norm=text local_hash=7c9e690a remote_hash=7c9e690a; is_nullable: local_raw=YES remote_raw=YES local_norm=YES remote_norm=YES local_hash=b8836b6 remote_hash=b8836b6; column_default: local_raw=<null> remote_raw=null local_norm=null remote_norm=null local_hash=7c9b6140 remote_hash=7c9b6140; ordinal_position: local_raw=21 remote_raw=21 local_norm=21 remote_norm=21 local_hash=5970e8 remote_hash=5970e8,No action.,20260716090000_baseline_aruka_v1.sql
column,public,aoe_decisions,human_review_required,present,present,EQUIVALENT,info,data_type: local_raw=boolean remote_raw=boolean local_norm=bool remote_norm=bool local_hash=7c94b391 remote_hash=7c94b391; udt_name: local_raw=bool remote_raw=bool local_norm=bool remote_norm=bool local_hash=7c94b391 remote_hash=7c94b391; is_nullable: local_raw=NO remote_raw=NO local_norm=NO remote_norm=NO local_hash=5974a2 remote_hash=5974a2; column_default: local_raw=false remote_raw=false local_norm=false remote_norm=false local_hash=f6bcef0 remote_hash=f6bcef0; ordinal_position: local_raw=20 remote_raw=20 local_norm=20 remote_norm=20 local_hash=5970e7 remote_hash=5970e7,No action.,20260716090000_baseline_aruka_v1.sql
column,public,aoe_decisions,id,present,present,EQUIVALENT,info,data_type: local_raw=text remote_raw=text local_norm=text remote_norm=text local_hash=7c9e690a remote_hash=7c9e690a; udt_name: local_raw=text remote_raw=text local_norm=text remote_norm=text local_hash=7c9e690a remote_hash=7c9e690a; is_nullable: local_raw=NO remote_raw=NO local_norm=NO remote_norm=NO local_hash=5974a2 remote_hash=5974a2; column_default: local_raw=<null> remote_raw=null local_norm=null remote_norm=null local_hash=7c9b6140 remote_hash=7c9b6140; ordinal_position: local_raw=1 remote_raw=1 local_norm=1 remote_norm=1 local_hash=2b5d6 remote_hash=2b5d6,No action.,20260716090000_baseline_aruka_v1.sql
column,public,aoe_decisions,organization_id,present,present,EQUIVALENT,info,data_type: local_raw=uuid remote_raw=uuid local_norm=uuid remote_norm=uuid local_hash=7c9f377c remote_hash=7c9f377c; udt_name: local_raw=uuid remote_raw=uuid local_norm=uuid remote_norm=uuid local_hash=7c9f377c remote_hash=7c9f377c; is_nullable: local_raw=YES remote_raw=YES local_norm=YES remote_norm=YES local_hash=b8836b6 remote_hash=b8836b6; column_default: local_raw=<null> remote_raw=null local_norm=null remote_norm=null local_hash=7c9b6140 remote_hash=7c9b6140; ordinal_position: local_raw=5 remote_raw=5 local_norm=5 remote_norm=5 local_hash=2b5da remote_hash=2b5da,No action.,20260716090000_baseline_aruka_v1.sql
column,public,aoe_decisions,public_response,present,present,EQUIVALENT,info,data_type: local_raw=jsonb remote_raw=jsonb local_norm=jsonb remote_norm=jsonb local_hash=fbe1be1 remote_hash=fbe1be1; udt_name: local_raw=jsonb remote_raw=jsonb local_norm=jsonb remote_norm=jsonb local_hash=fbe1be1 remote_hash=fbe1be1; is_nullable: local_raw=NO remote_raw=NO local_norm=NO remote_norm=NO local_hash=5974a2 remote_hash=5974a2; column_default: local_raw=<null> remote_raw=null local_norm=null remote_norm=null local_hash=7c9b6140 remote_hash=7c9b6140; ordinal_position: local_raw=23 remote_raw=23 local_norm=23 remote_norm=23 local_hash=5970ea remote_hash=5970ea,No action.,20260716090000_baseline_aruka_v1.sql
column,public,aoe_decisions,raw_score,present,present,EQUIVALENT,info,data_type: local_raw=numeric remote_raw=numeric local_norm=numeric remote_norm=numeric local_hash=301f0df8 remote_hash=301f0df8; udt_name: local_raw=numeric remote_raw=numeric local_norm=numeric remote_norm=numeric local_hash=301f0df8 remote_hash=301f0df8; is_nullable: local_raw=YES remote_raw=YES local_norm=YES remote_norm=YES local_hash=b8836b6 remote_hash=b8836b6; column_default: local_raw=<null> remote_raw=null local_norm=null remote_norm=null local_hash=7c9b6140 remote_hash=7c9b6140; ordinal_position: local_raw=12 remote_raw=12 local_norm=12 remote_norm=12 local_hash=5970c8 remote_hash=5970c8,No action.,20260716090000_baseline_aruka_v1.sql
column,public,aoe_decisions,reason_codes,present,present,EQUIVALENT,info,data_type: local_raw=jsonb remote_raw=jsonb local_norm=jsonb remote_norm=jsonb local_hash=fbe1be1 remote_hash=fbe1be1; udt_name: local_raw=jsonb remote_raw=jsonb local_norm=jsonb remote_norm=jsonb local_hash=fbe1be1 remote_hash=fbe1be1; is_nullable: local_raw=NO remote_raw=NO local_norm=NO remote_norm=NO local_hash=5974a2 remote_hash=5974a2; column_default: local_raw='[]'::jsonb remote_raw='[]'::jsonb local_norm='[]' remote_norm='[]' local_hash=7c74018b remote_hash=7c74018b; ordinal_position: local_raw=19 remote_raw=19 local_norm=19 remote_norm=19 local_hash=5970cf remote_hash=5970cf,No action.,20260716090000_baseline_aruka_v1.sql
column,public,aoe_decisions,request_id,present,present,EQUIVALENT,info,data_type: local_raw=text remote_raw=text local_norm=text remote_norm=text local_hash=7c9e690a remote_hash=7c9e690a; udt_name: local_raw=text remote_raw=text local_norm=text remote_norm=text local_hash=7c9e690a remote_hash=7c9e690a; is_nullable: local_raw=NO remote_raw=NO local_norm=NO remote_norm=NO local_hash=5974a2 remote_hash=5974a2; column_default: local_raw=<null> remote_raw=null local_norm=null remote_norm=null local_hash=7c9b6140 remote_hash=7c9b6140; ordinal_position: local_raw=2 remote_raw=2 local_norm=2 remote_norm=2 local_hash=2b5d7 remote_hash=2b5d7,No action.,20260716090000_baseline_aruka_v1.sql
column,public,aoe_decisions,risk_level,present,present,EQUIVALENT,info,data_type: local_raw=text remote_raw=text local_norm=text remote_norm=text local_hash=7c9e690a remote_hash=7c9e690a; udt_name: local_raw=text remote_raw=text local_norm=text remote_norm=text local_hash=7c9e690a remote_hash=7c9e690a; is_nullable: local_raw=YES remote_raw=YES local_norm=YES remote_norm=YES local_hash=b8836b6 remote_hash=b8836b6; column_default: local_raw=<null> remote_raw=null local_norm=null remote_norm=null local_hash=7c9b6140 remote_hash=7c9b6140; ordinal_position: local_raw=16 remote_raw=16 local_norm=16 remote_norm=16 local_hash=5970cc remote_hash=5970cc,No action.,20260716090000_baseline_aruka_v1.sql
column,public,aoe_decisions,risk_score,present,present,EQUIVALENT,info,data_type: local_raw=numeric remote_raw=numeric local_norm=numeric remote_norm=numeric local_hash=301f0df8 remote_hash=301f0df8; udt_name: local_raw=numeric remote_raw=numeric local_norm=numeric remote_norm=numeric local_hash=301f0df8 remote_hash=301f0df8; is_nullable: local_raw=YES remote_raw=YES local_norm=YES remote_norm=YES local_hash=b8836b6 remote_hash=b8836b6; column_default: local_raw=<null> remote_raw=null local_norm=null remote_norm=null local_hash=7c9b6140 remote_hash=7c9b6140; ordinal_position: local_raw=15 remote_raw=15 local_norm=15 remote_norm=15 local_hash=5970cb remote_hash=5970cb,No action.,20260716090000_baseline_aruka_v1.sql
column,public,aoe_decisions,selected_apl_release,present,present,EQUIVALENT,info,data_type: local_raw=text remote_raw=text local_norm=text remote_norm=text local_hash=7c9e690a remote_hash=7c9e690a; udt_name: local_raw=text remote_raw=text local_norm=text remote_norm=text local_hash=7c9e690a remote_hash=7c9e690a; is_nullable: local_raw=YES remote_raw=YES local_norm=YES remote_norm=YES local_hash=b8836b6 remote_hash=b8836b6; column_default: local_raw=<null> remote_raw=null local_norm=null remote_norm=null local_hash=7c9b6140 remote_hash=7c9b6140; ordinal_position: local_raw=9 remote_raw=9 local_norm=9 remote_norm=9 local_hash=2b5de remote_hash=2b5de,No action.,20260716090000_baseline_aruka_v1.sql
column,public,aoe_decisions,selected_model_code,present,present,EQUIVALENT,info,data_type: local_raw=text remote_raw=text local_norm=text remote_norm=text local_hash=7c9e690a remote_hash=7c9e690a; udt_name: local_raw=text remote_raw=text local_norm=text remote_norm=text local_hash=7c9e690a remote_hash=7c9e690a; is_nullable: local_raw=YES remote_raw=YES local_norm=YES remote_norm=YES local_hash=b8836b6 remote_hash=b8836b6; column_default: local_raw=<null> remote_raw=null local_norm=null remote_norm=null local_hash=7c9b6140 remote_hash=7c9b6140; ordinal_position: local_raw=7 remote_raw=7 local_norm=7 remote_norm=7 local_hash=2b5dc remote_hash=2b5dc,No action.,20260716090000_baseline_aruka_v1.sql
column,public,aoe_decisions,selected_model_version,present,present,EQUIVALENT,info,data_type: local_raw=text remote_raw=text local_norm=text remote_norm=text local_hash=7c9e690a remote_hash=7c9e690a; udt_name: local_raw=text remote_raw=text local_norm=text remote_norm=text local_hash=7c9e690a remote_hash=7c9e690a; is_nullable: local_raw=YES remote_raw=YES local_norm=YES remote_norm=YES local_hash=b8836b6 remote_hash=b8836b6; column_default: local_raw=<null> remote_raw=null local_norm=null remote_norm=null local_hash=7c9b6140 remote_hash=7c9b6140; ordinal_position: local_raw=8 remote_raw=8 local_norm=8 remote_norm=8 local_hash=2b5dd remote_hash=2b5dd,No action.,20260716090000_baseline_aruka_v1.sql
column,public,aoe_decisions,status,present,present,EQUIVALENT,info,data_type: local_raw=text remote_raw=text local_norm=text remote_norm=text local_hash=7c9e690a remote_hash=7c9e690a; udt_name: local_raw=text remote_raw=text local_norm=text remote_norm=text local_hash=7c9e690a remote_hash=7c9e690a; is_nullable: local_raw=NO remote_raw=NO local_norm=NO remote_norm=NO local_hash=5974a2 remote_hash=5974a2; column_default: local_raw=<null> remote_raw=null local_norm=null remote_norm=null local_hash=7c9b6140 remote_hash=7c9b6140; ordinal_position: local_raw=6 remote_raw=6 local_norm=6 remote_norm=6 local_hash=2b5db remote_hash=2b5db,No action.,20260716090000_baseline_aruka_v1.sql
column,public,aoe_decisions,student_id,present,present,EQUIVALENT,info,data_type: local_raw=uuid remote_raw=uuid local_norm=uuid remote_norm=uuid local_hash=7c9f377c remote_hash=7c9f377c; udt_name: local_raw=uuid remote_raw=uuid local_norm=uuid remote_norm=uuid local_hash=7c9f377c remote_hash=7c9f377c; is_nullable: local_raw=NO remote_raw=NO local_norm=NO remote_norm=NO local_hash=5974a2 remote_hash=5974a2; column_default: local_raw=<null> remote_raw=null local_norm=null remote_norm=null local_hash=7c9b6140 remote_hash=7c9b6140; ordinal_position: local_raw=4 remote_raw=4 local_norm=4 remote_norm=4 local_hash=2b5d9 remote_hash=2b5d9,No action.,20260716090000_baseline_aruka_v1.sql
column,public,aoe_decisions,trace_reference,present,present,EQUIVALENT,info,data_type: local_raw=jsonb remote_raw=jsonb local_norm=jsonb remote_norm=jsonb local_hash=fbe1be1 remote_hash=fbe1be1; udt_name: local_raw=jsonb remote_raw=jsonb local_norm=jsonb remote_norm=jsonb local_hash=fbe1be1 remote_hash=fbe1be1; is_nullable: local_raw=YES remote_raw=YES local_norm=YES remote_norm=YES local_hash=b8836b6 remote_hash=b8836b6; column_default: local_raw=<null> remote_raw=null local_norm=null remote_norm=null local_hash=7c9b6140 remote_hash=7c9b6140; ordinal_position: local_raw=24 remote_raw=24 local_norm=24 remote_norm=24 local_hash=5970eb remote_hash=5970eb,No action.,20260716090000_baseline_aruka_v1.sql
column,public,aoe_decisions,updated_at,present,present,EQUIVALENT,info,data_type: local_raw=timestamp with time zone remote_raw=timestamp with time zone local_norm=timestamptz remote_norm=timestamptz local_hash=7acf37c7 remote_hash=7acf37c7; udt_name: local_raw=timestamptz remote_raw=timestamptz local_norm=timestamptz remote_norm=timestamptz local_hash=7acf37c7 remote_hash=7acf37c7; is_nullable: local_raw=NO remote_raw=NO local_norm=NO remote_norm=NO local_hash=5974a2 remote_hash=5974a2; column_default: local_raw=now() remote_raw=now() local_norm=now() remote_norm=now() local_hash=1004652a remote_hash=1004652a; ordinal_position: local_raw=26 remote_raw=26 local_norm=26 remote_norm=26 local_hash=5970ed remote_hash=5970ed,No action.,20260716090000_baseline_aruka_v1.sql
column,public,aoe_decisions,versions,present,present,EQUIVALENT,info,data_type: local_raw=jsonb remote_raw=jsonb local_norm=jsonb remote_norm=jsonb local_hash=fbe1be1 remote_hash=fbe1be1; udt_name: local_raw=jsonb remote_raw=jsonb local_norm=jsonb remote_norm=jsonb local_hash=fbe1be1 remote_hash=fbe1be1; is_nullable: local_raw=NO remote_raw=NO local_norm=NO remote_norm=NO local_hash=5974a2 remote_hash=5974a2; column_default: local_raw='{}'::jsonb remote_raw='{}'::jsonb local_norm='{}' remote_norm='{}' local_hash=7c748dcb remote_hash=7c748dcb; ordinal_position: local_raw=22 remote_raw=22 local_norm=22 remote_norm=22 local_hash=5970e9 remote_hash=5970e9,No action.,20260716090000_baseline_aruka_v1.sql
column,public,aoe_decisions,warnings,present,present,EQUIVALENT,info,data_type: local_raw=jsonb remote_raw=jsonb local_norm=jsonb remote_norm=jsonb local_hash=fbe1be1 remote_hash=fbe1be1; udt_name: local_raw=jsonb remote_raw=jsonb local_norm=jsonb remote_norm=jsonb local_hash=fbe1be1 remote_hash=fbe1be1; is_nullable: local_raw=NO remote_raw=NO local_norm=NO remote_norm=NO local_hash=5974a2 remote_hash=5974a2; column_default: local_raw='[]'::jsonb remote_raw='[]'::jsonb local_norm='[]' remote_norm='[]' local_hash=7c74018b remote_hash=7c74018b; ordinal_position: local_raw=18 remote_raw=18 local_norm=18 remote_norm=18 local_hash=5970ce remote_hash=5970ce,No action.,20260716090000_baseline_aruka_v1.sql
column,public,aoe_human_reviews,adjustments,present,present,EQUIVALENT,info,data_type: local_raw=jsonb remote_raw=jsonb local_norm=jsonb remote_norm=jsonb local_hash=fbe1be1 remote_hash=fbe1be1; udt_name: local_raw=jsonb remote_raw=jsonb local_norm=jsonb remote_norm=jsonb local_hash=fbe1be1 remote_hash=fbe1be1; is_nullable: local_raw=NO remote_raw=NO local_norm=NO remote_norm=NO local_hash=5974a2 remote_hash=5974a2; column_default: local_raw='[]'::jsonb remote_raw='[]'::jsonb local_norm='[]' remote_norm='[]' local_hash=7c74018b remote_hash=7c74018b; ordinal_position: local_raw=11 remote_raw=11 local_norm=11 remote_norm=11 local_hash=5970c7 remote_hash=5970c7,No action.,20260716090000_baseline_aruka_v1.sql
column,public,aoe_human_reviews,blocking,present,present,EQUIVALENT,info,data_type: local_raw=boolean remote_raw=boolean local_norm=bool remote_norm=bool local_hash=7c94b391 remote_hash=7c94b391; udt_name: local_raw=bool remote_raw=bool local_norm=bool remote_norm=bool local_hash=7c94b391 remote_hash=7c94b391; is_nullable: local_raw=NO remote_raw=NO local_norm=NO remote_norm=NO local_hash=5974a2 remote_hash=5974a2; column_default: local_raw=false remote_raw=false local_norm=false remote_norm=false local_hash=f6bcef0 remote_hash=f6bcef0; ordinal_position: local_raw=6 remote_raw=6 local_norm=6 remote_norm=6 local_hash=2b5db remote_hash=2b5db,No action.,20260716090000_baseline_aruka_v1.sql
column,public,aoe_human_reviews,checklist,present,present,EQUIVALENT,info,data_type: local_raw=jsonb remote_raw=jsonb local_norm=jsonb remote_norm=jsonb local_hash=fbe1be1 remote_hash=fbe1be1; udt_name: local_raw=jsonb remote_raw=jsonb local_norm=jsonb remote_norm=jsonb local_hash=fbe1be1 remote_hash=fbe1be1; is_nullable: local_raw=NO remote_raw=NO local_norm=NO remote_norm=NO local_hash=5974a2 remote_hash=5974a2; column_default: local_raw='[]'::jsonb remote_raw='[]'::jsonb local_norm='[]' remote_norm='[]' local_hash=7c74018b remote_hash=7c74018b; ordinal_position: local_raw=8 remote_raw=8 local_norm=8 remote_norm=8 local_hash=2b5dd remote_hash=2b5dd,No action.,20260716090000_baseline_aruka_v1.sql
column,public,aoe_human_reviews,completed_at,present,present,EQUIVALENT,info,data_type: local_raw=timestamp with time zone remote_raw=timestamp with time zone local_norm=timestamptz remote_norm=timestamptz local_hash=7acf37c7 remote_hash=7acf37c7; udt_name: local_raw=timestamptz remote_raw=timestamptz local_norm=timestamptz remote_norm=timestamptz local_hash=7acf37c7 remote_hash=7acf37c7; is_nullable: local_raw=YES remote_raw=YES local_norm=YES remote_norm=YES local_hash=b8836b6 remote_hash=b8836b6; column_default: local_raw=<null> remote_raw=null local_norm=null remote_norm=null local_hash=7c9b6140 remote_hash=7c9b6140; ordinal_position: local_raw=15 remote_raw=15 local_norm=15 remote_norm=15 local_hash=5970cb remote_hash=5970cb,No action.,20260716090000_baseline_aruka_v1.sql
column,public,aoe_human_reviews,created_at,present,present,EQUIVALENT,info,data_type: local_raw=timestamp with time zone remote_raw=timestamp with time zone local_norm=timestamptz remote_norm=timestamptz local_hash=7acf37c7 remote_hash=7acf37c7; udt_name: local_raw=timestamptz remote_raw=timestamptz local_norm=timestamptz remote_norm=timestamptz local_hash=7acf37c7 remote_hash=7acf37c7; is_nullable: local_raw=NO remote_raw=NO local_norm=NO remote_norm=NO local_hash=5974a2 remote_hash=5974a2; column_default: local_raw=now() remote_raw=now() local_norm=now() remote_norm=now() local_hash=1004652a remote_hash=1004652a; ordinal_position: local_raw=13 remote_raw=13 local_norm=13 remote_norm=13 local_hash=5970c9 remote_hash=5970c9,No action.,20260716090000_baseline_aruka_v1.sql
column,public,aoe_human_reviews,decision_id,present,present,EQUIVALENT,info,data_type: local_raw=text remote_raw=text local_norm=text remote_norm=text local_hash=7c9e690a remote_hash=7c9e690a; udt_name: local_raw=text remote_raw=text local_norm=text remote_norm=text local_hash=7c9e690a remote_hash=7c9e690a; is_nullable: local_raw=NO remote_raw=NO local_norm=NO remote_norm=NO local_hash=5974a2 remote_hash=5974a2; column_default: local_raw=<null> remote_raw=null local_norm=null remote_norm=null local_hash=7c9b6140 remote_hash=7c9b6140; ordinal_position: local_raw=2 remote_raw=2 local_norm=2 remote_norm=2 local_hash=2b5d7 remote_hash=2b5d7,No action.,20260716090000_baseline_aruka_v1.sql
column,public,aoe_human_reviews,id,present,present,EQUIVALENT,info,data_type: local_raw=text remote_raw=text local_norm=text remote_norm=text local_hash=7c9e690a remote_hash=7c9e690a; udt_name: local_raw=text remote_raw=text local_norm=text remote_norm=text local_hash=7c9e690a remote_hash=7c9e690a; is_nullable: local_raw=NO remote_raw=NO local_norm=NO remote_norm=NO local_hash=5974a2 remote_hash=5974a2; column_default: local_raw=<null> remote_raw=null local_norm=null remote_norm=null local_hash=7c9b6140 remote_hash=7c9b6140; ordinal_position: local_raw=1 remote_raw=1 local_norm=1 remote_norm=1 local_hash=2b5d6 remote_hash=2b5d6,No action.,20260716090000_baseline_aruka_v1.sql
column,public,aoe_human_reviews,notes,present,present,EQUIVALENT,info,data_type: local_raw=text remote_raw=text local_norm=text remote_norm=text local_hash=7c9e690a remote_hash=7c9e690a; udt_name: local_raw=text remote_raw=text local_norm=text remote_norm=text local_hash=7c9e690a remote_hash=7c9e690a; is_nullable: local_raw=NO remote_raw=NO local_norm=NO remote_norm=NO local_hash=5974a2 remote_hash=5974a2; column_default: local_raw=''::text remote_raw=''::text local_norm='' remote_norm='' local_hash=596f73 remote_hash=596f73; ordinal_position: local_raw=12 remote_raw=12 local_norm=12 remote_norm=12 local_hash=5970c8 remote_hash=5970c8,No action.,20260716090000_baseline_aruka_v1.sql
column,public,aoe_human_reviews,organization_id,present,present,EQUIVALENT,info,data_type: local_raw=uuid remote_raw=uuid local_norm=uuid remote_norm=uuid local_hash=7c9f377c remote_hash=7c9f377c; udt_name: local_raw=uuid remote_raw=uuid local_norm=uuid remote_norm=uuid local_hash=7c9f377c remote_hash=7c9f377c; is_nullable: local_raw=YES remote_raw=YES local_norm=YES remote_norm=YES local_hash=b8836b6 remote_hash=b8836b6; column_default: local_raw=<null> remote_raw=null local_norm=null remote_norm=null local_hash=7c9b6140 remote_hash=7c9b6140; ordinal_position: local_raw=3 remote_raw=3 local_norm=3 remote_norm=3 local_hash=2b5d8 remote_hash=2b5d8,No action.,20260716090000_baseline_aruka_v1.sql
column,public,aoe_human_reviews,reason_codes,present,present,EQUIVALENT,info,data_type: local_raw=jsonb remote_raw=jsonb local_norm=jsonb remote_norm=jsonb local_hash=fbe1be1 remote_hash=fbe1be1; udt_name: local_raw=jsonb remote_raw=jsonb local_norm=jsonb remote_norm=jsonb local_hash=fbe1be1 remote_hash=fbe1be1; is_nullable: local_raw=NO remote_raw=NO local_norm=NO remote_norm=NO local_hash=5974a2 remote_hash=5974a2; column_default: local_raw='[]'::jsonb remote_raw='[]'::jsonb local_norm='[]' remote_norm='[]' local_hash=7c74018b remote_hash=7c74018b; ordinal_position: local_raw=7 remote_raw=7 local_norm=7 remote_norm=7 local_hash=2b5dc remote_hash=2b5dc,No action.,20260716090000_baseline_aruka_v1.sql
column,public,aoe_human_reviews,required,present,present,EQUIVALENT,info,data_type: local_raw=boolean remote_raw=boolean local_norm=bool remote_norm=bool local_hash=7c94b391 remote_hash=7c94b391; udt_name: local_raw=bool remote_raw=bool local_norm=bool remote_norm=bool local_hash=7c94b391 remote_hash=7c94b391; is_nullable: local_raw=NO remote_raw=NO local_norm=NO remote_norm=NO local_hash=5974a2 remote_hash=5974a2; column_default: local_raw=true remote_raw=true local_norm=true remote_norm=true local_hash=7c9e9fe5 remote_hash=7c9e9fe5; ordinal_position: local_raw=5 remote_raw=5 local_norm=5 remote_norm=5 local_hash=2b5da remote_hash=2b5da,No action.,20260716090000_baseline_aruka_v1.sql
column,public,aoe_human_reviews,reviewer_id,present,present,EQUIVALENT,info,data_type: local_raw=uuid remote_raw=uuid local_norm=uuid remote_norm=uuid local_hash=7c9f377c remote_hash=7c9f377c; udt_name: local_raw=uuid remote_raw=uuid local_norm=uuid remote_norm=uuid local_hash=7c9f377c remote_hash=7c9f377c; is_nullable: local_raw=YES remote_raw=YES local_norm=YES remote_norm=YES local_hash=b8836b6 remote_hash=b8836b6; column_default: local_raw=<null> remote_raw=null local_norm=null remote_norm=null local_hash=7c9b6140 remote_hash=7c9b6140; ordinal_position: local_raw=9 remote_raw=9 local_norm=9 remote_norm=9 local_hash=2b5de remote_hash=2b5de,No action.,20260716090000_baseline_aruka_v1.sql
column,public,aoe_human_reviews,reviewer_role,present,present,EQUIVALENT,info,data_type: local_raw=text remote_raw=text local_norm=text remote_norm=text local_hash=7c9e690a remote_hash=7c9e690a; udt_name: local_raw=text remote_raw=text local_norm=text remote_norm=text local_hash=7c9e690a remote_hash=7c9e690a; is_nullable: local_raw=YES remote_raw=YES local_norm=YES remote_norm=YES local_hash=b8836b6 remote_hash=b8836b6; column_default: local_raw=<null> remote_raw=null local_norm=null remote_norm=null local_hash=7c9b6140 remote_hash=7c9b6140; ordinal_position: local_raw=10 remote_raw=10 local_norm=10 remote_norm=10 local_hash=5970c6 remote_hash=5970c6,No action.,20260716090000_baseline_aruka_v1.sql
column,public,aoe_human_reviews,status,present,present,EQUIVALENT,info,data_type: local_raw=text remote_raw=text local_norm=text remote_norm=text local_hash=7c9e690a remote_hash=7c9e690a; udt_name: local_raw=text remote_raw=text local_norm=text remote_norm=text local_hash=7c9e690a remote_hash=7c9e690a; is_nullable: local_raw=NO remote_raw=NO local_norm=NO remote_norm=NO local_hash=5974a2 remote_hash=5974a2; column_default: local_raw=<null> remote_raw=null local_norm=null remote_norm=null local_hash=7c9b6140 remote_hash=7c9b6140; ordinal_position: local_raw=4 remote_raw=4 local_norm=4 remote_norm=4 local_hash=2b5d9 remote_hash=2b5d9,No action.,20260716090000_baseline_aruka_v1.sql
column,public,aoe_human_reviews,updated_at,present,present,EQUIVALENT,info,data_type: local_raw=timestamp with time zone remote_raw=timestamp with time zone local_norm=timestamptz remote_norm=timestamptz local_hash=7acf37c7 remote_hash=7acf37c7; udt_name: local_raw=timestamptz remote_raw=timestamptz local_norm=timestamptz remote_norm=timestamptz local_hash=7acf37c7 remote_hash=7acf37c7; is_nullable: local_raw=NO remote_raw=NO local_norm=NO remote_norm=NO local_hash=5974a2 remote_hash=5974a2; column_default: local_raw=now() remote_raw=now() local_norm=now() remote_norm=now() local_hash=1004652a remote_hash=1004652a; ordinal_position: local_raw=14 remote_raw=14 local_norm=14 remote_norm=14 local_hash=5970ca remote_hash=5970ca,No action.,20260716090000_baseline_aruka_v1.sql
column,public,aoe_idempotency_keys,actor_id,present,present,EQUIVALENT,info,data_type: local_raw=uuid remote_raw=uuid local_norm=uuid remote_norm=uuid local_hash=7c9f377c remote_hash=7c9f377c; udt_name: local_raw=uuid remote_raw=uuid local_norm=uuid remote_norm=uuid local_hash=7c9f377c remote_hash=7c9f377c; is_nullable: local_raw=NO remote_raw=NO local_norm=NO remote_norm=NO local_hash=5974a2 remote_hash=5974a2; column_default: local_raw=<null> remote_raw=null local_norm=null remote_norm=null local_hash=7c9b6140 remote_hash=7c9b6140; ordinal_position: local_raw=2 remote_raw=2 local_norm=2 remote_norm=2 local_hash=2b5d7 remote_hash=2b5d7,No action.,20260716090000_baseline_aruka_v1.sql
column,public,aoe_idempotency_keys,created_at,present,present,EQUIVALENT,info,data_type: local_raw=timestamp with time zone remote_raw=timestamp with time zone local_norm=timestamptz remote_norm=timestamptz local_hash=7acf37c7 remote_hash=7acf37c7; udt_name: local_raw=timestamptz remote_raw=timestamptz local_norm=timestamptz remote_norm=timestamptz local_hash=7acf37c7 remote_hash=7acf37c7; is_nullable: local_raw=NO remote_raw=NO local_norm=NO remote_norm=NO local_hash=5974a2 remote_hash=5974a2; column_default: local_raw=now() remote_raw=now() local_norm=now() remote_norm=now() local_hash=1004652a remote_hash=1004652a; ordinal_position: local_raw=11 remote_raw=11 local_norm=11 remote_norm=11 local_hash=5970c7 remote_hash=5970c7,No action.,20260716090000_baseline_aruka_v1.sql
column,public,aoe_idempotency_keys,decision_id,present,present,EQUIVALENT,info,data_type: local_raw=text remote_raw=text local_norm=text remote_norm=text local_hash=7c9e690a remote_hash=7c9e690a; udt_name: local_raw=text remote_raw=text local_norm=text remote_norm=text local_hash=7c9e690a remote_hash=7c9e690a; is_nullable: local_raw=YES remote_raw=YES local_norm=YES remote_norm=YES local_hash=b8836b6 remote_hash=b8836b6; column_default: local_raw=<null> remote_raw=null local_norm=null remote_norm=null local_hash=7c9b6140 remote_hash=7c9b6140; ordinal_position: local_raw=8 remote_raw=8 local_norm=8 remote_norm=8 local_hash=2b5dd remote_hash=2b5dd,No action.,20260716090000_baseline_aruka_v1.sql
column,public,aoe_idempotency_keys,error_code,present,present,EQUIVALENT,info,data_type: local_raw=text remote_raw=text local_norm=text remote_norm=text local_hash=7c9e690a remote_hash=7c9e690a; udt_name: local_raw=text remote_raw=text local_norm=text remote_norm=text local_hash=7c9e690a remote_hash=7c9e690a; is_nullable: local_raw=YES remote_raw=YES local_norm=YES remote_norm=YES local_hash=b8836b6 remote_hash=b8836b6; column_default: local_raw=<null> remote_raw=null local_norm=null remote_norm=null local_hash=7c9b6140 remote_hash=7c9b6140; ordinal_position: local_raw=10 remote_raw=10 local_norm=10 remote_norm=10 local_hash=5970c6 remote_hash=5970c6,No action.,20260716090000_baseline_aruka_v1.sql
column,public,aoe_idempotency_keys,expires_at,present,present,EQUIVALENT,info,data_type: local_raw=timestamp with time zone remote_raw=timestamp with time zone local_norm=timestamptz remote_norm=timestamptz local_hash=7acf37c7 remote_hash=7acf37c7; udt_name: local_raw=timestamptz remote_raw=timestamptz local_norm=timestamptz remote_norm=timestamptz local_hash=7acf37c7 remote_hash=7acf37c7; is_nullable: local_raw=YES remote_raw=YES local_norm=YES remote_norm=YES local_hash=b8836b6 remote_hash=b8836b6; column_default: local_raw=<null> remote_raw=null local_norm=null remote_norm=null local_hash=7c9b6140 remote_hash=7c9b6140; ordinal_position: local_raw=13 remote_raw=13 local_norm=13 remote_norm=13 local_hash=5970c9 remote_hash=5970c9,No action.,20260716090000_baseline_aruka_v1.sql
column,public,aoe_idempotency_keys,id,present,present,EQUIVALENT,info,data_type: local_raw=text remote_raw=text local_norm=text remote_norm=text local_hash=7c9e690a remote_hash=7c9e690a; udt_name: local_raw=text remote_raw=text local_norm=text remote_norm=text local_hash=7c9e690a remote_hash=7c9e690a; is_nullable: local_raw=NO remote_raw=NO local_norm=NO remote_norm=NO local_hash=5974a2 remote_hash=5974a2; column_default: local_raw=<null> remote_raw=null local_norm=null remote_norm=null local_hash=7c9b6140 remote_hash=7c9b6140; ordinal_position: local_raw=1 remote_raw=1 local_norm=1 remote_norm=1 local_hash=2b5d6 remote_hash=2b5d6,No action.,20260716090000_baseline_aruka_v1.sql
column,public,aoe_idempotency_keys,idempotency_key,present,present,EQUIVALENT,info,data_type: local_raw=text remote_raw=text local_norm=text remote_norm=text local_hash=7c9e690a remote_hash=7c9e690a; udt_name: local_raw=text remote_raw=text local_norm=text remote_norm=text local_hash=7c9e690a remote_hash=7c9e690a; is_nullable: local_raw=NO remote_raw=NO local_norm=NO remote_norm=NO local_hash=5974a2 remote_hash=5974a2; column_default: local_raw=<null> remote_raw=null local_norm=null remote_norm=null local_hash=7c9b6140 remote_hash=7c9b6140; ordinal_position: local_raw=5 remote_raw=5 local_norm=5 remote_norm=5 local_hash=2b5da remote_hash=2b5da,No action.,20260716090000_baseline_aruka_v1.sql
column,public,aoe_idempotency_keys,operation,present,present,EQUIVALENT,info,data_type: local_raw=text remote_raw=text local_norm=text remote_norm=text local_hash=7c9e690a remote_hash=7c9e690a; udt_name: local_raw=text remote_raw=text local_norm=text remote_norm=text local_hash=7c9e690a remote_hash=7c9e690a; is_nullable: local_raw=NO remote_raw=NO local_norm=NO remote_norm=NO local_hash=5974a2 remote_hash=5974a2; column_default: local_raw=<null> remote_raw=null local_norm=null remote_norm=null local_hash=7c9b6140 remote_hash=7c9b6140; ordinal_position: local_raw=4 remote_raw=4 local_norm=4 remote_norm=4 local_hash=2b5d9 remote_hash=2b5d9,No action.,20260716090000_baseline_aruka_v1.sql
column,public,aoe_idempotency_keys,organization_id,present,present,EQUIVALENT,info,data_type: local_raw=uuid remote_raw=uuid local_norm=uuid remote_norm=uuid local_hash=7c9f377c remote_hash=7c9f377c; udt_name: local_raw=uuid remote_raw=uuid local_norm=uuid remote_norm=uuid local_hash=7c9f377c remote_hash=7c9f377c; is_nullable: local_raw=YES remote_raw=YES local_norm=YES remote_norm=YES local_hash=b8836b6 remote_hash=b8836b6; column_default: local_raw=<null> remote_raw=null local_norm=null remote_norm=null local_hash=7c9b6140 remote_hash=7c9b6140; ordinal_position: local_raw=3 remote_raw=3 local_norm=3 remote_norm=3 local_hash=2b5d8 remote_hash=2b5d8,No action.,20260716090000_baseline_aruka_v1.sql
column,public,aoe_idempotency_keys,request_fingerprint,present,present,EQUIVALENT,info,data_type: local_raw=text remote_raw=text local_norm=text remote_norm=text local_hash=7c9e690a remote_hash=7c9e690a; udt_name: local_raw=text remote_raw=text local_norm=text remote_norm=text local_hash=7c9e690a remote_hash=7c9e690a; is_nullable: local_raw=NO remote_raw=NO local_norm=NO remote_norm=NO local_hash=5974a2 remote_hash=5974a2; column_default: local_raw=<null> remote_raw=null local_norm=null remote_norm=null local_hash=7c9b6140 remote_hash=7c9b6140; ordinal_position: local_raw=6 remote_raw=6 local_norm=6 remote_norm=6 local_hash=2b5db remote_hash=2b5db,No action.,20260716090000_baseline_aruka_v1.sql
column,public,aoe_idempotency_keys,response_payload,present,present,EQUIVALENT,info,data_type: local_raw=jsonb remote_raw=jsonb local_norm=jsonb remote_norm=jsonb local_hash=fbe1be1 remote_hash=fbe1be1; udt_name: local_raw=jsonb remote_raw=jsonb local_norm=jsonb remote_norm=jsonb local_hash=fbe1be1 remote_hash=fbe1be1; is_nullable: local_raw=YES remote_raw=YES local_norm=YES remote_norm=YES local_hash=b8836b6 remote_hash=b8836b6; column_default: local_raw=<null> remote_raw=null local_norm=null remote_norm=null local_hash=7c9b6140 remote_hash=7c9b6140; ordinal_position: local_raw=9 remote_raw=9 local_norm=9 remote_norm=9 local_hash=2b5de remote_hash=2b5de,No action.,20260716090000_baseline_aruka_v1.sql
column,public,aoe_idempotency_keys,status,present,present,EQUIVALENT,info,data_type: local_raw=text remote_raw=text local_norm=text remote_norm=text local_hash=7c9e690a remote_hash=7c9e690a; udt_name: local_raw=text remote_raw=text local_norm=text remote_norm=text local_hash=7c9e690a remote_hash=7c9e690a; is_nullable: local_raw=NO remote_raw=NO local_norm=NO remote_norm=NO local_hash=5974a2 remote_hash=5974a2; column_default: local_raw=<null> remote_raw=null local_norm=null remote_norm=null local_hash=7c9b6140 remote_hash=7c9b6140; ordinal_position: local_raw=7 remote_raw=7 local_norm=7 remote_norm=7 local_hash=2b5dc remote_hash=2b5dc,No action.,20260716090000_baseline_aruka_v1.sql
column,public,aoe_idempotency_keys,updated_at,present,present,EQUIVALENT,info,data_type: local_raw=timestamp with time zone remote_raw=timestamp with time zone local_norm=timestamptz remote_norm=timestamptz local_hash=7acf37c7 remote_hash=7acf37c7; udt_name: local_raw=timestamptz remote_raw=timestamptz local_norm=timestamptz remote_norm=timestamptz local_hash=7acf37c7 remote_hash=7acf37c7; is_nullable: local_raw=NO remote_raw=NO local_norm=NO remote_norm=NO local_hash=5974a2 remote_hash=5974a2; column_default: local_raw=now() remote_raw=now() local_norm=now() remote_norm=now() local_hash=1004652a remote_hash=1004652a; ordinal_position: local_raw=12 remote_raw=12 local_norm=12 remote_norm=12 local_hash=5970c8 remote_hash=5970c8,No action.,20260716090000_baseline_aruka_v1.sql
column,public,assinaturas,created_at,present,present,EQUIVALENT,info,data_type: local_raw=timestamp with time zone remote_raw=timestamp with time zone local_norm=timestamptz remote_norm=timestamptz local_hash=7acf37c7 remote_hash=7acf37c7; udt_name: local_raw=timestamptz remote_raw=timestamptz local_norm=timestamptz remote_norm=timestamptz local_hash=7acf37c7 remote_hash=7acf37c7; is_nullable: local_raw=NO remote_raw=NO local_norm=NO remote_norm=NO local_hash=5974a2 remote_hash=5974a2; column_default: local_raw=now() remote_raw=now() local_norm=now() remote_norm=now() local_hash=1004652a remote_hash=1004652a; ordinal_position: local_raw=8 remote_raw=8 local_norm=8 remote_norm=8 local_hash=2b5dd remote_hash=2b5dd,No action.,20260716090000_baseline_aruka_v1.sql
column,public,assinaturas,data_inicio,present,present,EQUIVALENT,info,data_type: local_raw=date remote_raw=date local_norm=date remote_norm=date local_hash=7c959163 remote_hash=7c959163; udt_name: local_raw=date remote_raw=date local_norm=date remote_norm=date local_hash=7c959163 remote_hash=7c959163; is_nullable: local_raw=YES remote_raw=YES local_norm=YES remote_norm=YES local_hash=b8836b6 remote_hash=b8836b6; column_default: local_raw=<null> remote_raw=null local_norm=null remote_norm=null local_hash=7c9b6140 remote_hash=7c9b6140; ordinal_position: local_raw=5 remote_raw=5 local_norm=5 remote_norm=5 local_hash=2b5da remote_hash=2b5da,No action.,20260716090000_baseline_aruka_v1.sql
column,public,assinaturas,data_vencimento,present,present,EQUIVALENT,info,data_type: local_raw=date remote_raw=date local_norm=date remote_norm=date local_hash=7c959163 remote_hash=7c959163; udt_name: local_raw=date remote_raw=date local_norm=date remote_norm=date local_hash=7c959163 remote_hash=7c959163; is_nullable: local_raw=YES remote_raw=YES local_norm=YES remote_norm=YES local_hash=b8836b6 remote_hash=b8836b6; column_default: local_raw=<null> remote_raw=null local_norm=null remote_norm=null local_hash=7c9b6140 remote_hash=7c9b6140; ordinal_position: local_raw=6 remote_raw=6 local_norm=6 remote_norm=6 local_hash=2b5db remote_hash=2b5db,No action.,20260716090000_baseline_aruka_v1.sql
column,public,assinaturas,id,present,present,EQUIVALENT,info,data_type: local_raw=uuid remote_raw=uuid local_norm=uuid remote_norm=uuid local_hash=7c9f377c remote_hash=7c9f377c; udt_name: local_raw=uuid remote_raw=uuid local_norm=uuid remote_norm=uuid local_hash=7c9f377c remote_hash=7c9f377c; is_nullable: local_raw=NO remote_raw=NO local_norm=NO remote_norm=NO local_hash=5974a2 remote_hash=5974a2; column_default: local_raw=gen_random_uuid() remote_raw=gen_random_uuid() local_norm=gen_random_uuid() remote_norm=gen_random_uuid() local_hash=e283166 remote_hash=e283166; ordinal_position: local_raw=1 remote_raw=1 local_norm=1 remote_norm=1 local_hash=2b5d6 remote_hash=2b5d6,No action.,20260716090000_baseline_aruka_v1.sql
column,public,assinaturas,pagamento_id,present,present,EQUIVALENT,info,data_type: local_raw=text remote_raw=text local_norm=text remote_norm=text local_hash=7c9e690a remote_hash=7c9e690a; udt_name: local_raw=text remote_raw=text local_norm=text remote_norm=text local_hash=7c9e690a remote_hash=7c9e690a; is_nullable: local_raw=YES remote_raw=YES local_norm=YES remote_norm=YES local_hash=b8836b6 remote_hash=b8836b6; column_default: local_raw=<null> remote_raw=null local_norm=null remote_norm=null local_hash=7c9b6140 remote_hash=7c9b6140; ordinal_position: local_raw=7 remote_raw=7 local_norm=7 remote_norm=7 local_hash=2b5dc remote_hash=2b5dc,No action.,20260716090000_baseline_aruka_v1.sql
column,public,assinaturas,plano,present,present,EQUIVALENT,info,data_type: local_raw=text remote_raw=text local_norm=text remote_norm=text local_hash=7c9e690a remote_hash=7c9e690a; udt_name: local_raw=text remote_raw=text local_norm=text remote_norm=text local_hash=7c9e690a remote_hash=7c9e690a; is_nullable: local_raw=NO remote_raw=NO local_norm=NO remote_norm=NO local_hash=5974a2 remote_hash=5974a2; column_default: local_raw=<null> remote_raw=null local_norm=null remote_norm=null local_hash=7c9b6140 remote_hash=7c9b6140; ordinal_position: local_raw=3 remote_raw=3 local_norm=3 remote_norm=3 local_hash=2b5d8 remote_hash=2b5d8,No action.,20260716090000_baseline_aruka_v1.sql
column,public,assinaturas,status,present,present,EQUIVALENT,info,data_type: local_raw=text remote_raw=text local_norm=text remote_norm=text local_hash=7c9e690a remote_hash=7c9e690a; udt_name: local_raw=text remote_raw=text local_norm=text remote_norm=text local_hash=7c9e690a remote_hash=7c9e690a; is_nullable: local_raw=NO remote_raw=NO local_norm=NO remote_norm=NO local_hash=5974a2 remote_hash=5974a2; column_default: local_raw='pendente'::text remote_raw='pendente'::text local_norm='pendente' remote_norm='pendente' local_hash=3e05986 remote_hash=3e05986; ordinal_position: local_raw=4 remote_raw=4 local_norm=4 remote_norm=4 local_hash=2b5d9 remote_hash=2b5d9,No action.,20260716090000_baseline_aruka_v1.sql
column,public,assinaturas,user_id,present,present,EQUIVALENT,info,data_type: local_raw=uuid remote_raw=uuid local_norm=uuid remote_norm=uuid local_hash=7c9f377c remote_hash=7c9f377c; udt_name: local_raw=uuid remote_raw=uuid local_norm=uuid remote_norm=uuid local_hash=7c9f377c remote_hash=7c9f377c; is_nullable: local_raw=NO remote_raw=NO local_norm=NO remote_norm=NO local_hash=5974a2 remote_hash=5974a2; column_default: local_raw=<null> remote_raw=null local_norm=null remote_norm=null local_hash=7c9b6140 remote_hash=7c9b6140; ordinal_position: local_raw=2 remote_raw=2 local_norm=2 remote_norm=2 local_hash=2b5d7 remote_hash=2b5d7,No action.,20260716090000_baseline_aruka_v1.sql
column,public,avaliacoes,abdomen,present,present,EQUIVALENT,info,data_type: local_raw=numeric remote_raw=numeric local_norm=numeric remote_norm=numeric local_hash=301f0df8 remote_hash=301f0df8; udt_name: local_raw=numeric remote_raw=numeric local_norm=numeric remote_norm=numeric local_hash=301f0df8 remote_hash=301f0df8; is_nullable: local_raw=YES remote_raw=YES local_norm=YES remote_norm=YES local_hash=b8836b6 remote_hash=b8836b6; column_default: local_raw=<null> remote_raw=null local_norm=null remote_norm=null local_hash=7c9b6140 remote_hash=7c9b6140; ordinal_position: local_raw=13 remote_raw=13 local_norm=13 remote_norm=13 local_hash=5970c9 remote_hash=5970c9,No action.,20260716090000_baseline_aruka_v1.sql
column,public,avaliacoes,aderencia_dieta,present,present,COLUMN_ORDER_DIFFERENT_NON_MATERIAL,informational,data_type: local_raw=text remote_raw=text local_norm=text remote_norm=text local_hash=7c9e690a remote_hash=7c9e690a; udt_name: local_raw=text remote_raw=text local_norm=text remote_norm=text local_hash=7c9e690a remote_hash=7c9e690a; is_nullable: local_raw=NO remote_raw=NO local_norm=NO remote_norm=NO local_hash=5974a2 remote_hash=5974a2; column_default: local_raw=''::text remote_raw=''::text local_norm='' remote_norm='' local_hash=596f73 remote_hash=596f73; ordinal_position: local_raw=38 remote_raw=40 local_norm=38 remote_norm=40 local_hash=597110 remote_hash=597129,Preserve for diagnostics; do not block repair by column order alone.,20260716090000_baseline_aruka_v1.sql
column,public,avaliacoes,aderencia_treino,present,present,COLUMN_ORDER_DIFFERENT_NON_MATERIAL,informational,data_type: local_raw=text remote_raw=text local_norm=text remote_norm=text local_hash=7c9e690a remote_hash=7c9e690a; udt_name: local_raw=text remote_raw=text local_norm=text remote_norm=text local_hash=7c9e690a remote_hash=7c9e690a; is_nullable: local_raw=NO remote_raw=NO local_norm=NO remote_norm=NO local_hash=5974a2 remote_hash=5974a2; column_default: local_raw=''::text remote_raw=''::text local_norm='' remote_norm='' local_hash=596f73 remote_hash=596f73; ordinal_position: local_raw=37 remote_raw=39 local_norm=37 remote_norm=39 local_hash=59710f remote_hash=597111,Preserve for diagnostics; do not block repair by column order alone.,20260716090000_baseline_aruka_v1.sql
column,public,avaliacoes,altura,present,present,EQUIVALENT,info,data_type: local_raw=numeric remote_raw=numeric local_norm=numeric remote_norm=numeric local_hash=301f0df8 remote_hash=301f0df8; udt_name: local_raw=numeric remote_raw=numeric local_norm=numeric remote_norm=numeric local_hash=301f0df8 remote_hash=301f0df8; is_nullable: local_raw=YES remote_raw=YES local_norm=YES remote_norm=YES local_hash=b8836b6 remote_hash=b8836b6; column_default: local_raw=<null> remote_raw=null local_norm=null remote_norm=null local_hash=7c9b6140 remote_hash=7c9b6140; ordinal_position: local_raw=7 remote_raw=7 local_norm=7 remote_norm=7 local_hash=2b5dc remote_hash=2b5dc,No action.,20260716090000_baseline_aruka_v1.sql
column,public,avaliacoes,aluno_id,present,present,EQUIVALENT,info,data_type: local_raw=uuid remote_raw=uuid local_norm=uuid remote_norm=uuid local_hash=7c9f377c remote_hash=7c9f377c; udt_name: local_raw=uuid remote_raw=uuid local_norm=uuid remote_norm=uuid local_hash=7c9f377c remote_hash=7c9f377c; is_nullable: local_raw=NO remote_raw=NO local_norm=NO remote_norm=NO local_hash=5974a2 remote_hash=5974a2; column_default: local_raw=<null> remote_raw=null local_norm=null remote_norm=null local_hash=7c9b6140 remote_hash=7c9b6140; ordinal_position: local_raw=3 remote_raw=3 local_norm=3 remote_norm=3 local_hash=2b5d8 remote_hash=2b5d8,No action.,20260716090000_baseline_aruka_v1.sql
column,public,avaliacoes,antebraco_direito,present,present,EQUIVALENT,info,data_type: local_raw=numeric remote_raw=numeric local_norm=numeric remote_norm=numeric local_hash=301f0df8 remote_hash=301f0df8; udt_name: local_raw=numeric remote_raw=numeric local_norm=numeric remote_norm=numeric local_hash=301f0df8 remote_hash=301f0df8; is_nullable: local_raw=YES remote_raw=YES local_norm=YES remote_norm=YES local_hash=b8836b6 remote_hash=b8836b6; column_default: local_raw=<null> remote_raw=null local_norm=null remote_norm=null local_hash=7c9b6140 remote_hash=7c9b6140; ordinal_position: local_raw=17 remote_raw=17 local_norm=17 remote_norm=17 local_hash=5970cd remote_hash=5970cd,No action.,20260716090000_baseline_aruka_v1.sql
column,public,avaliacoes,antebraco_esquerdo,present,present,EQUIVALENT,info,data_type: local_raw=numeric remote_raw=numeric local_norm=numeric remote_norm=numeric local_hash=301f0df8 remote_hash=301f0df8; udt_name: local_raw=numeric remote_raw=numeric local_norm=numeric remote_norm=numeric local_hash=301f0df8 remote_hash=301f0df8; is_nullable: local_raw=YES remote_raw=YES local_norm=YES remote_norm=YES local_hash=b8836b6 remote_hash=b8836b6; column_default: local_raw=<null> remote_raw=null local_norm=null remote_norm=null local_hash=7c9b6140 remote_hash=7c9b6140; ordinal_position: local_raw=18 remote_raw=18 local_norm=18 remote_norm=18 local_hash=5970ce remote_hash=5970ce,No action.,20260716090000_baseline_aruka_v1.sql
column,public,avaliacoes,braco_direito,present,present,EQUIVALENT,info,data_type: local_raw=numeric remote_raw=numeric local_norm=numeric remote_norm=numeric local_hash=301f0df8 remote_hash=301f0df8; udt_name: local_raw=numeric remote_raw=numeric local_norm=numeric remote_norm=numeric local_hash=301f0df8 remote_hash=301f0df8; is_nullable: local_raw=YES remote_raw=YES local_norm=YES remote_norm=YES local_hash=b8836b6 remote_hash=b8836b6; column_default: local_raw=<null> remote_raw=null local_norm=null remote_norm=null local_hash=7c9b6140 remote_hash=7c9b6140; ordinal_position: local_raw=15 remote_raw=15 local_norm=15 remote_norm=15 local_hash=5970cb remote_hash=5970cb,No action.,20260716090000_baseline_aruka_v1.sql
column,public,avaliacoes,braco_esquerdo,present,present,EQUIVALENT,info,data_type: local_raw=numeric remote_raw=numeric local_norm=numeric remote_norm=numeric local_hash=301f0df8 remote_hash=301f0df8; udt_name: local_raw=numeric remote_raw=numeric local_norm=numeric remote_norm=numeric local_hash=301f0df8 remote_hash=301f0df8; is_nullable: local_raw=YES remote_raw=YES local_norm=YES remote_norm=YES local_hash=b8836b6 remote_hash=b8836b6; column_default: local_raw=<null> remote_raw=null local_norm=null remote_norm=null local_hash=7c9b6140 remote_hash=7c9b6140; ordinal_position: local_raw=16 remote_raw=16 local_norm=16 remote_norm=16 local_hash=5970cc remote_hash=5970cc,No action.,20260716090000_baseline_aruka_v1.sql
column,public,avaliacoes,cintura,present,present,EQUIVALENT,info,data_type: local_raw=numeric remote_raw=numeric local_norm=numeric remote_norm=numeric local_hash=301f0df8 remote_hash=301f0df8; udt_name: local_raw=numeric remote_raw=numeric local_norm=numeric remote_norm=numeric local_hash=301f0df8 remote_hash=301f0df8; is_nullable: local_raw=YES remote_raw=YES local_norm=YES remote_norm=YES local_hash=b8836b6 remote_hash=b8836b6; column_default: local_raw=<null> remote_raw=null local_norm=null remote_norm=null local_hash=7c9b6140 remote_hash=7c9b6140; ordinal_position: local_raw=12 remote_raw=12 local_norm=12 remote_norm=12 local_hash=5970c8 remote_hash=5970c8,No action.,20260716090000_baseline_aruka_v1.sql
column,public,avaliacoes,coxa_direita,present,present,EQUIVALENT,info,data_type: local_raw=numeric remote_raw=numeric local_norm=numeric remote_norm=numeric local_hash=301f0df8 remote_hash=301f0df8; udt_name: local_raw=numeric remote_raw=numeric local_norm=numeric remote_norm=numeric local_hash=301f0df8 remote_hash=301f0df8; is_nullable: local_raw=YES remote_raw=YES local_norm=YES remote_norm=YES local_hash=b8836b6 remote_hash=b8836b6; column_default: local_raw=<null> remote_raw=null local_norm=null remote_norm=null local_hash=7c9b6140 remote_hash=7c9b6140; ordinal_position: local_raw=19 remote_raw=19 local_norm=19 remote_norm=19 local_hash=5970cf remote_hash=5970cf,No action.,20260716090000_baseline_aruka_v1.sql
column,public,avaliacoes,coxa_esquerda,present,present,EQUIVALENT,info,data_type: local_raw=numeric remote_raw=numeric local_norm=numeric remote_norm=numeric local_hash=301f0df8 remote_hash=301f0df8; udt_name: local_raw=numeric remote_raw=numeric local_norm=numeric remote_norm=numeric local_hash=301f0df8 remote_hash=301f0df8; is_nullable: local_raw=YES remote_raw=YES local_norm=YES remote_norm=YES local_hash=b8836b6 remote_hash=b8836b6; column_default: local_raw=<null> remote_raw=null local_norm=null remote_norm=null local_hash=7c9b6140 remote_hash=7c9b6140; ordinal_position: local_raw=20 remote_raw=20 local_norm=20 remote_norm=20 local_hash=5970e7 remote_hash=5970e7,No action.,20260716090000_baseline_aruka_v1.sql
column,public,avaliacoes,created_at,present,present,COLUMN_ORDER_DIFFERENT_NON_MATERIAL,informational,data_type: local_raw=timestamp with time zone remote_raw=timestamp with time zone local_norm=timestamptz remote_norm=timestamptz local_hash=7acf37c7 remote_hash=7acf37c7; udt_name: local_raw=timestamptz remote_raw=timestamptz local_norm=timestamptz remote_norm=timestamptz local_hash=7acf37c7 remote_hash=7acf37c7; is_nullable: local_raw=NO remote_raw=NO local_norm=NO remote_norm=NO local_hash=5974a2 remote_hash=5974a2; column_default: local_raw=now() remote_raw=now() local_norm=now() remote_norm=now() local_hash=1004652a remote_hash=1004652a; ordinal_position: local_raw=43 remote_raw=29 local_norm=43 remote_norm=29 local_hash=59712c remote_hash=5970f0,Preserve for diagnostics; do not block repair by column order alone.,20260716090000_baseline_aruka_v1.sql
column,public,avaliacoes,data_avaliacao,present,present,EQUIVALENT,info,data_type: local_raw=date remote_raw=date local_norm=date remote_norm=date local_hash=7c959163 remote_hash=7c959163; udt_name: local_raw=date remote_raw=date local_norm=date remote_norm=date local_hash=7c959163 remote_hash=7c959163; is_nullable: local_raw=NO remote_raw=NO local_norm=NO remote_norm=NO local_hash=5974a2 remote_hash=5974a2; column_default: local_raw=<null> remote_raw=null local_norm=null remote_norm=null local_hash=7c9b6140 remote_hash=7c9b6140; ordinal_position: local_raw=4 remote_raw=4 local_norm=4 remote_norm=4 local_hash=2b5d9 remote_hash=2b5d9,No action.,20260716090000_baseline_aruka_v1.sql
column,public,avaliacoes,dobra_abdominal,present,present,COLUMN_ORDER_DIFFERENT_NON_MATERIAL,informational,data_type: local_raw=numeric remote_raw=numeric local_norm=numeric remote_norm=numeric local_hash=301f0df8 remote_hash=301f0df8; udt_name: local_raw=numeric remote_raw=numeric local_norm=numeric remote_norm=numeric local_hash=301f0df8 remote_hash=301f0df8; is_nullable: local_raw=YES remote_raw=YES local_norm=YES remote_norm=YES local_hash=b8836b6 remote_hash=b8836b6; column_default: local_raw=<null> remote_raw=null local_norm=null remote_norm=null local_hash=7c9b6140 remote_hash=7c9b6140; ordinal_position: local_raw=24 remote_raw=31 local_norm=24 remote_norm=31 local_hash=5970eb remote_hash=597109,Preserve for diagnostics; do not block repair by column order alone.,20260716090000_baseline_aruka_v1.sql
column,public,avaliacoes,dobra_axilar_media,present,present,COLUMN_ORDER_DIFFERENT_NON_MATERIAL,informational,data_type: local_raw=numeric remote_raw=numeric local_norm=numeric remote_norm=numeric local_hash=301f0df8 remote_hash=301f0df8; udt_name: local_raw=numeric remote_raw=numeric local_norm=numeric remote_norm=numeric local_hash=301f0df8 remote_hash=301f0df8; is_nullable: local_raw=YES remote_raw=YES local_norm=YES remote_norm=YES local_hash=b8836b6 remote_hash=b8836b6; column_default: local_raw=<null> remote_raw=null local_norm=null remote_norm=null local_hash=7c9b6140 remote_hash=7c9b6140; ordinal_position: local_raw=29 remote_raw=36 local_norm=29 remote_norm=36 local_hash=5970f0 remote_hash=59710e,Preserve for diagnostics; do not block repair by column order alone.,20260716090000_baseline_aruka_v1.sql
column,public,avaliacoes,dobra_coxa,present,present,COLUMN_ORDER_DIFFERENT_NON_MATERIAL,informational,data_type: local_raw=numeric remote_raw=numeric local_norm=numeric remote_norm=numeric local_hash=301f0df8 remote_hash=301f0df8; udt_name: local_raw=numeric remote_raw=numeric local_norm=numeric remote_norm=numeric local_hash=301f0df8 remote_hash=301f0df8; is_nullable: local_raw=YES remote_raw=YES local_norm=YES remote_norm=YES local_hash=b8836b6 remote_hash=b8836b6; column_default: local_raw=<null> remote_raw=null local_norm=null remote_norm=null local_hash=7c9b6140 remote_hash=7c9b6140; ordinal_position: local_raw=25 remote_raw=32 local_norm=25 remote_norm=32 local_hash=5970ec remote_hash=59710a,Preserve for diagnostics; do not block repair by column order alone.,20260716090000_baseline_aruka_v1.sql
column,public,avaliacoes,dobra_peitoral,present,present,COLUMN_ORDER_DIFFERENT_NON_MATERIAL,informational,data_type: local_raw=numeric remote_raw=numeric local_norm=numeric remote_norm=numeric local_hash=301f0df8 remote_hash=301f0df8; udt_name: local_raw=numeric remote_raw=numeric local_norm=numeric remote_norm=numeric local_hash=301f0df8 remote_hash=301f0df8; is_nullable: local_raw=YES remote_raw=YES local_norm=YES remote_norm=YES local_hash=b8836b6 remote_hash=b8836b6; column_default: local_raw=<null> remote_raw=null local_norm=null remote_norm=null local_hash=7c9b6140 remote_hash=7c9b6140; ordinal_position: local_raw=23 remote_raw=30 local_norm=23 remote_norm=30 local_hash=5970ea remote_hash=597108,Preserve for diagnostics; do not block repair by column order alone.,20260716090000_baseline_aruka_v1.sql
column,public,avaliacoes,dobra_subescapular,present,present,COLUMN_ORDER_DIFFERENT_NON_MATERIAL,informational,data_type: local_raw=numeric remote_raw=numeric local_norm=numeric remote_norm=numeric local_hash=301f0df8 remote_hash=301f0df8; udt_name: local_raw=numeric remote_raw=numeric local_norm=numeric remote_norm=numeric local_hash=301f0df8 remote_hash=301f0df8; is_nullable: local_raw=YES remote_raw=YES local_norm=YES remote_norm=YES local_hash=b8836b6 remote_hash=b8836b6; column_default: local_raw=<null> remote_raw=null local_norm=null remote_norm=null local_hash=7c9b6140 remote_hash=7c9b6140; ordinal_position: local_raw=27 remote_raw=34 local_norm=27 remote_norm=34 local_hash=5970ee remote_hash=59710c,Preserve for diagnostics; do not block repair by column order alone.,20260716090000_baseline_aruka_v1.sql
column,public,avaliacoes,dobra_supra_iliaca,present,present,COLUMN_ORDER_DIFFERENT_NON_MATERIAL,informational,data_type: local_raw=numeric remote_raw=numeric local_norm=numeric remote_norm=numeric local_hash=301f0df8 remote_hash=301f0df8; udt_name: local_raw=numeric remote_raw=numeric local_norm=numeric remote_norm=numeric local_hash=301f0df8 remote_hash=301f0df8; is_nullable: local_raw=YES remote_raw=YES local_norm=YES remote_norm=YES local_hash=b8836b6 remote_hash=b8836b6; column_default: local_raw=<null> remote_raw=null local_norm=null remote_norm=null local_hash=7c9b6140 remote_hash=7c9b6140; ordinal_position: local_raw=28 remote_raw=35 local_norm=28 remote_norm=35 local_hash=5970ef remote_hash=59710d,Preserve for diagnostics; do not block repair by column order alone.,20260716090000_baseline_aruka_v1.sql
column,public,avaliacoes,dobra_triceps,present,present,COLUMN_ORDER_DIFFERENT_NON_MATERIAL,informational,data_type: local_raw=numeric remote_raw=numeric local_norm=numeric remote_norm=numeric local_hash=301f0df8 remote_hash=301f0df8; udt_name: local_raw=numeric remote_raw=numeric local_norm=numeric remote_norm=numeric local_hash=301f0df8 remote_hash=301f0df8; is_nullable: local_raw=YES remote_raw=YES local_norm=YES remote_norm=YES local_hash=b8836b6 remote_hash=b8836b6; column_default: local_raw=<null> remote_raw=null local_norm=null remote_norm=null local_hash=7c9b6140 remote_hash=7c9b6140; ordinal_position: local_raw=26 remote_raw=33 local_norm=26 remote_norm=33 local_hash=5970ed remote_hash=59710b,Preserve for diagnostics; do not block repair by column order alone.,20260716090000_baseline_aruka_v1.sql
column,public,avaliacoes,foto_costas_url,present,present,COLUMN_ORDER_DIFFERENT_NON_MATERIAL,informational,data_type: local_raw=text remote_raw=text local_norm=text remote_norm=text local_hash=7c9e690a remote_hash=7c9e690a; udt_name: local_raw=text remote_raw=text local_norm=text remote_norm=text local_hash=7c9e690a remote_hash=7c9e690a; is_nullable: local_raw=YES remote_raw=YES local_norm=YES remote_norm=YES local_hash=b8836b6 remote_hash=b8836b6; column_default: local_raw=<null> remote_raw=null local_norm=null remote_norm=null local_hash=7c9b6140 remote_hash=7c9b6140; ordinal_position: local_raw=41 remote_raw=43 local_norm=41 remote_norm=43 local_hash=59712a remote_hash=59712c,Preserve for diagnostics; do not block repair by column order alone.,20260716090000_baseline_aruka_v1.sql
column,public,avaliacoes,foto_frente_url,present,present,COLUMN_ORDER_DIFFERENT_NON_MATERIAL,informational,data_type: local_raw=text remote_raw=text local_norm=text remote_norm=text local_hash=7c9e690a remote_hash=7c9e690a; udt_name: local_raw=text remote_raw=text local_norm=text remote_norm=text local_hash=7c9e690a remote_hash=7c9e690a; is_nullable: local_raw=YES remote_raw=YES local_norm=YES remote_norm=YES local_hash=b8836b6 remote_hash=b8836b6; column_default: local_raw=<null> remote_raw=null local_norm=null remote_norm=null local_hash=7c9b6140 remote_hash=7c9b6140; ordinal_position: local_raw=39 remote_raw=41 local_norm=39 remote_norm=41 local_hash=597111 remote_hash=59712a,Preserve for diagnostics; do not block repair by column order alone.,20260716090000_baseline_aruka_v1.sql
column,public,avaliacoes,foto_lateral_url,present,present,COLUMN_ORDER_DIFFERENT_NON_MATERIAL,informational,data_type: local_raw=text remote_raw=text local_norm=text remote_norm=text local_hash=7c9e690a remote_hash=7c9e690a; udt_name: local_raw=text remote_raw=text local_norm=text remote_norm=text local_hash=7c9e690a remote_hash=7c9e690a; is_nullable: local_raw=YES remote_raw=YES local_norm=YES remote_norm=YES local_hash=b8836b6 remote_hash=b8836b6; column_default: local_raw=<null> remote_raw=null local_norm=null remote_norm=null local_hash=7c9b6140 remote_hash=7c9b6140; ordinal_position: local_raw=40 remote_raw=42 local_norm=40 remote_norm=42 local_hash=597129 remote_hash=59712b,Preserve for diagnostics; do not block repair by column order alone.,20260716090000_baseline_aruka_v1.sql
column,public,avaliacoes,id,present,present,EQUIVALENT,info,data_type: local_raw=uuid remote_raw=uuid local_norm=uuid remote_norm=uuid local_hash=7c9f377c remote_hash=7c9f377c; udt_name: local_raw=uuid remote_raw=uuid local_norm=uuid remote_norm=uuid local_hash=7c9f377c remote_hash=7c9f377c; is_nullable: local_raw=NO remote_raw=NO local_norm=NO remote_norm=NO local_hash=5974a2 remote_hash=5974a2; column_default: local_raw=gen_random_uuid() remote_raw=gen_random_uuid() local_norm=gen_random_uuid() remote_norm=gen_random_uuid() local_hash=e283166 remote_hash=e283166; ordinal_position: local_raw=1 remote_raw=1 local_norm=1 remote_norm=1 local_hash=2b5d6 remote_hash=2b5d6,No action.,20260716090000_baseline_aruka_v1.sql
column,public,avaliacoes,idade,present,present,EQUIVALENT,info,data_type: local_raw=numeric remote_raw=numeric local_norm=numeric remote_norm=numeric local_hash=301f0df8 remote_hash=301f0df8; udt_name: local_raw=numeric remote_raw=numeric local_norm=numeric remote_norm=numeric local_hash=301f0df8 remote_hash=301f0df8; is_nullable: local_raw=YES remote_raw=YES local_norm=YES remote_norm=YES local_hash=b8836b6 remote_hash=b8836b6; column_default: local_raw=<null> remote_raw=null local_norm=null remote_norm=null local_hash=7c9b6140 remote_hash=7c9b6140; ordinal_position: local_raw=5 remote_raw=5 local_norm=5 remote_norm=5 local_hash=2b5da remote_hash=2b5da,No action.,20260716090000_baseline_aruka_v1.sql
column,public,avaliacoes,imc,present,present,COLUMN_ORDER_DIFFERENT_NON_MATERIAL,informational,data_type: local_raw=numeric remote_raw=numeric local_norm=numeric remote_norm=numeric local_hash=301f0df8 remote_hash=301f0df8; udt_name: local_raw=numeric remote_raw=numeric local_norm=numeric remote_norm=numeric local_hash=301f0df8 remote_hash=301f0df8; is_nullable: local_raw=YES remote_raw=YES local_norm=YES remote_norm=YES local_hash=b8836b6 remote_hash=b8836b6; column_default: local_raw=<null> remote_raw=null local_norm=null remote_norm=null local_hash=7c9b6140 remote_hash=7c9b6140; ordinal_position: local_raw=34 remote_raw=27 local_norm=34 remote_norm=27 local_hash=59710c remote_hash=5970ee,Preserve for diagnostics; do not block repair by column order alone.,20260716090000_baseline_aruka_v1.sql
column,public,avaliacoes,massa_gorda,present,present,COLUMN_ORDER_DIFFERENT_NON_MATERIAL,informational,data_type: local_raw=numeric remote_raw=numeric local_norm=numeric remote_norm=numeric local_hash=301f0df8 remote_hash=301f0df8; udt_name: local_raw=numeric remote_raw=numeric local_norm=numeric remote_norm=numeric local_hash=301f0df8 remote_hash=301f0df8; is_nullable: local_raw=YES remote_raw=YES local_norm=YES remote_norm=YES local_hash=b8836b6 remote_hash=b8836b6; column_default: local_raw=<null> remote_raw=null local_norm=null remote_norm=null local_hash=7c9b6140 remote_hash=7c9b6140; ordinal_position: local_raw=32 remote_raw=25 local_norm=32 remote_norm=25 local_hash=59710a remote_hash=5970ec,Preserve for diagnostics; do not block repair by column order alone.,20260716090000_baseline_aruka_v1.sql
column,public,avaliacoes,massa_magra,present,present,COLUMN_ORDER_DIFFERENT_NON_MATERIAL,informational,data_type: local_raw=numeric remote_raw=numeric local_norm=numeric remote_norm=numeric local_hash=301f0df8 remote_hash=301f0df8; udt_name: local_raw=numeric remote_raw=numeric local_norm=numeric remote_norm=numeric local_hash=301f0df8 remote_hash=301f0df8; is_nullable: local_raw=YES remote_raw=YES local_norm=YES remote_norm=YES local_hash=b8836b6 remote_hash=b8836b6; column_default: local_raw=<null> remote_raw=null local_norm=null remote_norm=null local_hash=7c9b6140 remote_hash=7c9b6140; ordinal_position: local_raw=33 remote_raw=26 local_norm=33 remote_norm=26 local_hash=59710b remote_hash=5970ed,Preserve for diagnostics; do not block repair by column order alone.,20260716090000_baseline_aruka_v1.sql
column,public,avaliacoes,objetivo_atual,present,present,COLUMN_ORDER_DIFFERENT_NON_MATERIAL,informational,data_type: local_raw=text remote_raw=text local_norm=text remote_norm=text local_hash=7c9e690a remote_hash=7c9e690a; udt_name: local_raw=text remote_raw=text local_norm=text remote_norm=text local_hash=7c9e690a remote_hash=7c9e690a; is_nullable: local_raw=NO remote_raw=NO local_norm=NO remote_norm=NO local_hash=5974a2 remote_hash=5974a2; column_default: local_raw=''::text remote_raw=''::text local_norm='' remote_norm='' local_hash=596f73 remote_hash=596f73; ordinal_position: local_raw=36 remote_raw=38 local_norm=36 remote_norm=38 local_hash=59710e remote_hash=597110,Preserve for diagnostics; do not block repair by column order alone.,20260716090000_baseline_aruka_v1.sql
column,public,avaliacoes,observacoes,present,present,COLUMN_ORDER_DIFFERENT_NON_MATERIAL,informational,data_type: local_raw=text remote_raw=text local_norm=text remote_norm=text local_hash=7c9e690a remote_hash=7c9e690a; udt_name: local_raw=text remote_raw=text local_norm=text remote_norm=text local_hash=7c9e690a remote_hash=7c9e690a; is_nullable: local_raw=NO remote_raw=NO local_norm=NO remote_norm=NO local_hash=5974a2 remote_hash=5974a2; column_default: local_raw=''::text remote_raw=''::text local_norm='' remote_norm='' local_hash=596f73 remote_hash=596f73; ordinal_position: local_raw=42 remote_raw=28 local_norm=42 remote_norm=28 local_hash=59712b remote_hash=5970ef,Preserve for diagnostics; do not block repair by column order alone.,20260716090000_baseline_aruka_v1.sql
column,public,avaliacoes,ombro,present,present,EQUIVALENT,info,data_type: local_raw=numeric remote_raw=numeric local_norm=numeric remote_norm=numeric local_hash=301f0df8 remote_hash=301f0df8; udt_name: local_raw=numeric remote_raw=numeric local_norm=numeric remote_norm=numeric local_hash=301f0df8 remote_hash=301f0df8; is_nullable: local_raw=YES remote_raw=YES local_norm=YES remote_norm=YES local_hash=b8836b6 remote_hash=b8836b6; column_default: local_raw=<null> remote_raw=null local_norm=null remote_norm=null local_hash=7c9b6140 remote_hash=7c9b6140; ordinal_position: local_raw=10 remote_raw=10 local_norm=10 remote_norm=10 local_hash=5970c6 remote_hash=5970c6,No action.,20260716090000_baseline_aruka_v1.sql
column,public,avaliacoes,panturrilha_direita,present,present,EQUIVALENT,info,data_type: local_raw=numeric remote_raw=numeric local_norm=numeric remote_norm=numeric local_hash=301f0df8 remote_hash=301f0df8; udt_name: local_raw=numeric remote_raw=numeric local_norm=numeric remote_norm=numeric local_hash=301f0df8 remote_hash=301f0df8; is_nullable: local_raw=YES remote_raw=YES local_norm=YES remote_norm=YES local_hash=b8836b6 remote_hash=b8836b6; column_default: local_raw=<null> remote_raw=null local_norm=null remote_norm=null local_hash=7c9b6140 remote_hash=7c9b6140; ordinal_position: local_raw=21 remote_raw=21 local_norm=21 remote_norm=21 local_hash=5970e8 remote_hash=5970e8,No action.,20260716090000_baseline_aruka_v1.sql
column,public,avaliacoes,panturrilha_esquerda,present,present,EQUIVALENT,info,data_type: local_raw=numeric remote_raw=numeric local_norm=numeric remote_norm=numeric local_hash=301f0df8 remote_hash=301f0df8; udt_name: local_raw=numeric remote_raw=numeric local_norm=numeric remote_norm=numeric local_hash=301f0df8 remote_hash=301f0df8; is_nullable: local_raw=YES remote_raw=YES local_norm=YES remote_norm=YES local_hash=b8836b6 remote_hash=b8836b6; column_default: local_raw=<null> remote_raw=null local_norm=null remote_norm=null local_hash=7c9b6140 remote_hash=7c9b6140; ordinal_position: local_raw=22 remote_raw=22 local_norm=22 remote_norm=22 local_hash=5970e9 remote_hash=5970e9,No action.,20260716090000_baseline_aruka_v1.sql
column,public,avaliacoes,percentual_gordura,present,present,COLUMN_ORDER_DIFFERENT_NON_MATERIAL,informational,data_type: local_raw=numeric remote_raw=numeric local_norm=numeric remote_norm=numeric local_hash=301f0df8 remote_hash=301f0df8; udt_name: local_raw=numeric remote_raw=numeric local_norm=numeric remote_norm=numeric local_hash=301f0df8 remote_hash=301f0df8; is_nullable: local_raw=YES remote_raw=YES local_norm=YES remote_norm=YES local_hash=b8836b6 remote_hash=b8836b6; column_default: local_raw=<null> remote_raw=null local_norm=null remote_norm=null local_hash=7c9b6140 remote_hash=7c9b6140; ordinal_position: local_raw=30 remote_raw=23 local_norm=30 remote_norm=23 local_hash=597108 remote_hash=5970ea,Preserve for diagnostics; do not block repair by column order alone.,20260716090000_baseline_aruka_v1.sql
column,public,avaliacoes,percentual_massa_magra,present,present,COLUMN_ORDER_DIFFERENT_NON_MATERIAL,informational,data_type: local_raw=numeric remote_raw=numeric local_norm=numeric remote_norm=numeric local_hash=301f0df8 remote_hash=301f0df8; udt_name: local_raw=numeric remote_raw=numeric local_norm=numeric remote_norm=numeric local_hash=301f0df8 remote_hash=301f0df8; is_nullable: local_raw=YES remote_raw=YES local_norm=YES remote_norm=YES local_hash=b8836b6 remote_hash=b8836b6; column_default: local_raw=<null> remote_raw=null local_norm=null remote_norm=null local_hash=7c9b6140 remote_hash=7c9b6140; ordinal_position: local_raw=31 remote_raw=24 local_norm=31 remote_norm=24 local_hash=597109 remote_hash=5970eb,Preserve for diagnostics; do not block repair by column order alone.,20260716090000_baseline_aruka_v1.sql
column,public,avaliacoes,pescoco,present,present,EQUIVALENT,info,data_type: local_raw=numeric remote_raw=numeric local_norm=numeric remote_norm=numeric local_hash=301f0df8 remote_hash=301f0df8; udt_name: local_raw=numeric remote_raw=numeric local_norm=numeric remote_norm=numeric local_hash=301f0df8 remote_hash=301f0df8; is_nullable: local_raw=YES remote_raw=YES local_norm=YES remote_norm=YES local_hash=b8836b6 remote_hash=b8836b6; column_default: local_raw=<null> remote_raw=null local_norm=null remote_norm=null local_hash=7c9b6140 remote_hash=7c9b6140; ordinal_position: local_raw=9 remote_raw=9 local_norm=9 remote_norm=9 local_hash=2b5de remote_hash=2b5de,No action.,20260716090000_baseline_aruka_v1.sql
column,public,avaliacoes,peso,present,present,EQUIVALENT,info,data_type: local_raw=numeric remote_raw=numeric local_norm=numeric remote_norm=numeric local_hash=301f0df8 remote_hash=301f0df8; udt_name: local_raw=numeric remote_raw=numeric local_norm=numeric remote_norm=numeric local_hash=301f0df8 remote_hash=301f0df8; is_nullable: local_raw=YES remote_raw=YES local_norm=YES remote_norm=YES local_hash=b8836b6 remote_hash=b8836b6; column_default: local_raw=<null> remote_raw=null local_norm=null remote_norm=null local_hash=7c9b6140 remote_hash=7c9b6140; ordinal_position: local_raw=8 remote_raw=8 local_norm=8 remote_norm=8 local_hash=2b5dd remote_hash=2b5dd,No action.,20260716090000_baseline_aruka_v1.sql
column,public,avaliacoes,quadril,present,present,EQUIVALENT,info,data_type: local_raw=numeric remote_raw=numeric local_norm=numeric remote_norm=numeric local_hash=301f0df8 remote_hash=301f0df8; udt_name: local_raw=numeric remote_raw=numeric local_norm=numeric remote_norm=numeric local_hash=301f0df8 remote_hash=301f0df8; is_nullable: local_raw=YES remote_raw=YES local_norm=YES remote_norm=YES local_hash=b8836b6 remote_hash=b8836b6; column_default: local_raw=<null> remote_raw=null local_norm=null remote_norm=null local_hash=7c9b6140 remote_hash=7c9b6140; ordinal_position: local_raw=14 remote_raw=14 local_norm=14 remote_norm=14 local_hash=5970ca remote_hash=5970ca,No action.,20260716090000_baseline_aruka_v1.sql
column,public,avaliacoes,sexo,present,present,EQUIVALENT,info,data_type: local_raw=text remote_raw=text local_norm=text remote_norm=text local_hash=7c9e690a remote_hash=7c9e690a; udt_name: local_raw=text remote_raw=text local_norm=text remote_norm=text local_hash=7c9e690a remote_hash=7c9e690a; is_nullable: local_raw=YES remote_raw=YES local_norm=YES remote_norm=YES local_hash=b8836b6 remote_hash=b8836b6; column_default: local_raw=<null> remote_raw=null local_norm=null remote_norm=null local_hash=7c9b6140 remote_hash=7c9b6140; ordinal_position: local_raw=6 remote_raw=6 local_norm=6 remote_norm=6 local_hash=2b5db remote_hash=2b5db,No action.,20260716090000_baseline_aruka_v1.sql
column,public,avaliacoes,status,present,present,COLUMN_ORDER_DIFFERENT_NON_MATERIAL,informational,data_type: local_raw=text remote_raw=text local_norm=text remote_norm=text local_hash=7c9e690a remote_hash=7c9e690a; udt_name: local_raw=text remote_raw=text local_norm=text remote_norm=text local_hash=7c9e690a remote_hash=7c9e690a; is_nullable: local_raw=NO remote_raw=NO local_norm=NO remote_norm=NO local_hash=5974a2 remote_hash=5974a2; column_default: local_raw='inicial'::text remote_raw='inicial'::text local_norm='inicial' remote_norm='inicial' local_hash=a7c08f6c remote_hash=a7c08f6c; ordinal_position: local_raw=35 remote_raw=37 local_norm=35 remote_norm=37 local_hash=59710d remote_hash=59710f,Preserve for diagnostics; do not block repair by column order alone.,20260716090000_baseline_aruka_v1.sql
column,public,avaliacoes,torax,present,present,EQUIVALENT,info,data_type: local_raw=numeric remote_raw=numeric local_norm=numeric remote_norm=numeric local_hash=301f0df8 remote_hash=301f0df8; udt_name: local_raw=numeric remote_raw=numeric local_norm=numeric remote_norm=numeric local_hash=301f0df8 remote_hash=301f0df8; is_nullable: local_raw=YES remote_raw=YES local_norm=YES remote_norm=YES local_hash=b8836b6 remote_hash=b8836b6; column_default: local_raw=<null> remote_raw=null local_norm=null remote_norm=null local_hash=7c9b6140 remote_hash=7c9b6140; ordinal_position: local_raw=11 remote_raw=11 local_norm=11 remote_norm=11 local_hash=5970c7 remote_hash=5970c7,No action.,20260716090000_baseline_aruka_v1.sql
column,public,avaliacoes,user_id,present,present,EQUIVALENT,info,data_type: local_raw=uuid remote_raw=uuid local_norm=uuid remote_norm=uuid local_hash=7c9f377c remote_hash=7c9f377c; udt_name: local_raw=uuid remote_raw=uuid local_norm=uuid remote_norm=uuid local_hash=7c9f377c remote_hash=7c9f377c; is_nullable: local_raw=NO remote_raw=NO local_norm=NO remote_norm=NO local_hash=5974a2 remote_hash=5974a2; column_default: local_raw=<null> remote_raw=null local_norm=null remote_norm=null local_hash=7c9b6140 remote_hash=7c9b6140; ordinal_position: local_raw=2 remote_raw=2 local_norm=2 remote_norm=2 local_hash=2b5d7 remote_hash=2b5d7,No action.,20260716090000_baseline_aruka_v1.sql
column,public,pagamentos,aluno_id,present,present,EQUIVALENT,info,data_type: local_raw=uuid remote_raw=uuid local_norm=uuid remote_norm=uuid local_hash=7c9f377c remote_hash=7c9f377c; udt_name: local_raw=uuid remote_raw=uuid local_norm=uuid remote_norm=uuid local_hash=7c9f377c remote_hash=7c9f377c; is_nullable: local_raw=NO remote_raw=NO local_norm=NO remote_norm=NO local_hash=5974a2 remote_hash=5974a2; column_default: local_raw=<null> remote_raw=null local_norm=null remote_norm=null local_hash=7c9b6140 remote_hash=7c9b6140; ordinal_position: local_raw=3 remote_raw=3 local_norm=3 remote_norm=3 local_hash=2b5d8 remote_hash=2b5d8,No action.,20260716090000_baseline_aruka_v1.sql
column,public,pagamentos,created_at,present,present,COLUMN_ORDER_DIFFERENT_NON_MATERIAL,informational,data_type: local_raw=timestamp with time zone remote_raw=timestamp with time zone local_norm=timestamptz remote_norm=timestamptz local_hash=7acf37c7 remote_hash=7acf37c7; udt_name: local_raw=timestamptz remote_raw=timestamptz local_norm=timestamptz remote_norm=timestamptz local_hash=7acf37c7 remote_hash=7acf37c7; is_nullable: local_raw=NO remote_raw=NO local_norm=NO remote_norm=NO local_hash=5974a2 remote_hash=5974a2; column_default: local_raw=now() remote_raw=now() local_norm=now() remote_norm=now() local_hash=1004652a remote_hash=1004652a; ordinal_position: local_raw=16 remote_raw=10 local_norm=16 remote_norm=10 local_hash=5970cc remote_hash=5970c6,Preserve for diagnostics; do not block repair by column order alone.,20260716090000_baseline_aruka_v1.sql
column,public,pagamentos,data_pagamento,present,present,COLUMN_ORDER_DIFFERENT_NON_MATERIAL,informational,data_type: local_raw=date remote_raw=date local_norm=date remote_norm=date local_hash=7c959163 remote_hash=7c959163; udt_name: local_raw=date remote_raw=date local_norm=date remote_norm=date local_hash=7c959163 remote_hash=7c959163; is_nullable: local_raw=NO remote_raw=NO local_norm=NO remote_norm=NO local_hash=5974a2 remote_hash=5974a2; column_default: local_raw=<null> remote_raw=null local_norm=null remote_norm=null local_hash=7c9b6140 remote_hash=7c9b6140; ordinal_position: local_raw=6 remote_raw=4 local_norm=6 remote_norm=4 local_hash=2b5db remote_hash=2b5d9,Preserve for diagnostics; do not block repair by column order alone.,20260716090000_baseline_aruka_v1.sql
column,public,pagamentos,forma_pagamento,present,present,COLUMN_ORDER_DIFFERENT_NON_MATERIAL,informational,data_type: local_raw=text remote_raw=text local_norm=text remote_norm=text local_hash=7c9e690a remote_hash=7c9e690a; udt_name: local_raw=text remote_raw=text local_norm=text remote_norm=text local_hash=7c9e690a remote_hash=7c9e690a; is_nullable: local_raw=NO remote_raw=NO local_norm=NO remote_norm=NO local_hash=5974a2 remote_hash=5974a2; column_default: local_raw=''::text remote_raw=''::text local_norm='' remote_norm='' local_hash=596f73 remote_hash=596f73; ordinal_position: local_raw=7 remote_raw=6 local_norm=7 remote_norm=6 local_hash=2b5dc remote_hash=2b5db,Preserve for diagnostics; do not block repair by column order alone.,20260716090000_baseline_aruka_v1.sql
column,public,pagamentos,id,present,present,EQUIVALENT,info,data_type: local_raw=uuid remote_raw=uuid local_norm=uuid remote_norm=uuid local_hash=7c9f377c remote_hash=7c9f377c; udt_name: local_raw=uuid remote_raw=uuid local_norm=uuid remote_norm=uuid local_hash=7c9f377c remote_hash=7c9f377c; is_nullable: local_raw=NO remote_raw=NO local_norm=NO remote_norm=NO local_hash=5974a2 remote_hash=5974a2; column_default: local_raw=gen_random_uuid() remote_raw=gen_random_uuid() local_norm=gen_random_uuid() remote_norm=gen_random_uuid() local_hash=e283166 remote_hash=e283166; ordinal_position: local_raw=1 remote_raw=1 local_norm=1 remote_norm=1 local_hash=2b5d6 remote_hash=2b5d6,No action.,20260716090000_baseline_aruka_v1.sql
column,public,pagamentos,observacao,present,present,EQUIVALENT,info,data_type: local_raw=text remote_raw=text local_norm=text remote_norm=text local_hash=7c9e690a remote_hash=7c9e690a; udt_name: local_raw=text remote_raw=text local_norm=text remote_norm=text local_hash=7c9e690a remote_hash=7c9e690a; is_nullable: local_raw=NO remote_raw=NO local_norm=NO remote_norm=NO local_hash=5974a2 remote_hash=5974a2; column_default: local_raw=''::text remote_raw=''::text local_norm='' remote_norm='' local_hash=596f73 remote_hash=596f73; ordinal_position: local_raw=14 remote_raw=14 local_norm=14 remote_norm=14 local_hash=5970ca remote_hash=5970ca,No action.,20260716090000_baseline_aruka_v1.sql
column,public,pagamentos,observacoes,present,present,COLUMN_ORDER_DIFFERENT_NON_MATERIAL,informational,data_type: local_raw=text remote_raw=text local_norm=text remote_norm=text local_hash=7c9e690a remote_hash=7c9e690a; udt_name: local_raw=text remote_raw=text local_norm=text remote_norm=text local_hash=7c9e690a remote_hash=7c9e690a; is_nullable: local_raw=NO remote_raw=NO local_norm=NO remote_norm=NO local_hash=5974a2 remote_hash=5974a2; column_default: local_raw=''::text remote_raw=''::text local_norm='' remote_norm='' local_hash=596f73 remote_hash=596f73; ordinal_position: local_raw=15 remote_raw=9 local_norm=15 remote_norm=9 local_hash=5970cb remote_hash=2b5de,Preserve for diagnostics; do not block repair by column order alone.,20260716090000_baseline_aruka_v1.sql
column,public,pagamentos,parcela,present,present,COLUMN_ORDER_DIFFERENT_NON_MATERIAL,informational,data_type: local_raw=text remote_raw=text local_norm=text remote_norm=text local_hash=7c9e690a remote_hash=7c9e690a; udt_name: local_raw=text remote_raw=text local_norm=text remote_norm=text local_hash=7c9e690a remote_hash=7c9e690a; is_nullable: local_raw=NO remote_raw=NO local_norm=NO remote_norm=NO local_hash=5974a2 remote_hash=5974a2; column_default: local_raw='1'::text remote_raw='1'::text local_norm='1' remote_norm='1' local_hash=b875f44 remote_hash=b875f44; ordinal_position: local_raw=8 remote_raw=7 local_norm=8 remote_norm=7 local_hash=2b5dd remote_hash=2b5dc,Preserve for diagnostics; do not block repair by column order alone.,20260716090000_baseline_aruka_v1.sql
column,public,pagamentos,plano,present,present,COLUMN_ORDER_DIFFERENT_NON_MATERIAL,informational,data_type: local_raw=text remote_raw=text local_norm=text remote_norm=text local_hash=7c9e690a remote_hash=7c9e690a; udt_name: local_raw=text remote_raw=text local_norm=text remote_norm=text local_hash=7c9e690a remote_hash=7c9e690a; is_nullable: local_raw=NO remote_raw=NO local_norm=NO remote_norm=NO local_hash=5974a2 remote_hash=5974a2; column_default: local_raw=''::text remote_raw=''::text local_norm='' remote_norm='' local_hash=596f73 remote_hash=596f73; ordinal_position: local_raw=4 remote_raw=11 local_norm=4 remote_norm=11 local_hash=2b5d9 remote_hash=5970c7,Preserve for diagnostics; do not block repair by column order alone.,20260716090000_baseline_aruka_v1.sql
column,public,pagamentos,tipo_movimento,present,present,COLUMN_ORDER_DIFFERENT_NON_MATERIAL,informational,data_type: local_raw=text remote_raw=text local_norm=text remote_norm=text local_hash=7c9e690a remote_hash=7c9e690a; udt_name: local_raw=text remote_raw=text local_norm=text remote_norm=text local_hash=7c9e690a remote_hash=7c9e690a; is_nullable: local_raw=NO remote_raw=NO local_norm=NO remote_norm=NO local_hash=5974a2 remote_hash=5974a2; column_default: local_raw='pagamento_avulso'::text remote_raw='pagamento_avulso'::text local_norm='pagamento_avulso' remote_norm='pagamento_avulso' local_hash=5ba16a88 remote_hash=5ba16a88; ordinal_position: local_raw=10 remote_raw=15 local_norm=10 remote_norm=15 local_hash=5970c6 remote_hash=5970cb,Preserve for diagnostics; do not block repair by column order alone.,20260716090000_baseline_aruka_v1.sql
column,public,pagamentos,total_parcelas,present,present,COLUMN_ORDER_DIFFERENT_NON_MATERIAL,informational,data_type: local_raw=integer remote_raw=integer local_norm=int4 remote_norm=int4 local_hash=7c988664 remote_hash=7c988664; udt_name: local_raw=int4 remote_raw=int4 local_norm=int4 remote_norm=int4 local_hash=7c988664 remote_hash=7c988664; is_nullable: local_raw=NO remote_raw=NO local_norm=NO remote_norm=NO local_hash=5974a2 remote_hash=5974a2; column_default: local_raw=1 remote_raw=1 local_norm=1 remote_norm=1 local_hash=2b5d6 remote_hash=2b5d6; ordinal_position: local_raw=9 remote_raw=8 local_norm=9 remote_norm=8 local_hash=2b5de remote_hash=2b5dd,Preserve for diagnostics; do not block repair by column order alone.,20260716090000_baseline_aruka_v1.sql
column,public,pagamentos,user_id,present,present,EQUIVALENT,info,data_type: local_raw=uuid remote_raw=uuid local_norm=uuid remote_norm=uuid local_hash=7c9f377c remote_hash=7c9f377c; udt_name: local_raw=uuid remote_raw=uuid local_norm=uuid remote_norm=uuid local_hash=7c9f377c remote_hash=7c9f377c; is_nullable: local_raw=NO remote_raw=NO local_norm=NO remote_norm=NO local_hash=5974a2 remote_hash=5974a2; column_default: local_raw=<null> remote_raw=null local_norm=null remote_norm=null local_hash=7c9b6140 remote_hash=7c9b6140; ordinal_position: local_raw=2 remote_raw=2 local_norm=2 remote_norm=2 local_hash=2b5d7 remote_hash=2b5d7,No action.,20260716090000_baseline_aruka_v1.sql
column,public,pagamentos,valor,present,present,EQUIVALENT,info,data_type: local_raw=numeric remote_raw=numeric local_norm=numeric remote_norm=numeric local_hash=301f0df8 remote_hash=301f0df8; udt_name: local_raw=numeric remote_raw=numeric local_norm=numeric remote_norm=numeric local_hash=301f0df8 remote_hash=301f0df8; is_nullable: local_raw=NO remote_raw=NO local_norm=NO remote_norm=NO local_hash=5974a2 remote_hash=5974a2; column_default: local_raw=0 remote_raw=0 local_norm=0 remote_norm=0 local_hash=2b5d5 remote_hash=2b5d5; ordinal_position: local_raw=5 remote_raw=5 local_norm=5 remote_norm=5 local_hash=2b5da remote_hash=2b5da,No action.,20260716090000_baseline_aruka_v1.sql
column,public,pagamentos,vencimento_anterior,present,present,EQUIVALENT,info,data_type: local_raw=date remote_raw=date local_norm=date remote_norm=date local_hash=7c959163 remote_hash=7c959163; udt_name: local_raw=date remote_raw=date local_norm=date remote_norm=date local_hash=7c959163 remote_hash=7c959163; is_nullable: local_raw=YES remote_raw=YES local_norm=YES remote_norm=YES local_hash=b8836b6 remote_hash=b8836b6; column_default: local_raw=<null> remote_raw=null local_norm=null remote_norm=null local_hash=7c9b6140 remote_hash=7c9b6140; ordinal_position: local_raw=12 remote_raw=12 local_norm=12 remote_norm=12 local_hash=5970c8 remote_hash=5970c8,No action.,20260716090000_baseline_aruka_v1.sql
column,public,pagamentos,vencimento_novo,present,present,EQUIVALENT,info,data_type: local_raw=date remote_raw=date local_norm=date remote_norm=date local_hash=7c959163 remote_hash=7c959163; udt_name: local_raw=date remote_raw=date local_norm=date remote_norm=date local_hash=7c959163 remote_hash=7c959163; is_nullable: local_raw=YES remote_raw=YES local_norm=YES remote_norm=YES local_hash=b8836b6 remote_hash=b8836b6; column_default: local_raw=<null> remote_raw=null local_norm=null remote_norm=null local_hash=7c9b6140 remote_hash=7c9b6140; ordinal_position: local_raw=13 remote_raw=13 local_norm=13 remote_norm=13 local_hash=5970c9 remote_hash=5970c9,No action.,20260716090000_baseline_aruka_v1.sql
column,public,pagamentos,vencimento_parcela,present,present,COLUMN_ORDER_DIFFERENT_NON_MATERIAL,informational,data_type: local_raw=date remote_raw=date local_norm=date remote_norm=date local_hash=7c959163 remote_hash=7c959163; udt_name: local_raw=date remote_raw=date local_norm=date remote_norm=date local_hash=7c959163 remote_hash=7c959163; is_nullable: local_raw=YES remote_raw=YES local_norm=YES remote_norm=YES local_hash=b8836b6 remote_hash=b8836b6; column_default: local_raw=<null> remote_raw=null local_norm=null remote_norm=null local_hash=7c9b6140 remote_hash=7c9b6140; ordinal_position: local_raw=11 remote_raw=16 local_norm=11 remote_norm=16 local_hash=5970c7 remote_hash=5970cc,Preserve for diagnostics; do not block repair by column order alone.,20260716090000_baseline_aruka_v1.sql
column,public,perfis,created_at,present,present,EQUIVALENT,info,data_type: local_raw=timestamp with time zone remote_raw=timestamp with time zone local_norm=timestamptz remote_norm=timestamptz local_hash=7acf37c7 remote_hash=7acf37c7; udt_name: local_raw=timestamptz remote_raw=timestamptz local_norm=timestamptz remote_norm=timestamptz local_hash=7acf37c7 remote_hash=7acf37c7; is_nullable: local_raw=NO remote_raw=NO local_norm=NO remote_norm=NO local_hash=5974a2 remote_hash=5974a2; column_default: local_raw=now() remote_raw=now() local_norm=now() remote_norm=now() local_hash=1004652a remote_hash=1004652a; ordinal_position: local_raw=8 remote_raw=8 local_norm=8 remote_norm=8 local_hash=2b5dd remote_hash=2b5dd,No action.,20260716090000_baseline_aruka_v1.sql
column,public,perfis,email,present,present,EQUIVALENT,info,data_type: local_raw=text remote_raw=text local_norm=text remote_norm=text local_hash=7c9e690a remote_hash=7c9e690a; udt_name: local_raw=text remote_raw=text local_norm=text remote_norm=text local_hash=7c9e690a remote_hash=7c9e690a; is_nullable: local_raw=YES remote_raw=YES local_norm=YES remote_norm=YES local_hash=b8836b6 remote_hash=b8836b6; column_default: local_raw=<null> remote_raw=null local_norm=null remote_norm=null local_hash=7c9b6140 remote_hash=7c9b6140; ordinal_position: local_raw=4 remote_raw=4 local_norm=4 remote_norm=4 local_hash=2b5d9 remote_hash=2b5d9,No action.,20260716090000_baseline_aruka_v1.sql
column,public,perfis,id,present,present,EQUIVALENT,info,data_type: local_raw=uuid remote_raw=uuid local_norm=uuid remote_norm=uuid local_hash=7c9f377c remote_hash=7c9f377c; udt_name: local_raw=uuid remote_raw=uuid local_norm=uuid remote_norm=uuid local_hash=7c9f377c remote_hash=7c9f377c; is_nullable: local_raw=NO remote_raw=NO local_norm=NO remote_norm=NO local_hash=5974a2 remote_hash=5974a2; column_default: local_raw=gen_random_uuid() remote_raw=gen_random_uuid() local_norm=gen_random_uuid() remote_norm=gen_random_uuid() local_hash=e283166 remote_hash=e283166; ordinal_position: local_raw=1 remote_raw=1 local_norm=1 remote_norm=1 local_hash=2b5d6 remote_hash=2b5d6,No action.,20260716090000_baseline_aruka_v1.sql
column,public,perfis,nome,present,present,EQUIVALENT,info,data_type: local_raw=text remote_raw=text local_norm=text remote_norm=text local_hash=7c9e690a remote_hash=7c9e690a; udt_name: local_raw=text remote_raw=text local_norm=text remote_norm=text local_hash=7c9e690a remote_hash=7c9e690a; is_nullable: local_raw=YES remote_raw=YES local_norm=YES remote_norm=YES local_hash=b8836b6 remote_hash=b8836b6; column_default: local_raw=<null> remote_raw=null local_norm=null remote_norm=null local_hash=7c9b6140 remote_hash=7c9b6140; ordinal_position: local_raw=3 remote_raw=3 local_norm=3 remote_norm=3 local_hash=2b5d8 remote_hash=2b5d8,No action.,20260716090000_baseline_aruka_v1.sql
column,public,perfis,role,present,present,EQUIVALENT,info,data_type: local_raw=text remote_raw=text local_norm=text remote_norm=text local_hash=7c9e690a remote_hash=7c9e690a; udt_name: local_raw=text remote_raw=text local_norm=text remote_norm=text local_hash=7c9e690a remote_hash=7c9e690a; is_nullable: local_raw=NO remote_raw=NO local_norm=NO remote_norm=NO local_hash=5974a2 remote_hash=5974a2; column_default: local_raw='user'::text remote_raw='user'::text local_norm='user' remote_norm='user' local_hash=6b5e3452 remote_hash=6b5e3452; ordinal_position: local_raw=5 remote_raw=5 local_norm=5 remote_norm=5 local_hash=2b5da remote_hash=2b5da,No action.,20260716090000_baseline_aruka_v1.sql
column,public,perfis,status,present,present,EQUIVALENT,info,data_type: local_raw=text remote_raw=text local_norm=text remote_norm=text local_hash=7c9e690a remote_hash=7c9e690a; udt_name: local_raw=text remote_raw=text local_norm=text remote_norm=text local_hash=7c9e690a remote_hash=7c9e690a; is_nullable: local_raw=NO remote_raw=NO local_norm=NO remote_norm=NO local_hash=5974a2 remote_hash=5974a2; column_default: local_raw='ativo'::text remote_raw='ativo'::text local_norm='ativo' remote_norm='ativo' local_hash=a891f676 remote_hash=a891f676; ordinal_position: local_raw=7 remote_raw=7 local_norm=7 remote_norm=7 local_hash=2b5dc remote_hash=2b5dc,No action.,20260716090000_baseline_aruka_v1.sql
column,public,perfis,tipo_acesso,present,present,EQUIVALENT,info,data_type: local_raw=text remote_raw=text local_norm=text remote_norm=text local_hash=7c9e690a remote_hash=7c9e690a; udt_name: local_raw=text remote_raw=text local_norm=text remote_norm=text local_hash=7c9e690a remote_hash=7c9e690a; is_nullable: local_raw=NO remote_raw=NO local_norm=NO remote_norm=NO local_hash=5974a2 remote_hash=5974a2; column_default: local_raw='pendente'::text remote_raw='pendente'::text local_norm='pendente' remote_norm='pendente' local_hash=3e05986 remote_hash=3e05986; ordinal_position: local_raw=6 remote_raw=6 local_norm=6 remote_norm=6 local_hash=2b5db remote_hash=2b5db,No action.,20260716090000_baseline_aruka_v1.sql
column,public,perfis,user_id,present,present,EQUIVALENT,info,data_type: local_raw=uuid remote_raw=uuid local_norm=uuid remote_norm=uuid local_hash=7c9f377c remote_hash=7c9f377c; udt_name: local_raw=uuid remote_raw=uuid local_norm=uuid remote_norm=uuid local_hash=7c9f377c remote_hash=7c9f377c; is_nullable: local_raw=NO remote_raw=NO local_norm=NO remote_norm=NO local_hash=5974a2 remote_hash=5974a2; column_default: local_raw=<null> remote_raw=null local_norm=null remote_norm=null local_hash=7c9b6140 remote_hash=7c9b6140; ordinal_position: local_raw=2 remote_raw=2 local_norm=2 remote_norm=2 local_hash=2b5d7 remote_hash=2b5d7,No action.,20260716090000_baseline_aruka_v1.sql
column,public,planos,ativo,present,present,COLUMN_ORDER_DIFFERENT_NON_MATERIAL,informational,data_type: local_raw=boolean remote_raw=boolean local_norm=bool remote_norm=bool local_hash=7c94b391 remote_hash=7c94b391; udt_name: local_raw=bool remote_raw=bool local_norm=bool remote_norm=bool local_hash=7c94b391 remote_hash=7c94b391; is_nullable: local_raw=NO remote_raw=NO local_norm=NO remote_norm=NO local_hash=5974a2 remote_hash=5974a2; column_default: local_raw=true remote_raw=true local_norm=true remote_norm=true local_hash=7c9e9fe5 remote_hash=7c9e9fe5; ordinal_position: local_raw=11 remote_raw=7 local_norm=11 remote_norm=7 local_hash=5970c7 remote_hash=2b5dc,Preserve for diagnostics; do not block repair by column order alone.,20260716090000_baseline_aruka_v1.sql
column,public,planos,created_at,present,present,COLUMN_ORDER_DIFFERENT_NON_MATERIAL,informational,data_type: local_raw=timestamp with time zone remote_raw=timestamp with time zone local_norm=timestamptz remote_norm=timestamptz local_hash=7acf37c7 remote_hash=7acf37c7; udt_name: local_raw=timestamptz remote_raw=timestamptz local_norm=timestamptz remote_norm=timestamptz local_hash=7acf37c7 remote_hash=7acf37c7; is_nullable: local_raw=NO remote_raw=NO local_norm=NO remote_norm=NO local_hash=5974a2 remote_hash=5974a2; column_default: local_raw=now() remote_raw=now() local_norm=now() remote_norm=now() local_hash=1004652a remote_hash=1004652a; ordinal_position: local_raw=12 remote_raw=8 local_norm=12 remote_norm=8 local_hash=5970c8 remote_hash=2b5dd,Preserve for diagnostics; do not block repair by column order alone.,20260716090000_baseline_aruka_v1.sql
column,public,planos,descricao,present,present,EQUIVALENT,info,data_type: local_raw=text remote_raw=text local_norm=text remote_norm=text local_hash=7c9e690a remote_hash=7c9e690a; udt_name: local_raw=text remote_raw=text local_norm=text remote_norm=text local_hash=7c9e690a remote_hash=7c9e690a; is_nullable: local_raw=NO remote_raw=NO local_norm=NO remote_norm=NO local_hash=5974a2 remote_hash=5974a2; column_default: local_raw=''::text remote_raw=''::text local_norm='' remote_norm='' local_hash=596f73 remote_hash=596f73; ordinal_position: local_raw=4 remote_raw=4 local_norm=4 remote_norm=4 local_hash=2b5d9 remote_hash=2b5d9,No action.,20260716090000_baseline_aruka_v1.sql
column,public,planos,duracao_meses,present,present,EQUIVALENT,info,data_type: local_raw=integer remote_raw=integer local_norm=int4 remote_norm=int4 local_hash=7c988664 remote_hash=7c988664; udt_name: local_raw=int4 remote_raw=int4 local_norm=int4 remote_norm=int4 local_hash=7c988664 remote_hash=7c988664; is_nullable: local_raw=NO remote_raw=NO local_norm=NO remote_norm=NO local_hash=5974a2 remote_hash=5974a2; column_default: local_raw=1 remote_raw=1 local_norm=1 remote_norm=1 local_hash=2b5d6 remote_hash=2b5d6; ordinal_position: local_raw=5 remote_raw=5 local_norm=5 remote_norm=5 local_hash=2b5da remote_hash=2b5da,No action.,20260716090000_baseline_aruka_v1.sql
column,public,planos,id,present,present,EQUIVALENT,info,data_type: local_raw=uuid remote_raw=uuid local_norm=uuid remote_norm=uuid local_hash=7c9f377c remote_hash=7c9f377c; udt_name: local_raw=uuid remote_raw=uuid local_norm=uuid remote_norm=uuid local_hash=7c9f377c remote_hash=7c9f377c; is_nullable: local_raw=NO remote_raw=NO local_norm=NO remote_norm=NO local_hash=5974a2 remote_hash=5974a2; column_default: local_raw=gen_random_uuid() remote_raw=gen_random_uuid() local_norm=gen_random_uuid() remote_norm=gen_random_uuid() local_hash=e283166 remote_hash=e283166; ordinal_position: local_raw=1 remote_raw=1 local_norm=1 remote_norm=1 local_hash=2b5d6 remote_hash=2b5d6,No action.,20260716090000_baseline_aruka_v1.sql
column,public,planos,intervalo_parcelas_meses,present,present,COLUMN_ORDER_DIFFERENT_NON_MATERIAL,informational,data_type: local_raw=integer remote_raw=integer local_norm=int4 remote_norm=int4 local_hash=7c988664 remote_hash=7c988664; udt_name: local_raw=int4 remote_raw=int4 local_norm=int4 remote_norm=int4 local_hash=7c988664 remote_hash=7c988664; is_nullable: local_raw=NO remote_raw=NO local_norm=NO remote_norm=NO local_hash=5974a2 remote_hash=5974a2; column_default: local_raw=1 remote_raw=1 local_norm=1 remote_norm=1 local_hash=2b5d6 remote_hash=2b5d6; ordinal_position: local_raw=10 remote_raw=12 local_norm=10 remote_norm=12 local_hash=5970c6 remote_hash=5970c8,Preserve for diagnostics; do not block repair by column order alone.,20260716090000_baseline_aruka_v1.sql
column,public,planos,nome,present,present,EQUIVALENT,info,data_type: local_raw=text remote_raw=text local_norm=text remote_norm=text local_hash=7c9e690a remote_hash=7c9e690a; udt_name: local_raw=text remote_raw=text local_norm=text remote_norm=text local_hash=7c9e690a remote_hash=7c9e690a; is_nullable: local_raw=NO remote_raw=NO local_norm=NO remote_norm=NO local_hash=5974a2 remote_hash=5974a2; column_default: local_raw=<null> remote_raw=null local_norm=null remote_norm=null local_hash=7c9b6140 remote_hash=7c9b6140; ordinal_position: local_raw=3 remote_raw=3 local_norm=3 remote_norm=3 local_hash=2b5d8 remote_hash=2b5d8,No action.,20260716090000_baseline_aruka_v1.sql
column,public,planos,permite_parcelamento,present,present,COLUMN_ORDER_DIFFERENT_NON_MATERIAL,informational,data_type: local_raw=boolean remote_raw=boolean local_norm=bool remote_norm=bool local_hash=7c94b391 remote_hash=7c94b391; udt_name: local_raw=bool remote_raw=bool local_norm=bool remote_norm=bool local_hash=7c94b391 remote_hash=7c94b391; is_nullable: local_raw=NO remote_raw=NO local_norm=NO remote_norm=NO local_hash=5974a2 remote_hash=5974a2; column_default: local_raw=false remote_raw=false local_norm=false remote_norm=false local_hash=f6bcef0 remote_hash=f6bcef0; ordinal_position: local_raw=7 remote_raw=9 local_norm=7 remote_norm=9 local_hash=2b5dc remote_hash=2b5de,Preserve for diagnostics; do not block repair by column order alone.,20260716090000_baseline_aruka_v1.sql
column,public,planos,quantidade_parcelas,present,present,COLUMN_ORDER_DIFFERENT_NON_MATERIAL,informational,data_type: local_raw=integer remote_raw=integer local_norm=int4 remote_norm=int4 local_hash=7c988664 remote_hash=7c988664; udt_name: local_raw=int4 remote_raw=int4 local_norm=int4 remote_norm=int4 local_hash=7c988664 remote_hash=7c988664; is_nullable: local_raw=NO remote_raw=NO local_norm=NO remote_norm=NO local_hash=5974a2 remote_hash=5974a2; column_default: local_raw=1 remote_raw=1 local_norm=1 remote_norm=1 local_hash=2b5d6 remote_hash=2b5d6; ordinal_position: local_raw=8 remote_raw=10 local_norm=8 remote_norm=10 local_hash=2b5dd remote_hash=5970c6,Preserve for diagnostics; do not block repair by column order alone.,20260716090000_baseline_aruka_v1.sql
column,public,planos,user_id,present,present,EQUIVALENT,info,data_type: local_raw=uuid remote_raw=uuid local_norm=uuid remote_norm=uuid local_hash=7c9f377c remote_hash=7c9f377c; udt_name: local_raw=uuid remote_raw=uuid local_norm=uuid remote_norm=uuid local_hash=7c9f377c remote_hash=7c9f377c; is_nullable: local_raw=NO remote_raw=NO local_norm=NO remote_norm=NO local_hash=5974a2 remote_hash=5974a2; column_default: local_raw=<null> remote_raw=null local_norm=null remote_norm=null local_hash=7c9b6140 remote_hash=7c9b6140; ordinal_position: local_raw=2 remote_raw=2 local_norm=2 remote_norm=2 local_hash=2b5d7 remote_hash=2b5d7,No action.,20260716090000_baseline_aruka_v1.sql
column,public,planos,valor,present,present,EQUIVALENT,info,data_type: local_raw=numeric remote_raw=numeric local_norm=numeric remote_norm=numeric local_hash=301f0df8 remote_hash=301f0df8; udt_name: local_raw=numeric remote_raw=numeric local_norm=numeric remote_norm=numeric local_hash=301f0df8 remote_hash=301f0df8; is_nullable: local_raw=NO remote_raw=NO local_norm=NO remote_norm=NO local_hash=5974a2 remote_hash=5974a2; column_default: local_raw=0 remote_raw=0 local_norm=0 remote_norm=0 local_hash=2b5d5 remote_hash=2b5d5; ordinal_position: local_raw=6 remote_raw=6 local_norm=6 remote_norm=6 local_hash=2b5db remote_hash=2b5db,No action.,20260716090000_baseline_aruka_v1.sql
column,public,planos,valor_parcela,present,present,COLUMN_ORDER_DIFFERENT_NON_MATERIAL,informational,data_type: local_raw=numeric remote_raw=numeric local_norm=numeric remote_norm=numeric local_hash=301f0df8 remote_hash=301f0df8; udt_name: local_raw=numeric remote_raw=numeric local_norm=numeric remote_norm=numeric local_hash=301f0df8 remote_hash=301f0df8; is_nullable: local_raw=NO remote_raw=NO local_norm=NO remote_norm=NO local_hash=5974a2 remote_hash=5974a2; column_default: local_raw=0 remote_raw=0 local_norm=0 remote_norm=0 local_hash=2b5d5 remote_hash=2b5d5; ordinal_position: local_raw=9 remote_raw=11 local_norm=9 remote_norm=11 local_hash=2b5de remote_hash=5970c7,Preserve for diagnostics; do not block repair by column order alone.,20260716090000_baseline_aruka_v1.sql
column,public,treino_dias,created_at,present,present,EQUIVALENT,info,data_type: local_raw=timestamp with time zone remote_raw=timestamp with time zone local_norm=timestamptz remote_norm=timestamptz local_hash=7acf37c7 remote_hash=7acf37c7; udt_name: local_raw=timestamptz remote_raw=timestamptz local_norm=timestamptz remote_norm=timestamptz local_hash=7acf37c7 remote_hash=7acf37c7; is_nullable: local_raw=NO remote_raw=NO local_norm=NO remote_norm=NO local_hash=5974a2 remote_hash=5974a2; column_default: local_raw=now() remote_raw=now() local_norm=now() remote_norm=now() local_hash=1004652a remote_hash=1004652a; ordinal_position: local_raw=6 remote_raw=6 local_norm=6 remote_norm=6 local_hash=2b5db remote_hash=2b5db,No action.,20260716090000_baseline_aruka_v1.sql
column,public,treino_dias,grupo_muscular,present,present,EQUIVALENT,info,data_type: local_raw=text remote_raw=text local_norm=text remote_norm=text local_hash=7c9e690a remote_hash=7c9e690a; udt_name: local_raw=text remote_raw=text local_norm=text remote_norm=text local_hash=7c9e690a remote_hash=7c9e690a; is_nullable: local_raw=NO remote_raw=NO local_norm=NO remote_norm=NO local_hash=5974a2 remote_hash=5974a2; column_default: local_raw=''::text remote_raw=''::text local_norm='' remote_norm='' local_hash=596f73 remote_hash=596f73; ordinal_position: local_raw=4 remote_raw=4 local_norm=4 remote_norm=4 local_hash=2b5d9 remote_hash=2b5d9,No action.,20260716090000_baseline_aruka_v1.sql
column,public,treino_dias,id,present,present,EQUIVALENT,info,data_type: local_raw=uuid remote_raw=uuid local_norm=uuid remote_norm=uuid local_hash=7c9f377c remote_hash=7c9f377c; udt_name: local_raw=uuid remote_raw=uuid local_norm=uuid remote_norm=uuid local_hash=7c9f377c remote_hash=7c9f377c; is_nullable: local_raw=NO remote_raw=NO local_norm=NO remote_norm=NO local_hash=5974a2 remote_hash=5974a2; column_default: local_raw=gen_random_uuid() remote_raw=gen_random_uuid() local_norm=gen_random_uuid() remote_norm=gen_random_uuid() local_hash=e283166 remote_hash=e283166; ordinal_position: local_raw=1 remote_raw=1 local_norm=1 remote_norm=1 local_hash=2b5d6 remote_hash=2b5d6,No action.,20260716090000_baseline_aruka_v1.sql
column,public,treino_dias,nome,present,present,EQUIVALENT,info,data_type: local_raw=text remote_raw=text local_norm=text remote_norm=text local_hash=7c9e690a remote_hash=7c9e690a; udt_name: local_raw=text remote_raw=text local_norm=text remote_norm=text local_hash=7c9e690a remote_hash=7c9e690a; is_nullable: local_raw=NO remote_raw=NO local_norm=NO remote_norm=NO local_hash=5974a2 remote_hash=5974a2; column_default: local_raw=<null> remote_raw=null local_norm=null remote_norm=null local_hash=7c9b6140 remote_hash=7c9b6140; ordinal_position: local_raw=3 remote_raw=3 local_norm=3 remote_norm=3 local_hash=2b5d8 remote_hash=2b5d8,No action.,20260716090000_baseline_aruka_v1.sql
column,public,treino_dias,ordem,present,present,EQUIVALENT,info,data_type: local_raw=integer remote_raw=integer local_norm=int4 remote_norm=int4 local_hash=7c988664 remote_hash=7c988664; udt_name: local_raw=int4 remote_raw=int4 local_norm=int4 remote_norm=int4 local_hash=7c988664 remote_hash=7c988664; is_nullable: local_raw=NO remote_raw=NO local_norm=NO remote_norm=NO local_hash=5974a2 remote_hash=5974a2; column_default: local_raw=1 remote_raw=1 local_norm=1 remote_norm=1 local_hash=2b5d6 remote_hash=2b5d6; ordinal_position: local_raw=5 remote_raw=5 local_norm=5 remote_norm=5 local_hash=2b5da remote_hash=2b5da,No action.,20260716090000_baseline_aruka_v1.sql
column,public,treino_dias,treino_id,present,present,EQUIVALENT,info,data_type: local_raw=uuid remote_raw=uuid local_norm=uuid remote_norm=uuid local_hash=7c9f377c remote_hash=7c9f377c; udt_name: local_raw=uuid remote_raw=uuid local_norm=uuid remote_norm=uuid local_hash=7c9f377c remote_hash=7c9f377c; is_nullable: local_raw=NO remote_raw=NO local_norm=NO remote_norm=NO local_hash=5974a2 remote_hash=5974a2; column_default: local_raw=<null> remote_raw=null local_norm=null remote_norm=null local_hash=7c9b6140 remote_hash=7c9b6140; ordinal_position: local_raw=2 remote_raw=2 local_norm=2 remote_norm=2 local_hash=2b5d7 remote_hash=2b5d7,No action.,20260716090000_baseline_aruka_v1.sql
column,public,treino_eventos,actor_id,present,present,EQUIVALENT,info,data_type: local_raw=uuid remote_raw=uuid local_norm=uuid remote_norm=uuid local_hash=7c9f377c remote_hash=7c9f377c; udt_name: local_raw=uuid remote_raw=uuid local_norm=uuid remote_norm=uuid local_hash=7c9f377c remote_hash=7c9f377c; is_nullable: local_raw=YES remote_raw=YES local_norm=YES remote_norm=YES local_hash=b8836b6 remote_hash=b8836b6; column_default: local_raw=<null> remote_raw=null local_norm=null remote_norm=null local_hash=7c9b6140 remote_hash=7c9b6140; ordinal_position: local_raw=8 remote_raw=8 local_norm=8 remote_norm=8 local_hash=2b5dd remote_hash=2b5dd,No action.,20260728030000_workout_delivery_integration_v1.sql
column,public,treino_eventos,aluno_id,present,present,EQUIVALENT,info,data_type: local_raw=uuid remote_raw=uuid local_norm=uuid remote_norm=uuid local_hash=7c9f377c remote_hash=7c9f377c; udt_name: local_raw=uuid remote_raw=uuid local_norm=uuid remote_norm=uuid local_hash=7c9f377c remote_hash=7c9f377c; is_nullable: local_raw=NO remote_raw=NO local_norm=NO remote_norm=NO local_hash=5974a2 remote_hash=5974a2; column_default: local_raw=<null> remote_raw=null local_norm=null remote_norm=null local_hash=7c9b6140 remote_hash=7c9b6140; ordinal_position: local_raw=4 remote_raw=4 local_norm=4 remote_norm=4 local_hash=2b5d9 remote_hash=2b5d9,No action.,20260728030000_workout_delivery_integration_v1.sql
column,public,treino_eventos,created_at,present,present,EQUIVALENT,info,data_type: local_raw=timestamp with time zone remote_raw=timestamp with time zone local_norm=timestamptz remote_norm=timestamptz local_hash=7acf37c7 remote_hash=7acf37c7; udt_name: local_raw=timestamptz remote_raw=timestamptz local_norm=timestamptz remote_norm=timestamptz local_hash=7acf37c7 remote_hash=7acf37c7; is_nullable: local_raw=NO remote_raw=NO local_norm=NO remote_norm=NO local_hash=5974a2 remote_hash=5974a2; column_default: local_raw=now() remote_raw=now() local_norm=now() remote_norm=now() local_hash=1004652a remote_hash=1004652a; ordinal_position: local_raw=11 remote_raw=11 local_norm=11 remote_norm=11 local_hash=5970c7 remote_hash=5970c7,No action.,20260728030000_workout_delivery_integration_v1.sql
column,public,treino_eventos,event_type,present,present,EQUIVALENT,info,data_type: local_raw=text remote_raw=text local_norm=text remote_norm=text local_hash=7c9e690a remote_hash=7c9e690a; udt_name: local_raw=text remote_raw=text local_norm=text remote_norm=text local_hash=7c9e690a remote_hash=7c9e690a; is_nullable: local_raw=NO remote_raw=NO local_norm=NO remote_norm=NO local_hash=5974a2 remote_hash=5974a2; column_default: local_raw=<null> remote_raw=null local_norm=null remote_norm=null local_hash=7c9b6140 remote_hash=7c9b6140; ordinal_position: local_raw=5 remote_raw=5 local_norm=5 remote_norm=5 local_hash=2b5da remote_hash=2b5da,No action.,20260728030000_workout_delivery_integration_v1.sql
column,public,treino_eventos,from_status,present,present,EQUIVALENT,info,data_type: local_raw=text remote_raw=text local_norm=text remote_norm=text local_hash=7c9e690a remote_hash=7c9e690a; udt_name: local_raw=text remote_raw=text local_norm=text remote_norm=text local_hash=7c9e690a remote_hash=7c9e690a; is_nullable: local_raw=YES remote_raw=YES local_norm=YES remote_norm=YES local_hash=b8836b6 remote_hash=b8836b6; column_default: local_raw=<null> remote_raw=null local_norm=null remote_norm=null local_hash=7c9b6140 remote_hash=7c9b6140; ordinal_position: local_raw=6 remote_raw=6 local_norm=6 remote_norm=6 local_hash=2b5db remote_hash=2b5db,No action.,20260728030000_workout_delivery_integration_v1.sql
column,public,treino_eventos,id,present,present,EQUIVALENT,info,data_type: local_raw=uuid remote_raw=uuid local_norm=uuid remote_norm=uuid local_hash=7c9f377c remote_hash=7c9f377c; udt_name: local_raw=uuid remote_raw=uuid local_norm=uuid remote_norm=uuid local_hash=7c9f377c remote_hash=7c9f377c; is_nullable: local_raw=NO remote_raw=NO local_norm=NO remote_norm=NO local_hash=5974a2 remote_hash=5974a2; column_default: local_raw=gen_random_uuid() remote_raw=gen_random_uuid() local_norm=gen_random_uuid() remote_norm=gen_random_uuid() local_hash=e283166 remote_hash=e283166; ordinal_position: local_raw=1 remote_raw=1 local_norm=1 remote_norm=1 local_hash=2b5d6 remote_hash=2b5d6,No action.,20260728030000_workout_delivery_integration_v1.sql
column,public,treino_eventos,metadata,present,present,EQUIVALENT,info,data_type: local_raw=jsonb remote_raw=jsonb local_norm=jsonb remote_norm=jsonb local_hash=fbe1be1 remote_hash=fbe1be1; udt_name: local_raw=jsonb remote_raw=jsonb local_norm=jsonb remote_norm=jsonb local_hash=fbe1be1 remote_hash=fbe1be1; is_nullable: local_raw=NO remote_raw=NO local_norm=NO remote_norm=NO local_hash=5974a2 remote_hash=5974a2; column_default: local_raw='{}'::jsonb remote_raw='{}'::jsonb local_norm='{}' remote_norm='{}' local_hash=7c748dcb remote_hash=7c748dcb; ordinal_position: local_raw=9 remote_raw=9 local_norm=9 remote_norm=9 local_hash=2b5de remote_hash=2b5de,No action.,20260728030000_workout_delivery_integration_v1.sql
column,public,treino_eventos,occurred_at,present,present,EQUIVALENT,info,data_type: local_raw=timestamp with time zone remote_raw=timestamp with time zone local_norm=timestamptz remote_norm=timestamptz local_hash=7acf37c7 remote_hash=7acf37c7; udt_name: local_raw=timestamptz remote_raw=timestamptz local_norm=timestamptz remote_norm=timestamptz local_hash=7acf37c7 remote_hash=7acf37c7; is_nullable: local_raw=NO remote_raw=NO local_norm=NO remote_norm=NO local_hash=5974a2 remote_hash=5974a2; column_default: local_raw=now() remote_raw=now() local_norm=now() remote_norm=now() local_hash=1004652a remote_hash=1004652a; ordinal_position: local_raw=10 remote_raw=10 local_norm=10 remote_norm=10 local_hash=5970c6 remote_hash=5970c6,No action.,20260728030000_workout_delivery_integration_v1.sql
column,public,treino_eventos,to_status,present,present,EQUIVALENT,info,data_type: local_raw=text remote_raw=text local_norm=text remote_norm=text local_hash=7c9e690a remote_hash=7c9e690a; udt_name: local_raw=text remote_raw=text local_norm=text remote_norm=text local_hash=7c9e690a remote_hash=7c9e690a; is_nullable: local_raw=YES remote_raw=YES local_norm=YES remote_norm=YES local_hash=b8836b6 remote_hash=b8836b6; column_default: local_raw=<null> remote_raw=null local_norm=null remote_norm=null local_hash=7c9b6140 remote_hash=7c9b6140; ordinal_position: local_raw=7 remote_raw=7 local_norm=7 remote_norm=7 local_hash=2b5dc remote_hash=2b5dc,No action.,20260728030000_workout_delivery_integration_v1.sql
column,public,treino_eventos,treino_id,present,present,EQUIVALENT,info,data_type: local_raw=uuid remote_raw=uuid local_norm=uuid remote_norm=uuid local_hash=7c9f377c remote_hash=7c9f377c; udt_name: local_raw=uuid remote_raw=uuid local_norm=uuid remote_norm=uuid local_hash=7c9f377c remote_hash=7c9f377c; is_nullable: local_raw=NO remote_raw=NO local_norm=NO remote_norm=NO local_hash=5974a2 remote_hash=5974a2; column_default: local_raw=<null> remote_raw=null local_norm=null remote_norm=null local_hash=7c9b6140 remote_hash=7c9b6140; ordinal_position: local_raw=2 remote_raw=2 local_norm=2 remote_norm=2 local_hash=2b5d7 remote_hash=2b5d7,No action.,20260728030000_workout_delivery_integration_v1.sql
column,public,treino_eventos,user_id,present,present,EQUIVALENT,info,data_type: local_raw=uuid remote_raw=uuid local_norm=uuid remote_norm=uuid local_hash=7c9f377c remote_hash=7c9f377c; udt_name: local_raw=uuid remote_raw=uuid local_norm=uuid remote_norm=uuid local_hash=7c9f377c remote_hash=7c9f377c; is_nullable: local_raw=NO remote_raw=NO local_norm=NO remote_norm=NO local_hash=5974a2 remote_hash=5974a2; column_default: local_raw=<null> remote_raw=null local_norm=null remote_norm=null local_hash=7c9b6140 remote_hash=7c9b6140; ordinal_position: local_raw=3 remote_raw=3 local_norm=3 remote_norm=3 local_hash=2b5d8 remote_hash=2b5d8,No action.,20260728030000_workout_delivery_integration_v1.sql
column,public,treino_exercicios,carga,present,present,EQUIVALENT,info,data_type: local_raw=text remote_raw=text local_norm=text remote_norm=text local_hash=7c9e690a remote_hash=7c9e690a; udt_name: local_raw=text remote_raw=text local_norm=text remote_norm=text local_hash=7c9e690a remote_hash=7c9e690a; is_nullable: local_raw=NO remote_raw=NO local_norm=NO remote_norm=NO local_hash=5974a2 remote_hash=5974a2; column_default: local_raw=''::text remote_raw=''::text local_norm='' remote_norm='' local_hash=596f73 remote_hash=596f73; ordinal_position: local_raw=6 remote_raw=6 local_norm=6 remote_norm=6 local_hash=2b5db remote_hash=2b5db,No action.,20260716090000_baseline_aruka_v1.sql
column,public,treino_exercicios,created_at,present,present,EQUIVALENT,info,data_type: local_raw=timestamp with time zone remote_raw=timestamp with time zone local_norm=timestamptz remote_norm=timestamptz local_hash=7acf37c7 remote_hash=7acf37c7; udt_name: local_raw=timestamptz remote_raw=timestamptz local_norm=timestamptz remote_norm=timestamptz local_hash=7acf37c7 remote_hash=7acf37c7; is_nullable: local_raw=NO remote_raw=NO local_norm=NO remote_norm=NO local_hash=5974a2 remote_hash=5974a2; column_default: local_raw=now() remote_raw=now() local_norm=now() remote_norm=now() local_hash=1004652a remote_hash=1004652a; ordinal_position: local_raw=11 remote_raw=11 local_norm=11 remote_norm=11 local_hash=5970c7 remote_hash=5970c7,No action.,20260716090000_baseline_aruka_v1.sql
column,public,treino_exercicios,descanso,present,present,EQUIVALENT,info,data_type: local_raw=text remote_raw=text local_norm=text remote_norm=text local_hash=7c9e690a remote_hash=7c9e690a; udt_name: local_raw=text remote_raw=text local_norm=text remote_norm=text local_hash=7c9e690a remote_hash=7c9e690a; is_nullable: local_raw=NO remote_raw=NO local_norm=NO remote_norm=NO local_hash=5974a2 remote_hash=5974a2; column_default: local_raw=''::text remote_raw=''::text local_norm='' remote_norm='' local_hash=596f73 remote_hash=596f73; ordinal_position: local_raw=7 remote_raw=7 local_norm=7 remote_norm=7 local_hash=2b5dc remote_hash=2b5dc,No action.,20260716090000_baseline_aruka_v1.sql
column,public,treino_exercicios,id,present,present,EQUIVALENT,info,data_type: local_raw=uuid remote_raw=uuid local_norm=uuid remote_norm=uuid local_hash=7c9f377c remote_hash=7c9f377c; udt_name: local_raw=uuid remote_raw=uuid local_norm=uuid remote_norm=uuid local_hash=7c9f377c remote_hash=7c9f377c; is_nullable: local_raw=NO remote_raw=NO local_norm=NO remote_norm=NO local_hash=5974a2 remote_hash=5974a2; column_default: local_raw=gen_random_uuid() remote_raw=gen_random_uuid() local_norm=gen_random_uuid() remote_norm=gen_random_uuid() local_hash=e283166 remote_hash=e283166; ordinal_position: local_raw=1 remote_raw=1 local_norm=1 remote_norm=1 local_hash=2b5d6 remote_hash=2b5d6,No action.,20260716090000_baseline_aruka_v1.sql
column,public,treino_exercicios,nome,present,present,EQUIVALENT,info,data_type: local_raw=text remote_raw=text local_norm=text remote_norm=text local_hash=7c9e690a remote_hash=7c9e690a; udt_name: local_raw=text remote_raw=text local_norm=text remote_norm=text local_hash=7c9e690a remote_hash=7c9e690a; is_nullable: local_raw=NO remote_raw=NO local_norm=NO remote_norm=NO local_hash=5974a2 remote_hash=5974a2; column_default: local_raw=<null> remote_raw=null local_norm=null remote_norm=null local_hash=7c9b6140 remote_hash=7c9b6140; ordinal_position: local_raw=3 remote_raw=3 local_norm=3 remote_norm=3 local_hash=2b5d8 remote_hash=2b5d8,No action.,20260716090000_baseline_aruka_v1.sql
column,public,treino_exercicios,observacoes,present,present,EQUIVALENT,info,data_type: local_raw=text remote_raw=text local_norm=text remote_norm=text local_hash=7c9e690a remote_hash=7c9e690a; udt_name: local_raw=text remote_raw=text local_norm=text remote_norm=text local_hash=7c9e690a remote_hash=7c9e690a; is_nullable: local_raw=NO remote_raw=NO local_norm=NO remote_norm=NO local_hash=5974a2 remote_hash=5974a2; column_default: local_raw=''::text remote_raw=''::text local_norm='' remote_norm='' local_hash=596f73 remote_hash=596f73; ordinal_position: local_raw=8 remote_raw=8 local_norm=8 remote_norm=8 local_hash=2b5dd remote_hash=2b5dd,No action.,20260716090000_baseline_aruka_v1.sql
column,public,treino_exercicios,ordem,present,present,EQUIVALENT,info,data_type: local_raw=integer remote_raw=integer local_norm=int4 remote_norm=int4 local_hash=7c988664 remote_hash=7c988664; udt_name: local_raw=int4 remote_raw=int4 local_norm=int4 remote_norm=int4 local_hash=7c988664 remote_hash=7c988664; is_nullable: local_raw=NO remote_raw=NO local_norm=NO remote_norm=NO local_hash=5974a2 remote_hash=5974a2; column_default: local_raw=1 remote_raw=1 local_norm=1 remote_norm=1 local_hash=2b5d6 remote_hash=2b5d6; ordinal_position: local_raw=10 remote_raw=10 local_norm=10 remote_norm=10 local_hash=5970c6 remote_hash=5970c6,No action.,20260716090000_baseline_aruka_v1.sql
column,public,treino_exercicios,repeticoes,present,present,EQUIVALENT,info,data_type: local_raw=text remote_raw=text local_norm=text remote_norm=text local_hash=7c9e690a remote_hash=7c9e690a; udt_name: local_raw=text remote_raw=text local_norm=text remote_norm=text local_hash=7c9e690a remote_hash=7c9e690a; is_nullable: local_raw=NO remote_raw=NO local_norm=NO remote_norm=NO local_hash=5974a2 remote_hash=5974a2; column_default: local_raw=''::text remote_raw=''::text local_norm='' remote_norm='' local_hash=596f73 remote_hash=596f73; ordinal_position: local_raw=5 remote_raw=5 local_norm=5 remote_norm=5 local_hash=2b5da remote_hash=2b5da,No action.,20260716090000_baseline_aruka_v1.sql
column,public,treino_exercicios,series,present,present,EQUIVALENT,info,data_type: local_raw=text remote_raw=text local_norm=text remote_norm=text local_hash=7c9e690a remote_hash=7c9e690a; udt_name: local_raw=text remote_raw=text local_norm=text remote_norm=text local_hash=7c9e690a remote_hash=7c9e690a; is_nullable: local_raw=NO remote_raw=NO local_norm=NO remote_norm=NO local_hash=5974a2 remote_hash=5974a2; column_default: local_raw=''::text remote_raw=''::text local_norm='' remote_norm='' local_hash=596f73 remote_hash=596f73; ordinal_position: local_raw=4 remote_raw=4 local_norm=4 remote_norm=4 local_hash=2b5d9 remote_hash=2b5d9,No action.,20260716090000_baseline_aruka_v1.sql
column,public,treino_exercicios,treino_dia_id,present,present,EQUIVALENT,info,data_type: local_raw=uuid remote_raw=uuid local_norm=uuid remote_norm=uuid local_hash=7c9f377c remote_hash=7c9f377c; udt_name: local_raw=uuid remote_raw=uuid local_norm=uuid remote_norm=uuid local_hash=7c9f377c remote_hash=7c9f377c; is_nullable: local_raw=NO remote_raw=NO local_norm=NO remote_norm=NO local_hash=5974a2 remote_hash=5974a2; column_default: local_raw=<null> remote_raw=null local_norm=null remote_norm=null local_hash=7c9b6140 remote_hash=7c9b6140; ordinal_position: local_raw=2 remote_raw=2 local_norm=2 remote_norm=2 local_hash=2b5d7 remote_hash=2b5d7,No action.,20260716090000_baseline_aruka_v1.sql
column,public,treino_exercicios,video_url,present,present,EQUIVALENT,info,data_type: local_raw=text remote_raw=text local_norm=text remote_norm=text local_hash=7c9e690a remote_hash=7c9e690a; udt_name: local_raw=text remote_raw=text local_norm=text remote_norm=text local_hash=7c9e690a remote_hash=7c9e690a; is_nullable: local_raw=NO remote_raw=NO local_norm=NO remote_norm=NO local_hash=5974a2 remote_hash=5974a2; column_default: local_raw=''::text remote_raw=''::text local_norm='' remote_norm='' local_hash=596f73 remote_hash=596f73; ordinal_position: local_raw=9 remote_raw=9 local_norm=9 remote_norm=9 local_hash=2b5de remote_hash=2b5de,No action.,20260716090000_baseline_aruka_v1.sql
column,public,treinos,aluno_id,present,present,EQUIVALENT,info,data_type: local_raw=uuid remote_raw=uuid local_norm=uuid remote_norm=uuid local_hash=7c9f377c remote_hash=7c9f377c; udt_name: local_raw=uuid remote_raw=uuid local_norm=uuid remote_norm=uuid local_hash=7c9f377c remote_hash=7c9f377c; is_nullable: local_raw=NO remote_raw=NO local_norm=NO remote_norm=NO local_hash=5974a2 remote_hash=5974a2; column_default: local_raw=<null> remote_raw=null local_norm=null remote_norm=null local_hash=7c9b6140 remote_hash=7c9b6140; ordinal_position: local_raw=3 remote_raw=3 local_norm=3 remote_norm=3 local_hash=2b5d8 remote_hash=2b5d8,No action.,20260716090000_baseline_aruka_v1.sql
column,public,treinos,application_idempotency_key,present,present,EQUIVALENT,info,data_type: local_raw=text remote_raw=text local_norm=text remote_norm=text local_hash=7c9e690a remote_hash=7c9e690a; udt_name: local_raw=text remote_raw=text local_norm=text remote_norm=text local_hash=7c9e690a remote_hash=7c9e690a; is_nullable: local_raw=YES remote_raw=YES local_norm=YES remote_norm=YES local_hash=b8836b6 remote_hash=b8836b6; column_default: local_raw=<null> remote_raw=null local_norm=null remote_norm=null local_hash=7c9b6140 remote_hash=7c9b6140; ordinal_position: local_raw=25 remote_raw=25 local_norm=25 remote_norm=25 local_hash=5970ec remote_hash=5970ec,No action.,20260728030000_workout_delivery_integration_v1.sql
column,public,treinos,applied_at,present,present,EQUIVALENT,info,data_type: local_raw=timestamp with time zone remote_raw=timestamp with time zone local_norm=timestamptz remote_norm=timestamptz local_hash=7acf37c7 remote_hash=7acf37c7; udt_name: local_raw=timestamptz remote_raw=timestamptz local_norm=timestamptz remote_norm=timestamptz local_hash=7acf37c7 remote_hash=7acf37c7; is_nullable: local_raw=YES remote_raw=YES local_norm=YES remote_norm=YES local_hash=b8836b6 remote_hash=b8836b6; column_default: local_raw=<null> remote_raw=null local_norm=null remote_norm=null local_hash=7c9b6140 remote_hash=7c9b6140; ordinal_position: local_raw=19 remote_raw=19 local_norm=19 remote_norm=19 local_hash=5970cf remote_hash=5970cf,No action.,20260728030000_workout_delivery_integration_v1.sql
column,public,treinos,applied_by,present,present,EQUIVALENT,info,data_type: local_raw=uuid remote_raw=uuid local_norm=uuid remote_norm=uuid local_hash=7c9f377c remote_hash=7c9f377c; udt_name: local_raw=uuid remote_raw=uuid local_norm=uuid remote_norm=uuid local_hash=7c9f377c remote_hash=7c9f377c; is_nullable: local_raw=YES remote_raw=YES local_norm=YES remote_norm=YES local_hash=b8836b6 remote_hash=b8836b6; column_default: local_raw=<null> remote_raw=null local_norm=null remote_norm=null local_hash=7c9b6140 remote_hash=7c9b6140; ordinal_position: local_raw=18 remote_raw=18 local_norm=18 remote_norm=18 local_hash=5970ce remote_hash=5970ce,No action.,20260728030000_workout_delivery_integration_v1.sql
column,public,treinos,archived_at,present,present,EQUIVALENT,info,data_type: local_raw=timestamp with time zone remote_raw=timestamp with time zone local_norm=timestamptz remote_norm=timestamptz local_hash=7acf37c7 remote_hash=7acf37c7; udt_name: local_raw=timestamptz remote_raw=timestamptz local_norm=timestamptz remote_norm=timestamptz local_hash=7acf37c7 remote_hash=7acf37c7; is_nullable: local_raw=YES remote_raw=YES local_norm=YES remote_norm=YES local_hash=b8836b6 remote_hash=b8836b6; column_default: local_raw=<null> remote_raw=null local_norm=null remote_norm=null local_hash=7c9b6140 remote_hash=7c9b6140; ordinal_position: local_raw=23 remote_raw=23 local_norm=23 remote_norm=23 local_hash=5970ea remote_hash=5970ea,No action.,20260728030000_workout_delivery_integration_v1.sql
column,public,treinos,completed_at,present,present,EQUIVALENT,info,data_type: local_raw=timestamp with time zone remote_raw=timestamp with time zone local_norm=timestamptz remote_norm=timestamptz local_hash=7acf37c7 remote_hash=7acf37c7; udt_name: local_raw=timestamptz remote_raw=timestamptz local_norm=timestamptz remote_norm=timestamptz local_hash=7acf37c7 remote_hash=7acf37c7; is_nullable: local_raw=YES remote_raw=YES local_norm=YES remote_norm=YES local_hash=b8836b6 remote_hash=b8836b6; column_default: local_raw=<null> remote_raw=null local_norm=null remote_norm=null local_hash=7c9b6140 remote_hash=7c9b6140; ordinal_position: local_raw=22 remote_raw=22 local_norm=22 remote_norm=22 local_hash=5970e9 remote_hash=5970e9,No action.,20260728030000_workout_delivery_integration_v1.sql
column,public,treinos,created_at,present,present,EQUIVALENT,info,data_type: local_raw=timestamp with time zone remote_raw=timestamp with time zone local_norm=timestamptz remote_norm=timestamptz local_hash=7acf37c7 remote_hash=7acf37c7; udt_name: local_raw=timestamptz remote_raw=timestamptz local_norm=timestamptz remote_norm=timestamptz local_hash=7acf37c7 remote_hash=7acf37c7; is_nullable: local_raw=NO remote_raw=NO local_norm=NO remote_norm=NO local_hash=5974a2 remote_hash=5974a2; column_default: local_raw=now() remote_raw=now() local_norm=now() remote_norm=now() local_hash=1004652a remote_hash=1004652a; ordinal_position: local_raw=12 remote_raw=12 local_norm=12 remote_norm=12 local_hash=5970c8 remote_hash=5970c8,No action.,20260716090000_baseline_aruka_v1.sql
column,public,treinos,data_fim,present,present,EQUIVALENT,info,data_type: local_raw=date remote_raw=date local_norm=date remote_norm=date local_hash=7c959163 remote_hash=7c959163; udt_name: local_raw=date remote_raw=date local_norm=date remote_norm=date local_hash=7c959163 remote_hash=7c959163; is_nullable: local_raw=YES remote_raw=YES local_norm=YES remote_norm=YES local_hash=b8836b6 remote_hash=b8836b6; column_default: local_raw=<null> remote_raw=null local_norm=null remote_norm=null local_hash=7c9b6140 remote_hash=7c9b6140; ordinal_position: local_raw=24 remote_raw=24 local_norm=24 remote_norm=24 local_hash=5970eb remote_hash=5970eb,No action.,20260728030000_workout_delivery_integration_v1.sql
column,public,treinos,data_inicio,present,present,EQUIVALENT,info,data_type: local_raw=date remote_raw=date local_norm=date remote_norm=date local_hash=7c959163 remote_hash=7c959163; udt_name: local_raw=date remote_raw=date local_norm=date remote_norm=date local_hash=7c959163 remote_hash=7c959163; is_nullable: local_raw=YES remote_raw=YES local_norm=YES remote_norm=YES local_hash=b8836b6 remote_hash=b8836b6; column_default: local_raw=<null> remote_raw=null local_norm=null remote_norm=null local_hash=7c9b6140 remote_hash=7c9b6140; ordinal_position: local_raw=10 remote_raw=10 local_norm=10 remote_norm=10 local_hash=5970c6 remote_hash=5970c6,No action.,20260716090000_baseline_aruka_v1.sql
column,public,treinos,data_revisao,present,present,EQUIVALENT,info,data_type: local_raw=date remote_raw=date local_norm=date remote_norm=date local_hash=7c959163 remote_hash=7c959163; udt_name: local_raw=date remote_raw=date local_norm=date remote_norm=date local_hash=7c959163 remote_hash=7c959163; is_nullable: local_raw=YES remote_raw=YES local_norm=YES remote_norm=YES local_hash=b8836b6 remote_hash=b8836b6; column_default: local_raw=<null> remote_raw=null local_norm=null remote_norm=null local_hash=7c9b6140 remote_hash=7c9b6140; ordinal_position: local_raw=11 remote_raw=11 local_norm=11 remote_norm=11 local_hash=5970c7 remote_hash=5970c7,No action.,20260716090000_baseline_aruka_v1.sql
column,public,treinos,delivered_at,present,present,EQUIVALENT,info,data_type: local_raw=timestamp with time zone remote_raw=timestamp with time zone local_norm=timestamptz remote_norm=timestamptz local_hash=7acf37c7 remote_hash=7acf37c7; udt_name: local_raw=timestamptz remote_raw=timestamptz local_norm=timestamptz remote_norm=timestamptz local_hash=7acf37c7 remote_hash=7acf37c7; is_nullable: local_raw=YES remote_raw=YES local_norm=YES remote_norm=YES local_hash=b8836b6 remote_hash=b8836b6; column_default: local_raw=<null> remote_raw=null local_norm=null remote_norm=null local_hash=7c9b6140 remote_hash=7c9b6140; ordinal_position: local_raw=21 remote_raw=21 local_norm=21 remote_norm=21 local_hash=5970e8 remote_hash=5970e8,No action.,20260728030000_workout_delivery_integration_v1.sql
column,public,treinos,delivered_by,present,present,EQUIVALENT,info,data_type: local_raw=uuid remote_raw=uuid local_norm=uuid remote_norm=uuid local_hash=7c9f377c remote_hash=7c9f377c; udt_name: local_raw=uuid remote_raw=uuid local_norm=uuid remote_norm=uuid local_hash=7c9f377c remote_hash=7c9f377c; is_nullable: local_raw=YES remote_raw=YES local_norm=YES remote_norm=YES local_hash=b8836b6 remote_hash=b8836b6; column_default: local_raw=<null> remote_raw=null local_norm=null remote_norm=null local_hash=7c9b6140 remote_hash=7c9b6140; ordinal_position: local_raw=20 remote_raw=20 local_norm=20 remote_norm=20 local_hash=5970e7 remote_hash=5970e7,No action.,20260728030000_workout_delivery_integration_v1.sql
column,public,treinos,dias_semana,present,present,EQUIVALENT,info,data_type: local_raw=integer remote_raw=integer local_norm=int4 remote_norm=int4 local_hash=7c988664 remote_hash=7c988664; udt_name: local_raw=int4 remote_raw=int4 local_norm=int4 remote_norm=int4 local_hash=7c988664 remote_hash=7c988664; is_nullable: local_raw=NO remote_raw=NO local_norm=NO remote_norm=NO local_hash=5974a2 remote_hash=5974a2; column_default: local_raw=0 remote_raw=0 local_norm=0 remote_norm=0 local_hash=2b5d5 remote_hash=2b5d5; ordinal_position: local_raw=7 remote_raw=7 local_norm=7 remote_norm=7 local_hash=2b5dc remote_hash=2b5dc,No action.,20260716090000_baseline_aruka_v1.sql
column,public,treinos,id,present,present,EQUIVALENT,info,data_type: local_raw=uuid remote_raw=uuid local_norm=uuid remote_norm=uuid local_hash=7c9f377c remote_hash=7c9f377c; udt_name: local_raw=uuid remote_raw=uuid local_norm=uuid remote_norm=uuid local_hash=7c9f377c remote_hash=7c9f377c; is_nullable: local_raw=NO remote_raw=NO local_norm=NO remote_norm=NO local_hash=5974a2 remote_hash=5974a2; column_default: local_raw=gen_random_uuid() remote_raw=gen_random_uuid() local_norm=gen_random_uuid() remote_norm=gen_random_uuid() local_hash=e283166 remote_hash=e283166; ordinal_position: local_raw=1 remote_raw=1 local_norm=1 remote_norm=1 local_hash=2b5d6 remote_hash=2b5d6,No action.,20260716090000_baseline_aruka_v1.sql
column,public,treinos,lifecycle_status,present,present,EQUIVALENT,info,data_type: local_raw=text remote_raw=text local_norm=text remote_norm=text local_hash=7c9e690a remote_hash=7c9e690a; udt_name: local_raw=text remote_raw=text local_norm=text remote_norm=text local_hash=7c9e690a remote_hash=7c9e690a; is_nullable: local_raw=NO remote_raw=NO local_norm=NO remote_norm=NO local_hash=5974a2 remote_hash=5974a2; column_default: local_raw='draft'::text remote_raw='draft'::text local_norm='draft' remote_norm='draft' local_hash=af6898e4 remote_hash=af6898e4; ordinal_position: local_raw=13 remote_raw=13 local_norm=13 remote_norm=13 local_hash=5970c9 remote_hash=5970c9,No action.,20260728030000_workout_delivery_integration_v1.sql
column,public,treinos,nivel,present,present,EQUIVALENT,info,data_type: local_raw=text remote_raw=text local_norm=text remote_norm=text local_hash=7c9e690a remote_hash=7c9e690a; udt_name: local_raw=text remote_raw=text local_norm=text remote_norm=text local_hash=7c9e690a remote_hash=7c9e690a; is_nullable: local_raw=NO remote_raw=NO local_norm=NO remote_norm=NO local_hash=5974a2 remote_hash=5974a2; column_default: local_raw=''::text remote_raw=''::text local_norm='' remote_norm='' local_hash=596f73 remote_hash=596f73; ordinal_position: local_raw=6 remote_raw=6 local_norm=6 remote_norm=6 local_hash=2b5db remote_hash=2b5db,No action.,20260716090000_baseline_aruka_v1.sql
column,public,treinos,nome_rotina,present,present,EQUIVALENT,info,data_type: local_raw=text remote_raw=text local_norm=text remote_norm=text local_hash=7c9e690a remote_hash=7c9e690a; udt_name: local_raw=text remote_raw=text local_norm=text remote_norm=text local_hash=7c9e690a remote_hash=7c9e690a; is_nullable: local_raw=NO remote_raw=NO local_norm=NO remote_norm=NO local_hash=5974a2 remote_hash=5974a2; column_default: local_raw=<null> remote_raw=null local_norm=null remote_norm=null local_hash=7c9b6140 remote_hash=7c9b6140; ordinal_position: local_raw=4 remote_raw=4 local_norm=4 remote_norm=4 local_hash=2b5d9 remote_hash=2b5d9,No action.,20260716090000_baseline_aruka_v1.sql
column,public,treinos,objetivo,present,present,EQUIVALENT,info,data_type: local_raw=text remote_raw=text local_norm=text remote_norm=text local_hash=7c9e690a remote_hash=7c9e690a; udt_name: local_raw=text remote_raw=text local_norm=text remote_norm=text local_hash=7c9e690a remote_hash=7c9e690a; is_nullable: local_raw=NO remote_raw=NO local_norm=NO remote_norm=NO local_hash=5974a2 remote_hash=5974a2; column_default: local_raw=''::text remote_raw=''::text local_norm='' remote_norm='' local_hash=596f73 remote_hash=596f73; ordinal_position: local_raw=5 remote_raw=5 local_norm=5 remote_norm=5 local_hash=2b5da remote_hash=2b5da,No action.,20260716090000_baseline_aruka_v1.sql
column,public,treinos,observacoes,present,present,EQUIVALENT,info,data_type: local_raw=text remote_raw=text local_norm=text remote_norm=text local_hash=7c9e690a remote_hash=7c9e690a; udt_name: local_raw=text remote_raw=text local_norm=text remote_norm=text local_hash=7c9e690a remote_hash=7c9e690a; is_nullable: local_raw=NO remote_raw=NO local_norm=NO remote_norm=NO local_hash=5974a2 remote_hash=5974a2; column_default: local_raw=''::text remote_raw=''::text local_norm='' remote_norm='' local_hash=596f73 remote_hash=596f73; ordinal_position: local_raw=8 remote_raw=8 local_norm=8 remote_norm=8 local_hash=2b5dd remote_hash=2b5dd,No action.,20260716090000_baseline_aruka_v1.sql
column,public,treinos,status,present,present,EQUIVALENT,info,data_type: local_raw=text remote_raw=text local_norm=text remote_norm=text local_hash=7c9e690a remote_hash=7c9e690a; udt_name: local_raw=text remote_raw=text local_norm=text remote_norm=text local_hash=7c9e690a remote_hash=7c9e690a; is_nullable: local_raw=NO remote_raw=NO local_norm=NO remote_norm=NO local_hash=5974a2 remote_hash=5974a2; column_default: local_raw='Ativo'::text remote_raw='Ativo'::text local_norm='ativo' remote_norm='ativo' local_hash=a891f676 remote_hash=a891f676; ordinal_position: local_raw=9 remote_raw=9 local_norm=9 remote_norm=9 local_hash=2b5de remote_hash=2b5de,No action.,20260716090000_baseline_aruka_v1.sql
column,public,treinos,template_origin_id,present,present,EQUIVALENT,info,data_type: local_raw=text remote_raw=text local_norm=text remote_norm=text local_hash=7c9e690a remote_hash=7c9e690a; udt_name: local_raw=text remote_raw=text local_norm=text remote_norm=text local_hash=7c9e690a remote_hash=7c9e690a; is_nullable: local_raw=YES remote_raw=YES local_norm=YES remote_norm=YES local_hash=b8836b6 remote_hash=b8836b6; column_default: local_raw=<null> remote_raw=null local_norm=null remote_norm=null local_hash=7c9b6140 remote_hash=7c9b6140; ordinal_position: local_raw=14 remote_raw=14 local_norm=14 remote_norm=14 local_hash=5970ca remote_hash=5970ca,No action.,20260728030000_workout_delivery_integration_v1.sql
column,public,treinos,template_origin_name,present,present,EQUIVALENT,info,data_type: local_raw=text remote_raw=text local_norm=text remote_norm=text local_hash=7c9e690a remote_hash=7c9e690a; udt_name: local_raw=text remote_raw=text local_norm=text remote_norm=text local_hash=7c9e690a remote_hash=7c9e690a; is_nullable: local_raw=YES remote_raw=YES local_norm=YES remote_norm=YES local_hash=b8836b6 remote_hash=b8836b6; column_default: local_raw=<null> remote_raw=null local_norm=null remote_norm=null local_hash=7c9b6140 remote_hash=7c9b6140; ordinal_position: local_raw=16 remote_raw=16 local_norm=16 remote_norm=16 local_hash=5970cc remote_hash=5970cc,No action.,20260728030000_workout_delivery_integration_v1.sql
column,public,treinos,template_origin_snapshot,present,present,EQUIVALENT,info,data_type: local_raw=jsonb remote_raw=jsonb local_norm=jsonb remote_norm=jsonb local_hash=fbe1be1 remote_hash=fbe1be1; udt_name: local_raw=jsonb remote_raw=jsonb local_norm=jsonb remote_norm=jsonb local_hash=fbe1be1 remote_hash=fbe1be1; is_nullable: local_raw=YES remote_raw=YES local_norm=YES remote_norm=YES local_hash=b8836b6 remote_hash=b8836b6; column_default: local_raw=<null> remote_raw=null local_norm=null remote_norm=null local_hash=7c9b6140 remote_hash=7c9b6140; ordinal_position: local_raw=17 remote_raw=17 local_norm=17 remote_norm=17 local_hash=5970cd remote_hash=5970cd,No action.,20260728030000_workout_delivery_integration_v1.sql
column,public,treinos,template_origin_type,present,present,EQUIVALENT,info,data_type: local_raw=text remote_raw=text local_norm=text remote_norm=text local_hash=7c9e690a remote_hash=7c9e690a; udt_name: local_raw=text remote_raw=text local_norm=text remote_norm=text local_hash=7c9e690a remote_hash=7c9e690a; is_nullable: local_raw=YES remote_raw=YES local_norm=YES remote_norm=YES local_hash=b8836b6 remote_hash=b8836b6; column_default: local_raw=<null> remote_raw=null local_norm=null remote_norm=null local_hash=7c9b6140 remote_hash=7c9b6140; ordinal_position: local_raw=15 remote_raw=15 local_norm=15 remote_norm=15 local_hash=5970cb remote_hash=5970cb,No action.,20260728030000_workout_delivery_integration_v1.sql
column,public,treinos,user_id,present,present,EQUIVALENT,info,data_type: local_raw=uuid remote_raw=uuid local_norm=uuid remote_norm=uuid local_hash=7c9f377c remote_hash=7c9f377c; udt_name: local_raw=uuid remote_raw=uuid local_norm=uuid remote_norm=uuid local_hash=7c9f377c remote_hash=7c9f377c; is_nullable: local_raw=NO remote_raw=NO local_norm=NO remote_norm=NO local_hash=5974a2 remote_hash=5974a2; column_default: local_raw=<null> remote_raw=null local_norm=null remote_norm=null local_hash=7c9b6140 remote_hash=7c9b6140; ordinal_position: local_raw=2 remote_raw=2 local_norm=2 remote_norm=2 local_hash=2b5d7 remote_hash=2b5d7,No action.,20260716090000_baseline_aruka_v1.sql
column,public,workout_templates,created_at,present,present,EQUIVALENT,info,data_type: local_raw=timestamp with time zone remote_raw=timestamp with time zone local_norm=timestamptz remote_norm=timestamptz local_hash=7acf37c7 remote_hash=7acf37c7; udt_name: local_raw=timestamptz remote_raw=timestamptz local_norm=timestamptz remote_norm=timestamptz local_hash=7acf37c7 remote_hash=7acf37c7; is_nullable: local_raw=NO remote_raw=NO local_norm=NO remote_norm=NO local_hash=5974a2 remote_hash=5974a2; column_default: local_raw=now() remote_raw=now() local_norm=now() remote_norm=now() local_hash=1004652a remote_hash=1004652a; ordinal_position: local_raw=12 remote_raw=12 local_norm=12 remote_norm=12 local_hash=5970c8 remote_hash=5970c8,No action.,20260716090000_baseline_aruka_v1.sql
column,public,workout_templates,description,present,present,EQUIVALENT,info,data_type: local_raw=text remote_raw=text local_norm=text remote_norm=text local_hash=7c9e690a remote_hash=7c9e690a; udt_name: local_raw=text remote_raw=text local_norm=text remote_norm=text local_hash=7c9e690a remote_hash=7c9e690a; is_nullable: local_raw=NO remote_raw=NO local_norm=NO remote_norm=NO local_hash=5974a2 remote_hash=5974a2; column_default: local_raw=''::text remote_raw=''::text local_norm='' remote_norm='' local_hash=596f73 remote_hash=596f73; ordinal_position: local_raw=8 remote_raw=8 local_norm=8 remote_norm=8 local_hash=2b5dd remote_hash=2b5dd,No action.,20260716090000_baseline_aruka_v1.sql
column,public,workout_templates,id,present,present,EQUIVALENT,info,data_type: local_raw=uuid remote_raw=uuid local_norm=uuid remote_norm=uuid local_hash=7c9f377c remote_hash=7c9f377c; udt_name: local_raw=uuid remote_raw=uuid local_norm=uuid remote_norm=uuid local_hash=7c9f377c remote_hash=7c9f377c; is_nullable: local_raw=NO remote_raw=NO local_norm=NO remote_norm=NO local_hash=5974a2 remote_hash=5974a2; column_default: local_raw=gen_random_uuid() remote_raw=gen_random_uuid() local_norm=gen_random_uuid() remote_norm=gen_random_uuid() local_hash=e283166 remote_hash=e283166; ordinal_position: local_raw=1 remote_raw=1 local_norm=1 remote_norm=1 local_hash=2b5d6 remote_hash=2b5d6,No action.,20260716090000_baseline_aruka_v1.sql
column,public,workout_templates,is_active,present,present,EQUIVALENT,info,data_type: local_raw=boolean remote_raw=boolean local_norm=bool remote_norm=bool local_hash=7c94b391 remote_hash=7c94b391; udt_name: local_raw=bool remote_raw=bool local_norm=bool remote_norm=bool local_hash=7c94b391 remote_hash=7c94b391; is_nullable: local_raw=NO remote_raw=NO local_norm=NO remote_norm=NO local_hash=5974a2 remote_hash=5974a2; column_default: local_raw=true remote_raw=true local_norm=true remote_norm=true local_hash=7c9e9fe5 remote_hash=7c9e9fe5; ordinal_position: local_raw=11 remote_raw=11 local_norm=11 remote_norm=11 local_hash=5970c7 remote_hash=5970c7,No action.,20260716090000_baseline_aruka_v1.sql
column,public,workout_templates,is_system,present,present,EQUIVALENT,info,data_type: local_raw=boolean remote_raw=boolean local_norm=bool remote_norm=bool local_hash=7c94b391 remote_hash=7c94b391; udt_name: local_raw=bool remote_raw=bool local_norm=bool remote_norm=bool local_hash=7c94b391 remote_hash=7c94b391; is_nullable: local_raw=NO remote_raw=NO local_norm=NO remote_norm=NO local_hash=5974a2 remote_hash=5974a2; column_default: local_raw=false remote_raw=false local_norm=false remote_norm=false local_hash=f6bcef0 remote_hash=f6bcef0; ordinal_position: local_raw=10 remote_raw=10 local_norm=10 remote_norm=10 local_hash=5970c6 remote_hash=5970c6,No action.,20260716090000_baseline_aruka_v1.sql
column,public,workout_templates,level,present,present,EQUIVALENT,info,data_type: local_raw=text remote_raw=text local_norm=text remote_norm=text local_hash=7c9e690a remote_hash=7c9e690a; udt_name: local_raw=text remote_raw=text local_norm=text remote_norm=text local_hash=7c9e690a remote_hash=7c9e690a; is_nullable: local_raw=NO remote_raw=NO local_norm=NO remote_norm=NO local_hash=5974a2 remote_hash=5974a2; column_default: local_raw=''::text remote_raw=''::text local_norm='' remote_norm='' local_hash=596f73 remote_hash=596f73; ordinal_position: local_raw=7 remote_raw=7 local_norm=7 remote_norm=7 local_hash=2b5dc remote_hash=2b5dc,No action.,20260716090000_baseline_aruka_v1.sql
column,public,workout_templates,name,present,present,EQUIVALENT,info,data_type: local_raw=text remote_raw=text local_norm=text remote_norm=text local_hash=7c9e690a remote_hash=7c9e690a; udt_name: local_raw=text remote_raw=text local_norm=text remote_norm=text local_hash=7c9e690a remote_hash=7c9e690a; is_nullable: local_raw=NO remote_raw=NO local_norm=NO remote_norm=NO local_hash=5974a2 remote_hash=5974a2; column_default: local_raw=<null> remote_raw=null local_norm=null remote_norm=null local_hash=7c9b6140 remote_hash=7c9b6140; ordinal_position: local_raw=3 remote_raw=3 local_norm=3 remote_norm=3 local_hash=2b5d8 remote_hash=2b5d8,No action.,20260716090000_baseline_aruka_v1.sql
column,public,workout_templates,objective,present,present,EQUIVALENT,info,data_type: local_raw=text remote_raw=text local_norm=text remote_norm=text local_hash=7c9e690a remote_hash=7c9e690a; udt_name: local_raw=text remote_raw=text local_norm=text remote_norm=text local_hash=7c9e690a remote_hash=7c9e690a; is_nullable: local_raw=NO remote_raw=NO local_norm=NO remote_norm=NO local_hash=5974a2 remote_hash=5974a2; column_default: local_raw=''::text remote_raw=''::text local_norm='' remote_norm='' local_hash=596f73 remote_hash=596f73; ordinal_position: local_raw=6 remote_raw=6 local_norm=6 remote_norm=6 local_hash=2b5db remote_hash=2b5db,No action.,20260716090000_baseline_aruka_v1.sql
column,public,workout_templates,owner_id,present,present,EQUIVALENT,info,data_type: local_raw=uuid remote_raw=uuid local_norm=uuid remote_norm=uuid local_hash=7c9f377c remote_hash=7c9f377c; udt_name: local_raw=uuid remote_raw=uuid local_norm=uuid remote_norm=uuid local_hash=7c9f377c remote_hash=7c9f377c; is_nullable: local_raw=NO remote_raw=NO local_norm=NO remote_norm=NO local_hash=5974a2 remote_hash=5974a2; column_default: local_raw=<null> remote_raw=null local_norm=null remote_norm=null local_hash=7c9b6140 remote_hash=7c9b6140; ordinal_position: local_raw=2 remote_raw=2 local_norm=2 remote_norm=2 local_hash=2b5d7 remote_hash=2b5d7,No action.,20260716090000_baseline_aruka_v1.sql
column,public,workout_templates,reference_gender,present,present,EQUIVALENT,info,data_type: local_raw=text remote_raw=text local_norm=text remote_norm=text local_hash=7c9e690a remote_hash=7c9e690a; udt_name: local_raw=text remote_raw=text local_norm=text remote_norm=text local_hash=7c9e690a remote_hash=7c9e690a; is_nullable: local_raw=NO remote_raw=NO local_norm=NO remote_norm=NO local_hash=5974a2 remote_hash=5974a2; column_default: local_raw='Unissex'::text remote_raw='Unissex'::text local_norm='unissex' remote_norm='unissex' local_hash=bbfda062 remote_hash=bbfda062; ordinal_position: local_raw=4 remote_raw=4 local_norm=4 remote_norm=4 local_hash=2b5d9 remote_hash=2b5d9,No action.,20260716090000_baseline_aruka_v1.sql
column,public,workout_templates,split_type,present,present,EQUIVALENT,info,data_type: local_raw=text remote_raw=text local_norm=text remote_norm=text local_hash=7c9e690a remote_hash=7c9e690a; udt_name: local_raw=text remote_raw=text local_norm=text remote_norm=text local_hash=7c9e690a remote_hash=7c9e690a; is_nullable: local_raw=NO remote_raw=NO local_norm=NO remote_norm=NO local_hash=5974a2 remote_hash=5974a2; column_default: local_raw='Outro'::text remote_raw='Outro'::text local_norm='outro' remote_norm='outro' local_hash=c9523eec remote_hash=c9523eec; ordinal_position: local_raw=5 remote_raw=5 local_norm=5 remote_norm=5 local_hash=2b5da remote_hash=2b5da,No action.,20260716090000_baseline_aruka_v1.sql
column,public,workout_templates,template_data,present,present,EQUIVALENT,info,data_type: local_raw=jsonb remote_raw=jsonb local_norm=jsonb remote_norm=jsonb local_hash=fbe1be1 remote_hash=fbe1be1; udt_name: local_raw=jsonb remote_raw=jsonb local_norm=jsonb remote_norm=jsonb local_hash=fbe1be1 remote_hash=fbe1be1; is_nullable: local_raw=NO remote_raw=NO local_norm=NO remote_norm=NO local_hash=5974a2 remote_hash=5974a2; column_default: local_raw=<null> remote_raw=null local_norm=null remote_norm=null local_hash=7c9b6140 remote_hash=7c9b6140; ordinal_position: local_raw=9 remote_raw=9 local_norm=9 remote_norm=9 local_hash=2b5de remote_hash=2b5de,No action.,20260716090000_baseline_aruka_v1.sql
column,public,workout_templates,updated_at,present,present,EQUIVALENT,info,data_type: local_raw=timestamp with time zone remote_raw=timestamp with time zone local_norm=timestamptz remote_norm=timestamptz local_hash=7acf37c7 remote_hash=7acf37c7; udt_name: local_raw=timestamptz remote_raw=timestamptz local_norm=timestamptz remote_norm=timestamptz local_hash=7acf37c7 remote_hash=7acf37c7; is_nullable: local_raw=NO remote_raw=NO local_norm=NO remote_norm=NO local_hash=5974a2 remote_hash=5974a2; column_default: local_raw=now() remote_raw=now() local_norm=now() remote_norm=now() local_hash=1004652a remote_hash=1004652a; ordinal_position: local_raw=13 remote_raw=13 local_norm=13 remote_norm=13 local_hash=5970c9 remote_hash=5970c9,No action.,20260716090000_baseline_aruka_v1.sql
constraint,public,aceites_legais,aceites_legais_pkey,present,present,EQUIVALENT,info,constraint_type: local_raw=p remote_raw=p local_norm=PRIMARY_KEY remote_norm=PRIMARY_KEY local_hash=7c5e7f71 remote_hash=7c5e7f71; definition: local_raw=PRIMARY KEY (id) remote_raw=PRIMARY KEY (id) local_norm=primary key(id) remote_norm=primary key(id) local_hash=dd4f98b0 remote_hash=dd4f98b0,No action.,20260716090000_baseline_aruka_v1.sql
constraint,public,aceites_legais,aceites_legais_user_id_fkey,present,present,EQUIVALENT,info,constraint_type: local_raw=f remote_raw=f local_norm=FOREIGN_KEY remote_norm=FOREIGN_KEY local_hash=3e532317 remote_hash=3e532317; definition: local_raw=FOREIGN KEY (user_id) REFERENCES auth.users(id) ON DELETE CASCADE remote_raw=FOREIGN KEY (user_id) REFERENCES auth.users(id) ON DELETE CASCADE local_norm=foreign key (user_id) references auth.users(id) on delete cascade remote_norm=foreign key (user_id) references auth.users(id) on delete cascade local_hash=817742da remote_hash=817742da,No action.,20260716090000_baseline_aruka_v1.sql
constraint,public,aceites_legais,aceites_legais_versao_unica,present,present,EQUIVALENT,info,"constraint_type: local_raw=u remote_raw=u local_norm=UNIQUE remote_norm=UNIQUE local_hash=d3d264fc remote_hash=d3d264fc; definition: local_raw=UNIQUE (user_id, politica_versao, termos_versao) remote_raw=UNIQUE (user_id, politica_versao, termos_versao) local_norm=unique(user_id, politica_versao, termos_versao) remote_norm=unique(user_id, politica_versao, termos_versao) local_hash=6f76cd3d remote_hash=6f76cd3d",No action.,20260716090000_baseline_aruka_v1.sql
constraint,public,acompanhamento_eventos,acompanhamento_eventos_aluno_id_fkey,present,present,EQUIVALENT,info,constraint_type: local_raw=f remote_raw=f local_norm=FOREIGN_KEY remote_norm=FOREIGN_KEY local_hash=3e532317 remote_hash=3e532317; definition: local_raw=FOREIGN KEY (aluno_id) REFERENCES alunos(id) ON DELETE RESTRICT remote_raw=FOREIGN KEY (aluno_id) REFERENCES alunos(id) ON DELETE RESTRICT local_norm=foreign key(aluno_id) references alunos(id) on delete restrict remote_norm=foreign key(aluno_id) references alunos(id) on delete restrict local_hash=9e80d2a6 remote_hash=9e80d2a6,No action.,20260716090000_baseline_aruka_v1.sql
constraint,public,acompanhamento_eventos,acompanhamento_eventos_pkey,present,present,EQUIVALENT,info,constraint_type: local_raw=p remote_raw=p local_norm=PRIMARY_KEY remote_norm=PRIMARY_KEY local_hash=7c5e7f71 remote_hash=7c5e7f71; definition: local_raw=PRIMARY KEY (id) remote_raw=PRIMARY KEY (id) local_norm=primary key(id) remote_norm=primary key(id) local_hash=dd4f98b0 remote_hash=dd4f98b0,No action.,20260716090000_baseline_aruka_v1.sql
constraint,public,acompanhamento_eventos,acompanhamento_eventos_plano_id_fkey,present,present,EQUIVALENT,info,constraint_type: local_raw=f remote_raw=f local_norm=FOREIGN_KEY remote_norm=FOREIGN_KEY local_hash=3e532317 remote_hash=3e532317; definition: local_raw=FOREIGN KEY (plano_id) REFERENCES planos(id) ON DELETE SET NULL remote_raw=FOREIGN KEY (plano_id) REFERENCES planos(id) ON DELETE SET NULL local_norm=foreign key(plano_id) references planos(id) on delete set null remote_norm=foreign key(plano_id) references planos(id) on delete set null local_hash=2cf27a53 remote_hash=2cf27a53,No action.,20260716090000_baseline_aruka_v1.sql
constraint,public,acompanhamento_eventos,acompanhamento_eventos_tipo_check,present,present,EQUIVALENT_REPRESENTATION_DIFFERENCE,info,"constraint_type: local_raw=c remote_raw=c local_norm=CHECK remote_norm=CHECK local_hash=ce413a3 remote_hash=ce413a3; definition: local_raw=CHECK ((tipo = ANY (ARRAY['acompanhamento_iniciado'::text, 'acompanhamento_encerrado'::text, 'acompanhamento_reativado'::text, 'plano_renovado'::text]))) remote_raw=CHECK (tipo = ANY (ARRAY['acompanhamento_iniciado'::text, 'acompanhamento_encerrado'::text, 'acompanhamento_reativado'::text, 'plano_renovado'::text])) local_norm=check(tipo = any (array['acompanhamento_encerrado', 'acompanhamento_iniciado', 'acompanhamento_reativado', 'plano_renovado'])) remote_norm=check(tipo = any (array['acompanhamento_encerrado', 'acompanhamento_iniciado', 'acompanhamento_reativado', 'plano_renovado'])) local_hash=34e46b40 remote_hash=34e46b40",No action.,20260716090000_baseline_aruka_v1.sql
constraint,public,acompanhamento_eventos,acompanhamento_eventos_user_id_fkey,present,present,EQUIVALENT,info,constraint_type: local_raw=f remote_raw=f local_norm=FOREIGN_KEY remote_norm=FOREIGN_KEY local_hash=3e532317 remote_hash=3e532317; definition: local_raw=FOREIGN KEY (user_id) REFERENCES auth.users(id) ON DELETE CASCADE remote_raw=FOREIGN KEY (user_id) REFERENCES auth.users(id) ON DELETE CASCADE local_norm=foreign key (user_id) references auth.users(id) on delete cascade remote_norm=foreign key (user_id) references auth.users(id) on delete cascade local_hash=817742da remote_hash=817742da,No action.,20260716090000_baseline_aruka_v1.sql
constraint,public,admin_logs,admin_logs_admin_user_id_fkey,present,present,EQUIVALENT,info,constraint_type: local_raw=f remote_raw=f local_norm=FOREIGN_KEY remote_norm=FOREIGN_KEY local_hash=3e532317 remote_hash=3e532317; definition: local_raw=FOREIGN KEY (admin_user_id) REFERENCES auth.users(id) remote_raw=FOREIGN KEY (admin_user_id) REFERENCES auth.users(id) local_norm=foreign key (admin_user_id) references auth.users(id) remote_norm=foreign key (admin_user_id) references auth.users(id) local_hash=2124300e remote_hash=2124300e,No action.,20260716090000_baseline_aruka_v1.sql
constraint,public,admin_logs,admin_logs_pkey,present,present,EQUIVALENT,info,constraint_type: local_raw=p remote_raw=p local_norm=PRIMARY_KEY remote_norm=PRIMARY_KEY local_hash=7c5e7f71 remote_hash=7c5e7f71; definition: local_raw=PRIMARY KEY (id) remote_raw=PRIMARY KEY (id) local_norm=primary key(id) remote_norm=primary key(id) local_hash=dd4f98b0 remote_hash=dd4f98b0,No action.,20260716090000_baseline_aruka_v1.sql
constraint,public,admin_logs,admin_logs_target_user_id_fkey,present,present,EQUIVALENT,info,constraint_type: local_raw=f remote_raw=f local_norm=FOREIGN_KEY remote_norm=FOREIGN_KEY local_hash=3e532317 remote_hash=3e532317; definition: local_raw=FOREIGN KEY (target_user_id) REFERENCES auth.users(id) remote_raw=FOREIGN KEY (target_user_id) REFERENCES auth.users(id) local_norm=foreign key (target_user_id) references auth.users(id) remote_norm=foreign key (target_user_id) references auth.users(id) local_hash=7a967b8c remote_hash=7a967b8c,No action.,20260716090000_baseline_aruka_v1.sql
constraint,public,alunos,alunos_acompanhamento_status_check,present,present,EQUIVALENT_REPRESENTATION_DIFFERENCE,info,"constraint_type: local_raw=c remote_raw=c local_norm=CHECK remote_norm=CHECK local_hash=ce413a3 remote_hash=ce413a3; definition: local_raw=CHECK ((acompanhamento_status = ANY (ARRAY['ativo'::text, 'encerrado'::text, 'nao_renovado'::text, 'cancelado'::text]))) remote_raw=CHECK (acompanhamento_status = ANY (ARRAY['ativo'::text, 'nao_renovado'::text, 'cancelado'::text, 'encerrado'::text])) local_norm=check(acompanhamento_status = any (array['ativo', 'cancelado', 'encerrado', 'nao_renovado'])) remote_norm=check(acompanhamento_status = any (array['ativo', 'cancelado', 'encerrado', 'nao_renovado'])) local_hash=9ce03f36 remote_hash=9ce03f36",No action.,20260716090000_baseline_aruka_v1.sql
constraint,public,alunos,alunos_pkey,present,present,EQUIVALENT,info,constraint_type: local_raw=p remote_raw=p local_norm=PRIMARY_KEY remote_norm=PRIMARY_KEY local_hash=7c5e7f71 remote_hash=7c5e7f71; definition: local_raw=PRIMARY KEY (id) remote_raw=PRIMARY KEY (id) local_norm=primary key(id) remote_norm=primary key(id) local_hash=dd4f98b0 remote_hash=dd4f98b0,No action.,20260716090000_baseline_aruka_v1.sql
constraint,public,alunos,alunos_student_user_id_fkey,present,absent,LOCAL_ONLY,critical,20260730090000_student_identity_contract.sql,Object exists locally but not in remote evidence.,Do not repair this migration as applied until reconciled.
constraint,public,alunos,alunos_user_id_fkey,present,present,EQUIVALENT,info,constraint_type: local_raw=f remote_raw=f local_norm=FOREIGN_KEY remote_norm=FOREIGN_KEY local_hash=3e532317 remote_hash=3e532317; definition: local_raw=FOREIGN KEY (user_id) REFERENCES auth.users(id) ON DELETE CASCADE remote_raw=FOREIGN KEY (user_id) REFERENCES auth.users(id) ON DELETE CASCADE local_norm=foreign key (user_id) references auth.users(id) on delete cascade remote_norm=foreign key (user_id) references auth.users(id) on delete cascade local_hash=817742da remote_hash=817742da,No action.,20260716090000_baseline_aruka_v1.sql
constraint,public,anamneses,anamneses_aluno_id_fkey,present,present,EQUIVALENT,info,constraint_type: local_raw=f remote_raw=f local_norm=FOREIGN_KEY remote_norm=FOREIGN_KEY local_hash=3e532317 remote_hash=3e532317; definition: local_raw=FOREIGN KEY (aluno_id) REFERENCES alunos(id) ON DELETE CASCADE remote_raw=FOREIGN KEY (aluno_id) REFERENCES alunos(id) ON DELETE CASCADE local_norm=foreign key(aluno_id) references alunos(id) on delete cascade remote_norm=foreign key(aluno_id) references alunos(id) on delete cascade local_hash=1bae86ba remote_hash=1bae86ba,No action.,20260716090000_baseline_aruka_v1.sql
constraint,public,anamneses,anamneses_pkey,present,present,EQUIVALENT,info,constraint_type: local_raw=p remote_raw=p local_norm=PRIMARY_KEY remote_norm=PRIMARY_KEY local_hash=7c5e7f71 remote_hash=7c5e7f71; definition: local_raw=PRIMARY KEY (id) remote_raw=PRIMARY KEY (id) local_norm=primary key(id) remote_norm=primary key(id) local_hash=dd4f98b0 remote_hash=dd4f98b0,No action.,20260716090000_baseline_aruka_v1.sql
constraint,public,anamneses,anamneses_user_id_fkey,present,present,EQUIVALENT,info,constraint_type: local_raw=f remote_raw=f local_norm=FOREIGN_KEY remote_norm=FOREIGN_KEY local_hash=3e532317 remote_hash=3e532317; definition: local_raw=FOREIGN KEY (user_id) REFERENCES auth.users(id) ON DELETE CASCADE remote_raw=FOREIGN KEY (user_id) REFERENCES auth.users(id) ON DELETE CASCADE local_norm=foreign key (user_id) references auth.users(id) on delete cascade remote_norm=foreign key (user_id) references auth.users(id) on delete cascade local_hash=817742da remote_hash=817742da,No action.,20260716090000_baseline_aruka_v1.sql
constraint,public,aoe_audit_events,aoe_audit_events_pkey,present,present,EQUIVALENT,info,constraint_type: local_raw=p remote_raw=p local_norm=PRIMARY_KEY remote_norm=PRIMARY_KEY local_hash=7c5e7f71 remote_hash=7c5e7f71; definition: local_raw=PRIMARY KEY (id) remote_raw=PRIMARY KEY (id) local_norm=primary key(id) remote_norm=primary key(id) local_hash=dd4f98b0 remote_hash=dd4f98b0,No action.,20260716090000_baseline_aruka_v1.sql
constraint,public,aoe_decision_traces,aoe_decision_traces_decision_id_fkey,present,present,EQUIVALENT,info,constraint_type: local_raw=f remote_raw=f local_norm=FOREIGN_KEY remote_norm=FOREIGN_KEY local_hash=3e532317 remote_hash=3e532317; definition: local_raw=FOREIGN KEY (decision_id) REFERENCES aoe_decisions(id) ON DELETE CASCADE remote_raw=FOREIGN KEY (decision_id) REFERENCES aoe_decisions(id) ON DELETE CASCADE local_norm=foreign key(decision_id) references aoe_decisions(id) on delete cascade remote_norm=foreign key(decision_id) references aoe_decisions(id) on delete cascade local_hash=b937cac remote_hash=b937cac,No action.,20260716090000_baseline_aruka_v1.sql
constraint,public,aoe_decision_traces,aoe_decision_traces_pkey,present,present,EQUIVALENT,info,constraint_type: local_raw=p remote_raw=p local_norm=PRIMARY_KEY remote_norm=PRIMARY_KEY local_hash=7c5e7f71 remote_hash=7c5e7f71; definition: local_raw=PRIMARY KEY (id) remote_raw=PRIMARY KEY (id) local_norm=primary key(id) remote_norm=primary key(id) local_hash=dd4f98b0 remote_hash=dd4f98b0,No action.,20260716090000_baseline_aruka_v1.sql
constraint,public,aoe_decisions,aoe_decisions_actor_id_fkey,present,present,EQUIVALENT,info,constraint_type: local_raw=f remote_raw=f local_norm=FOREIGN_KEY remote_norm=FOREIGN_KEY local_hash=3e532317 remote_hash=3e532317; definition: local_raw=FOREIGN KEY (actor_id) REFERENCES auth.users(id) ON DELETE RESTRICT remote_raw=FOREIGN KEY (actor_id) REFERENCES auth.users(id) ON DELETE RESTRICT local_norm=foreign key (actor_id) references auth.users(id) on delete restrict remote_norm=foreign key (actor_id) references auth.users(id) on delete restrict local_hash=2eb829a0 remote_hash=2eb829a0,No action.,20260716090000_baseline_aruka_v1.sql
constraint,public,aoe_decisions,aoe_decisions_pkey,present,present,EQUIVALENT,info,constraint_type: local_raw=p remote_raw=p local_norm=PRIMARY_KEY remote_norm=PRIMARY_KEY local_hash=7c5e7f71 remote_hash=7c5e7f71; definition: local_raw=PRIMARY KEY (id) remote_raw=PRIMARY KEY (id) local_norm=primary key(id) remote_norm=primary key(id) local_hash=dd4f98b0 remote_hash=dd4f98b0,No action.,20260716090000_baseline_aruka_v1.sql
constraint,public,aoe_decisions,aoe_decisions_student_id_fkey,present,present,EQUIVALENT,info,constraint_type: local_raw=f remote_raw=f local_norm=FOREIGN_KEY remote_norm=FOREIGN_KEY local_hash=3e532317 remote_hash=3e532317; definition: local_raw=FOREIGN KEY (student_id) REFERENCES alunos(id) ON DELETE RESTRICT remote_raw=FOREIGN KEY (student_id) REFERENCES alunos(id) ON DELETE RESTRICT local_norm=foreign key(student_id) references alunos(id) on delete restrict remote_norm=foreign key(student_id) references alunos(id) on delete restrict local_hash=e1c6624e remote_hash=e1c6624e,No action.,20260716090000_baseline_aruka_v1.sql
constraint,public,aoe_human_reviews,aoe_human_reviews_decision_id_fkey,present,present,EQUIVALENT,info,constraint_type: local_raw=f remote_raw=f local_norm=FOREIGN_KEY remote_norm=FOREIGN_KEY local_hash=3e532317 remote_hash=3e532317; definition: local_raw=FOREIGN KEY (decision_id) REFERENCES aoe_decisions(id) ON DELETE CASCADE remote_raw=FOREIGN KEY (decision_id) REFERENCES aoe_decisions(id) ON DELETE CASCADE local_norm=foreign key(decision_id) references aoe_decisions(id) on delete cascade remote_norm=foreign key(decision_id) references aoe_decisions(id) on delete cascade local_hash=b937cac remote_hash=b937cac,No action.,20260716090000_baseline_aruka_v1.sql
constraint,public,aoe_human_reviews,aoe_human_reviews_notes_length,present,present,EQUIVALENT_REPRESENTATION_DIFFERENCE,info,constraint_type: local_raw=c remote_raw=c local_norm=CHECK remote_norm=CHECK local_hash=ce413a3 remote_hash=ce413a3; definition: local_raw=CHECK ((char_length(notes) <= 500)) remote_raw=CHECK (char_length(notes) <= 500) local_norm=check(char_length(notes) <= 500) remote_norm=check(char_length(notes) <= 500) local_hash=66d1b3bb remote_hash=66d1b3bb,No action.,20260716090000_baseline_aruka_v1.sql
constraint,public,aoe_human_reviews,aoe_human_reviews_pkey,present,present,EQUIVALENT,info,constraint_type: local_raw=p remote_raw=p local_norm=PRIMARY_KEY remote_norm=PRIMARY_KEY local_hash=7c5e7f71 remote_hash=7c5e7f71; definition: local_raw=PRIMARY KEY (id) remote_raw=PRIMARY KEY (id) local_norm=primary key(id) remote_norm=primary key(id) local_hash=dd4f98b0 remote_hash=dd4f98b0,No action.,20260716090000_baseline_aruka_v1.sql
constraint,public,aoe_human_reviews,aoe_human_reviews_reviewer_id_fkey,present,present,EQUIVALENT,info,constraint_type: local_raw=f remote_raw=f local_norm=FOREIGN_KEY remote_norm=FOREIGN_KEY local_hash=3e532317 remote_hash=3e532317; definition: local_raw=FOREIGN KEY (reviewer_id) REFERENCES auth.users(id) ON DELETE RESTRICT remote_raw=FOREIGN KEY (reviewer_id) REFERENCES auth.users(id) ON DELETE RESTRICT local_norm=foreign key (reviewer_id) references auth.users(id) on delete restrict remote_norm=foreign key (reviewer_id) references auth.users(id) on delete restrict local_hash=a8385270 remote_hash=a8385270,No action.,20260716090000_baseline_aruka_v1.sql
constraint,public,aoe_idempotency_keys,aoe_idempotency_keys_actor_id_fkey,present,present,EQUIVALENT,info,constraint_type: local_raw=f remote_raw=f local_norm=FOREIGN_KEY remote_norm=FOREIGN_KEY local_hash=3e532317 remote_hash=3e532317; definition: local_raw=FOREIGN KEY (actor_id) REFERENCES auth.users(id) ON DELETE RESTRICT remote_raw=FOREIGN KEY (actor_id) REFERENCES auth.users(id) ON DELETE RESTRICT local_norm=foreign key (actor_id) references auth.users(id) on delete restrict remote_norm=foreign key (actor_id) references auth.users(id) on delete restrict local_hash=2eb829a0 remote_hash=2eb829a0,No action.,20260716090000_baseline_aruka_v1.sql
constraint,public,aoe_idempotency_keys,aoe_idempotency_keys_decision_id_fkey,present,present,EQUIVALENT,info,constraint_type: local_raw=f remote_raw=f local_norm=FOREIGN_KEY remote_norm=FOREIGN_KEY local_hash=3e532317 remote_hash=3e532317; definition: local_raw=FOREIGN KEY (decision_id) REFERENCES aoe_decisions(id) ON DELETE SET NULL remote_raw=FOREIGN KEY (decision_id) REFERENCES aoe_decisions(id) ON DELETE SET NULL local_norm=foreign key(decision_id) references aoe_decisions(id) on delete set null remote_norm=foreign key(decision_id) references aoe_decisions(id) on delete set null local_hash=73a97caf remote_hash=73a97caf,No action.,20260716090000_baseline_aruka_v1.sql
constraint,public,aoe_idempotency_keys,aoe_idempotency_keys_pkey,present,present,EQUIVALENT,info,constraint_type: local_raw=p remote_raw=p local_norm=PRIMARY_KEY remote_norm=PRIMARY_KEY local_hash=7c5e7f71 remote_hash=7c5e7f71; definition: local_raw=PRIMARY KEY (id) remote_raw=PRIMARY KEY (id) local_norm=primary key(id) remote_norm=primary key(id) local_hash=dd4f98b0 remote_hash=dd4f98b0,No action.,20260716090000_baseline_aruka_v1.sql
constraint,public,assinaturas,assinaturas_pkey,present,present,EQUIVALENT,info,constraint_type: local_raw=p remote_raw=p local_norm=PRIMARY_KEY remote_norm=PRIMARY_KEY local_hash=7c5e7f71 remote_hash=7c5e7f71; definition: local_raw=PRIMARY KEY (id) remote_raw=PRIMARY KEY (id) local_norm=primary key(id) remote_norm=primary key(id) local_hash=dd4f98b0 remote_hash=dd4f98b0,No action.,20260716090000_baseline_aruka_v1.sql
constraint,public,assinaturas,assinaturas_status_check,present,present,EQUIVALENT_REPRESENTATION_DIFFERENCE,info,"constraint_type: local_raw=c remote_raw=c local_norm=CHECK remote_norm=CHECK local_hash=ce413a3 remote_hash=ce413a3; definition: local_raw=CHECK ((status = ANY (ARRAY['pendente'::text, 'ativo'::text, 'vencido'::text, 'cancelado'::text, 'teste'::text]))) remote_raw=CHECK (status = ANY (ARRAY['pendente'::text, 'ativo'::text, 'vencido'::text, 'cancelado'::text, 'teste'::text])) local_norm=check(status = any (array['ativo', 'cancelado', 'pendente', 'teste', 'vencido'])) remote_norm=check(status = any (array['ativo', 'cancelado', 'pendente', 'teste', 'vencido'])) local_hash=80bf24d8 remote_hash=80bf24d8",No action.,20260716090000_baseline_aruka_v1.sql
constraint,public,assinaturas,assinaturas_user_id_fkey,present,present,EQUIVALENT,info,constraint_type: local_raw=f remote_raw=f local_norm=FOREIGN_KEY remote_norm=FOREIGN_KEY local_hash=3e532317 remote_hash=3e532317; definition: local_raw=FOREIGN KEY (user_id) REFERENCES auth.users(id) ON DELETE CASCADE remote_raw=FOREIGN KEY (user_id) REFERENCES auth.users(id) ON DELETE CASCADE local_norm=foreign key (user_id) references auth.users(id) on delete cascade remote_norm=foreign key (user_id) references auth.users(id) on delete cascade local_hash=817742da remote_hash=817742da,No action.,20260716090000_baseline_aruka_v1.sql
constraint,public,avaliacoes,avaliacoes_aluno_id_fkey,present,present,EQUIVALENT,info,constraint_type: local_raw=f remote_raw=f local_norm=FOREIGN_KEY remote_norm=FOREIGN_KEY local_hash=3e532317 remote_hash=3e532317; definition: local_raw=FOREIGN KEY (aluno_id) REFERENCES alunos(id) ON DELETE CASCADE remote_raw=FOREIGN KEY (aluno_id) REFERENCES alunos(id) ON DELETE CASCADE local_norm=foreign key(aluno_id) references alunos(id) on delete cascade remote_norm=foreign key(aluno_id) references alunos(id) on delete cascade local_hash=1bae86ba remote_hash=1bae86ba,No action.,20260716090000_baseline_aruka_v1.sql
constraint,public,avaliacoes,avaliacoes_pkey,present,present,EQUIVALENT,info,constraint_type: local_raw=p remote_raw=p local_norm=PRIMARY_KEY remote_norm=PRIMARY_KEY local_hash=7c5e7f71 remote_hash=7c5e7f71; definition: local_raw=PRIMARY KEY (id) remote_raw=PRIMARY KEY (id) local_norm=primary key(id) remote_norm=primary key(id) local_hash=dd4f98b0 remote_hash=dd4f98b0,No action.,20260716090000_baseline_aruka_v1.sql
constraint,public,avaliacoes,avaliacoes_user_id_fkey,present,present,EQUIVALENT,info,constraint_type: local_raw=f remote_raw=f local_norm=FOREIGN_KEY remote_norm=FOREIGN_KEY local_hash=3e532317 remote_hash=3e532317; definition: local_raw=FOREIGN KEY (user_id) REFERENCES auth.users(id) ON DELETE CASCADE remote_raw=FOREIGN KEY (user_id) REFERENCES auth.users(id) ON DELETE CASCADE local_norm=foreign key (user_id) references auth.users(id) on delete cascade remote_norm=foreign key (user_id) references auth.users(id) on delete cascade local_hash=817742da remote_hash=817742da,No action.,20260716090000_baseline_aruka_v1.sql
constraint,public,pagamentos,pagamentos_aluno_id_fkey,present,present,EQUIVALENT,info,constraint_type: local_raw=f remote_raw=f local_norm=FOREIGN_KEY remote_norm=FOREIGN_KEY local_hash=3e532317 remote_hash=3e532317; definition: local_raw=FOREIGN KEY (aluno_id) REFERENCES alunos(id) ON DELETE CASCADE remote_raw=FOREIGN KEY (aluno_id) REFERENCES alunos(id) ON DELETE CASCADE local_norm=foreign key(aluno_id) references alunos(id) on delete cascade remote_norm=foreign key(aluno_id) references alunos(id) on delete cascade local_hash=1bae86ba remote_hash=1bae86ba,No action.,20260716090000_baseline_aruka_v1.sql
constraint,public,pagamentos,pagamentos_pkey,present,present,EQUIVALENT,info,constraint_type: local_raw=p remote_raw=p local_norm=PRIMARY_KEY remote_norm=PRIMARY_KEY local_hash=7c5e7f71 remote_hash=7c5e7f71; definition: local_raw=PRIMARY KEY (id) remote_raw=PRIMARY KEY (id) local_norm=primary key(id) remote_norm=primary key(id) local_hash=dd4f98b0 remote_hash=dd4f98b0,No action.,20260716090000_baseline_aruka_v1.sql
constraint,public,pagamentos,pagamentos_user_id_fkey,present,present,EQUIVALENT,info,constraint_type: local_raw=f remote_raw=f local_norm=FOREIGN_KEY remote_norm=FOREIGN_KEY local_hash=3e532317 remote_hash=3e532317; definition: local_raw=FOREIGN KEY (user_id) REFERENCES auth.users(id) ON DELETE CASCADE remote_raw=FOREIGN KEY (user_id) REFERENCES auth.users(id) ON DELETE CASCADE local_norm=foreign key (user_id) references auth.users(id) on delete cascade remote_norm=foreign key (user_id) references auth.users(id) on delete cascade local_hash=817742da remote_hash=817742da,No action.,20260716090000_baseline_aruka_v1.sql
constraint,public,perfis,perfis_pkey,present,present,EQUIVALENT,info,constraint_type: local_raw=p remote_raw=p local_norm=PRIMARY_KEY remote_norm=PRIMARY_KEY local_hash=7c5e7f71 remote_hash=7c5e7f71; definition: local_raw=PRIMARY KEY (id) remote_raw=PRIMARY KEY (id) local_norm=primary key(id) remote_norm=primary key(id) local_hash=dd4f98b0 remote_hash=dd4f98b0,No action.,20260716090000_baseline_aruka_v1.sql
constraint,public,perfis,perfis_role_check,present,present,MATERIAL_DIFFERENCE,critical,"constraint_type: local_raw=c remote_raw=c local_norm=CHECK remote_norm=CHECK local_hash=ce413a3 remote_hash=ce413a3; definition: local_raw=CHECK ((role = ANY (ARRAY['admin'::text, 'user'::text, 'student'::text]))) remote_raw=CHECK (role = ANY (ARRAY['admin'::text, 'user'::text])) local_norm=check(role = any (array['admin', 'student', 'user'])) remote_norm=check(role = any (array['admin', 'user'])) local_hash=9bb295c4 remote_hash=1e5d0703",Constraint drift is material; review before reconciliation.,20260730090000_student_identity_contract.sql
constraint,public,perfis,perfis_status_check,present,present,EQUIVALENT_REPRESENTATION_DIFFERENCE,info,"constraint_type: local_raw=c remote_raw=c local_norm=CHECK remote_norm=CHECK local_hash=ce413a3 remote_hash=ce413a3; definition: local_raw=CHECK ((status = ANY (ARRAY['ativo'::text, 'inativo'::text]))) remote_raw=CHECK (status = ANY (ARRAY['ativo'::text, 'inativo'::text])) local_norm=check(status = any (array['ativo', 'inativo'])) remote_norm=check(status = any (array['ativo', 'inativo'])) local_hash=2741ba0a remote_hash=2741ba0a",No action.,20260716090000_baseline_aruka_v1.sql
constraint,public,perfis,perfis_tipo_acesso_check,present,present,EQUIVALENT_REPRESENTATION_DIFFERENCE,info,"constraint_type: local_raw=c remote_raw=c local_norm=CHECK remote_norm=CHECK local_hash=ce413a3 remote_hash=ce413a3; definition: local_raw=CHECK ((tipo_acesso = ANY (ARRAY['admin'::text, 'beta'::text, 'assinante'::text, 'pendente'::text, 'bloqueado'::text]))) remote_raw=CHECK (tipo_acesso = ANY (ARRAY['admin'::text, 'beta'::text, 'assinante'::text, 'pendente'::text, 'bloqueado'::text])) local_norm=check(tipo_acesso = any (array['admin', 'assinante', 'beta', 'bloqueado', 'pendente'])) remote_norm=check(tipo_acesso = any (array['admin', 'assinante', 'beta', 'bloqueado', 'pendente'])) local_hash=dcc3380a remote_hash=dcc3380a",No action.,20260716090000_baseline_aruka_v1.sql
constraint,public,perfis,perfis_user_id_fkey,present,present,EQUIVALENT,info,constraint_type: local_raw=f remote_raw=f local_norm=FOREIGN_KEY remote_norm=FOREIGN_KEY local_hash=3e532317 remote_hash=3e532317; definition: local_raw=FOREIGN KEY (user_id) REFERENCES auth.users(id) ON DELETE CASCADE remote_raw=FOREIGN KEY (user_id) REFERENCES auth.users(id) ON DELETE CASCADE local_norm=foreign key (user_id) references auth.users(id) on delete cascade remote_norm=foreign key (user_id) references auth.users(id) on delete cascade local_hash=817742da remote_hash=817742da,No action.,20260716090000_baseline_aruka_v1.sql
constraint,public,perfis,perfis_user_id_key,present,present,EQUIVALENT,info,constraint_type: local_raw=u remote_raw=u local_norm=UNIQUE remote_norm=UNIQUE local_hash=d3d264fc remote_hash=d3d264fc; definition: local_raw=UNIQUE (user_id) remote_raw=UNIQUE (user_id) local_norm=unique(user_id) remote_norm=unique(user_id) local_hash=19236798 remote_hash=19236798,No action.,20260716090000_baseline_aruka_v1.sql
constraint,public,planos,planos_pkey,present,present,EQUIVALENT,info,constraint_type: local_raw=p remote_raw=p local_norm=PRIMARY_KEY remote_norm=PRIMARY_KEY local_hash=7c5e7f71 remote_hash=7c5e7f71; definition: local_raw=PRIMARY KEY (id) remote_raw=PRIMARY KEY (id) local_norm=primary key(id) remote_norm=primary key(id) local_hash=dd4f98b0 remote_hash=dd4f98b0,No action.,20260716090000_baseline_aruka_v1.sql
constraint,public,planos,planos_user_id_fkey,present,present,EQUIVALENT,info,constraint_type: local_raw=f remote_raw=f local_norm=FOREIGN_KEY remote_norm=FOREIGN_KEY local_hash=3e532317 remote_hash=3e532317; definition: local_raw=FOREIGN KEY (user_id) REFERENCES auth.users(id) ON DELETE CASCADE remote_raw=FOREIGN KEY (user_id) REFERENCES auth.users(id) ON DELETE CASCADE local_norm=foreign key (user_id) references auth.users(id) on delete cascade remote_norm=foreign key (user_id) references auth.users(id) on delete cascade local_hash=817742da remote_hash=817742da,No action.,20260716090000_baseline_aruka_v1.sql
constraint,public,treino_dias,treino_dias_pkey,present,present,EQUIVALENT,info,constraint_type: local_raw=p remote_raw=p local_norm=PRIMARY_KEY remote_norm=PRIMARY_KEY local_hash=7c5e7f71 remote_hash=7c5e7f71; definition: local_raw=PRIMARY KEY (id) remote_raw=PRIMARY KEY (id) local_norm=primary key(id) remote_norm=primary key(id) local_hash=dd4f98b0 remote_hash=dd4f98b0,No action.,20260716090000_baseline_aruka_v1.sql
constraint,public,treino_dias,treino_dias_treino_id_fkey,present,present,EQUIVALENT,info,constraint_type: local_raw=f remote_raw=f local_norm=FOREIGN_KEY remote_norm=FOREIGN_KEY local_hash=3e532317 remote_hash=3e532317; definition: local_raw=FOREIGN KEY (treino_id) REFERENCES treinos(id) ON DELETE CASCADE remote_raw=FOREIGN KEY (treino_id) REFERENCES treinos(id) ON DELETE CASCADE local_norm=foreign key(treino_id) references treinos(id) on delete cascade remote_norm=foreign key(treino_id) references treinos(id) on delete cascade local_hash=75be721e remote_hash=75be721e,No action.,20260716090000_baseline_aruka_v1.sql
constraint,public,treino_eventos,treino_eventos_aluno_id_fkey,present,present,EQUIVALENT,info,constraint_type: local_raw=f remote_raw=f local_norm=FOREIGN_KEY remote_norm=FOREIGN_KEY local_hash=3e532317 remote_hash=3e532317; definition: local_raw=FOREIGN KEY (aluno_id) REFERENCES alunos(id) ON DELETE RESTRICT remote_raw=FOREIGN KEY (aluno_id) REFERENCES alunos(id) ON DELETE RESTRICT local_norm=foreign key(aluno_id) references alunos(id) on delete restrict remote_norm=foreign key(aluno_id) references alunos(id) on delete restrict local_hash=9e80d2a6 remote_hash=9e80d2a6,No action.,20260728030000_workout_delivery_integration_v1.sql
constraint,public,treino_eventos,treino_eventos_event_type_check,present,present,EQUIVALENT_REPRESENTATION_DIFFERENCE,info,"constraint_type: local_raw=c remote_raw=c local_norm=CHECK remote_norm=CHECK local_hash=ce413a3 remote_hash=ce413a3; definition: local_raw=CHECK ((event_type = ANY (ARRAY['applied'::text, 'delivered'::text, 'status_changed'::text, 'completed'::text, 'archived'::text]))) remote_raw=CHECK (event_type = ANY (ARRAY['applied'::text, 'delivered'::text, 'status_changed'::text, 'completed'::text, 'archived'::text])) local_norm=check(event_type = any (array['applied', 'archived', 'completed', 'delivered', 'status_changed'])) remote_norm=check(event_type = any (array['applied', 'archived', 'completed', 'delivered', 'status_changed'])) local_hash=86f3967d remote_hash=86f3967d",No action.,20260728030000_workout_delivery_integration_v1.sql
constraint,public,treino_eventos,treino_eventos_metadata_object_check,present,present,MATERIAL_DIFFERENCE,critical,constraint_type: local_raw=c remote_raw=c local_norm=CHECK remote_norm=CHECK local_hash=ce413a3 remote_hash=ce413a3; definition: local_raw=CHECK (((metadata IS NULL) OR (jsonb_typeof(metadata) = 'object'::text))) remote_raw=CHECK (metadata IS NULL OR jsonb_typeof(metadata) = 'object'::text) local_norm=check((metadata is null) or (jsonb_typeof(metadata) = 'object')) remote_norm=check(metadata is null or jsonb_typeof(metadata) = 'object') local_hash=58e03bf5 remote_hash=3f3519b3,Constraint drift is material; review before reconciliation.,20260728030000_workout_delivery_integration_v1.sql
constraint,public,treino_eventos,treino_eventos_pkey,present,present,EQUIVALENT,info,constraint_type: local_raw=p remote_raw=p local_norm=PRIMARY_KEY remote_norm=PRIMARY_KEY local_hash=7c5e7f71 remote_hash=7c5e7f71; definition: local_raw=PRIMARY KEY (id) remote_raw=PRIMARY KEY (id) local_norm=primary key(id) remote_norm=primary key(id) local_hash=dd4f98b0 remote_hash=dd4f98b0,No action.,20260728030000_workout_delivery_integration_v1.sql
constraint,public,treino_eventos,treino_eventos_treino_id_fkey,present,present,EQUIVALENT,info,constraint_type: local_raw=f remote_raw=f local_norm=FOREIGN_KEY remote_norm=FOREIGN_KEY local_hash=3e532317 remote_hash=3e532317; definition: local_raw=FOREIGN KEY (treino_id) REFERENCES treinos(id) ON DELETE CASCADE remote_raw=FOREIGN KEY (treino_id) REFERENCES treinos(id) ON DELETE CASCADE local_norm=foreign key(treino_id) references treinos(id) on delete cascade remote_norm=foreign key(treino_id) references treinos(id) on delete cascade local_hash=75be721e remote_hash=75be721e,No action.,20260728030000_workout_delivery_integration_v1.sql
constraint,public,treino_exercicios,treino_exercicios_pkey,present,present,EQUIVALENT,info,constraint_type: local_raw=p remote_raw=p local_norm=PRIMARY_KEY remote_norm=PRIMARY_KEY local_hash=7c5e7f71 remote_hash=7c5e7f71; definition: local_raw=PRIMARY KEY (id) remote_raw=PRIMARY KEY (id) local_norm=primary key(id) remote_norm=primary key(id) local_hash=dd4f98b0 remote_hash=dd4f98b0,No action.,20260716090000_baseline_aruka_v1.sql
constraint,public,treino_exercicios,treino_exercicios_treino_dia_id_fkey,present,present,EQUIVALENT,info,constraint_type: local_raw=f remote_raw=f local_norm=FOREIGN_KEY remote_norm=FOREIGN_KEY local_hash=3e532317 remote_hash=3e532317; definition: local_raw=FOREIGN KEY (treino_dia_id) REFERENCES treino_dias(id) ON DELETE CASCADE remote_raw=FOREIGN KEY (treino_dia_id) REFERENCES treino_dias(id) ON DELETE CASCADE local_norm=foreign key(treino_dia_id) references treino_dias(id) on delete cascade remote_norm=foreign key(treino_dia_id) references treino_dias(id) on delete cascade local_hash=91093eb8 remote_hash=91093eb8,No action.,20260716090000_baseline_aruka_v1.sql
constraint,public,treinos,treinos_aluno_id_fkey,present,present,EQUIVALENT,info,constraint_type: local_raw=f remote_raw=f local_norm=FOREIGN_KEY remote_norm=FOREIGN_KEY local_hash=3e532317 remote_hash=3e532317; definition: local_raw=FOREIGN KEY (aluno_id) REFERENCES alunos(id) ON DELETE CASCADE remote_raw=FOREIGN KEY (aluno_id) REFERENCES alunos(id) ON DELETE CASCADE local_norm=foreign key(aluno_id) references alunos(id) on delete cascade remote_norm=foreign key(aluno_id) references alunos(id) on delete cascade local_hash=1bae86ba remote_hash=1bae86ba,No action.,20260716090000_baseline_aruka_v1.sql
constraint,public,treinos,treinos_lifecycle_dates_check,present,present,MATERIAL_DIFFERENCE,critical,constraint_type: local_raw=c remote_raw=c local_norm=CHECK remote_norm=CHECK local_hash=ce413a3 remote_hash=ce413a3; definition: local_raw=[len 228 hash e2ce4c0d] remote_raw=[len 214 hash b7bd6916] local_norm=[len 207 hash d24d5831] remote_norm=[len 195 hash e94a5a8b] local_hash=d24d5831 remote_hash=e94a5a8b,Constraint drift is material; review before reconciliation.,20260716090000_baseline_aruka_v1.sql
constraint,public,treinos,treinos_lifecycle_status_check,present,present,EQUIVALENT_REPRESENTATION_DIFFERENCE,info,"constraint_type: local_raw=c remote_raw=c local_norm=CHECK remote_norm=CHECK local_hash=ce413a3 remote_hash=ce413a3; definition: local_raw=CHECK ((lifecycle_status = ANY (ARRAY['draft'::text, 'active'::text, 'completed'::text, 'archived'::text]))) remote_raw=CHECK (lifecycle_status = ANY (ARRAY['draft'::text, 'active'::text, 'completed'::text, 'archived'::text])) local_norm=check(lifecycle_status = any (array['active', 'archived', 'completed', 'draft'])) remote_norm=check(lifecycle_status = any (array['active', 'archived', 'completed', 'draft'])) local_hash=14648140 remote_hash=14648140",No action.,20260716090000_baseline_aruka_v1.sql
constraint,public,treinos,treinos_pkey,present,present,EQUIVALENT,info,constraint_type: local_raw=p remote_raw=p local_norm=PRIMARY_KEY remote_norm=PRIMARY_KEY local_hash=7c5e7f71 remote_hash=7c5e7f71; definition: local_raw=PRIMARY KEY (id) remote_raw=PRIMARY KEY (id) local_norm=primary key(id) remote_norm=primary key(id) local_hash=dd4f98b0 remote_hash=dd4f98b0,No action.,20260716090000_baseline_aruka_v1.sql
constraint,public,treinos,treinos_template_origin_snapshot_object_check,present,present,MATERIAL_DIFFERENCE,critical,constraint_type: local_raw=c remote_raw=c local_norm=CHECK remote_norm=CHECK local_hash=ce413a3 remote_hash=ce413a3; definition: local_raw=CHECK (((template_origin_snapshot IS NULL) OR (jsonb_typeof(template_origin_snapshot) = 'object'::text))) remote_raw=CHECK (template_origin_snapshot IS NULL OR jsonb_typeof(template_origin_snapshot) = 'object'::text) local_norm=check((template_origin_snapshot is null) or (jsonb_typeof(template_origin_snapshot) = 'object')) remote_norm=check(template_origin_snapshot is null or jsonb_typeof(template_origin_snapshot) = 'object') local_hash=14b1ccf7 remote_hash=27839835,Constraint drift is material; review before reconciliation.,20260716090000_baseline_aruka_v1.sql
constraint,public,treinos,treinos_template_origin_type_check,present,present,MATERIAL_DIFFERENCE,critical,"constraint_type: local_raw=c remote_raw=c local_norm=CHECK remote_norm=CHECK local_hash=ce413a3 remote_hash=ce413a3; definition: local_raw=CHECK (((template_origin_type IS NULL) OR (template_origin_type = ANY (ARRAY['official'::text, 'personal'::text])))) remote_raw=CHECK (template_origin_type IS NULL OR (template_origin_type = ANY (ARRAY['official'::text, 'personal'::text]))) local_norm=check((template_origin_type is null) or (template_origin_type = any (array['official', 'personal']))) remote_norm=check(template_origin_type is null or (template_origin_type = any (array['official', 'personal']))) local_hash=de5ddaac remote_hash=aac7151b",Constraint drift is material; review before reconciliation.,20260716090000_baseline_aruka_v1.sql
constraint,public,treinos,treinos_user_id_fkey,present,present,EQUIVALENT,info,constraint_type: local_raw=f remote_raw=f local_norm=FOREIGN_KEY remote_norm=FOREIGN_KEY local_hash=3e532317 remote_hash=3e532317; definition: local_raw=FOREIGN KEY (user_id) REFERENCES auth.users(id) ON DELETE CASCADE remote_raw=FOREIGN KEY (user_id) REFERENCES auth.users(id) ON DELETE CASCADE local_norm=foreign key (user_id) references auth.users(id) on delete cascade remote_norm=foreign key (user_id) references auth.users(id) on delete cascade local_hash=817742da remote_hash=817742da,No action.,20260716090000_baseline_aruka_v1.sql
constraint,public,workout_templates,workout_templates_gender_check,present,present,EQUIVALENT_REPRESENTATION_DIFFERENCE,info,"constraint_type: local_raw=c remote_raw=c local_norm=CHECK remote_norm=CHECK local_hash=ce413a3 remote_hash=ce413a3; definition: local_raw=CHECK ((reference_gender = ANY (ARRAY['Masculino'::text, 'Feminino'::text, 'Unissex'::text]))) remote_raw=CHECK (reference_gender = ANY (ARRAY['Masculino'::text, 'Feminino'::text, 'Unissex'::text])) local_norm=check(reference_gender = any (array['feminino', 'masculino', 'unissex'])) remote_norm=check(reference_gender = any (array['feminino', 'masculino', 'unissex'])) local_hash=a37bb475 remote_hash=a37bb475",No action.,20260716090000_baseline_aruka_v1.sql
constraint,public,workout_templates,workout_templates_name_required,present,present,EQUIVALENT_REPRESENTATION_DIFFERENCE,info,constraint_type: local_raw=c remote_raw=c local_norm=CHECK remote_norm=CHECK local_hash=ce413a3 remote_hash=ce413a3; definition: local_raw=CHECK ((length(btrim(name)) > 0)) remote_raw=CHECK (length(btrim(name)) > 0) local_norm=check(length(btrim(name)) > 0) remote_norm=check(length(btrim(name)) > 0) local_hash=7417c645 remote_hash=7417c645,No action.,20260716090000_baseline_aruka_v1.sql
constraint,public,workout_templates,workout_templates_owner_id_fkey,present,present,EQUIVALENT,info,constraint_type: local_raw=f remote_raw=f local_norm=FOREIGN_KEY remote_norm=FOREIGN_KEY local_hash=3e532317 remote_hash=3e532317; definition: local_raw=FOREIGN KEY (owner_id) REFERENCES auth.users(id) ON DELETE CASCADE remote_raw=FOREIGN KEY (owner_id) REFERENCES auth.users(id) ON DELETE CASCADE local_norm=foreign key (owner_id) references auth.users(id) on delete cascade remote_norm=foreign key (owner_id) references auth.users(id) on delete cascade local_hash=aa9e4646 remote_hash=aa9e4646,No action.,20260716090000_baseline_aruka_v1.sql
constraint,public,workout_templates,workout_templates_personal_only,present,present,EQUIVALENT_REPRESENTATION_DIFFERENCE,info,constraint_type: local_raw=c remote_raw=c local_norm=CHECK remote_norm=CHECK local_hash=ce413a3 remote_hash=ce413a3; definition: local_raw=CHECK ((is_system = false)) remote_raw=CHECK (is_system = false) local_norm=check(is_system = false) remote_norm=check(is_system = false) local_hash=5e8ef59c remote_hash=5e8ef59c,No action.,20260716090000_baseline_aruka_v1.sql
constraint,public,workout_templates,workout_templates_pkey,present,present,EQUIVALENT,info,constraint_type: local_raw=p remote_raw=p local_norm=PRIMARY_KEY remote_norm=PRIMARY_KEY local_hash=7c5e7f71 remote_hash=7c5e7f71; definition: local_raw=PRIMARY KEY (id) remote_raw=PRIMARY KEY (id) local_norm=primary key(id) remote_norm=primary key(id) local_hash=dd4f98b0 remote_hash=dd4f98b0,No action.,20260716090000_baseline_aruka_v1.sql
constraint,public,workout_templates,workout_templates_split_check,present,present,EQUIVALENT_REPRESENTATION_DIFFERENCE,info,"constraint_type: local_raw=c remote_raw=c local_norm=CHECK remote_norm=CHECK local_hash=ce413a3 remote_hash=ce413a3; definition: local_raw=CHECK ((split_type = ANY (ARRAY['ABC'::text, 'ABCD'::text, 'ABCDE'::text, 'Full Body'::text, 'Upper/Lower'::text, 'Outro'::text]))) remote_raw=CHECK (split_type = ANY (ARRAY['ABC'::text, 'ABCD'::text, 'ABCDE'::text, 'Full Body'::text, 'Upper/Lower'::text, 'Outro'::text])) local_norm=check(split_type = any (array['abc', 'abcd', 'abcde', 'full body', 'outro', 'upper/lower'])) remote_norm=check(split_type = any (array['abc', 'abcd', 'abcde', 'full body', 'outro', 'upper/lower'])) local_hash=aa85249b remote_hash=aa85249b",No action.,20260716090000_baseline_aruka_v1.sql
constraint,public,workout_templates,workout_templates_template_data_object,present,present,EQUIVALENT_REPRESENTATION_DIFFERENCE,info,constraint_type: local_raw=c remote_raw=c local_norm=CHECK remote_norm=CHECK local_hash=ce413a3 remote_hash=ce413a3; definition: local_raw=CHECK ((jsonb_typeof(template_data) = 'object'::text)) remote_raw=CHECK (jsonb_typeof(template_data) = 'object'::text) local_norm=check(jsonb_typeof(template_data) = 'object') remote_norm=check(jsonb_typeof(template_data) = 'object') local_hash=8c93a9ee remote_hash=8c93a9ee,No action.,20260716090000_baseline_aruka_v1.sql
function_grant,public,admin_atualizar_perfil,authenticated.execute,present,present,PARTIALLY_VERIFIED,warning,20260716090000_baseline_aruka_v1.sql,routine_name-only grant match for authenticated.execute; overload signature not present in remote CSV.,Use signature-aware read-only evidence before final grant equivalence.
function_grant,public,admin_atualizar_perfil,postgres.execute,present,present,PARTIALLY_VERIFIED,warning,20260716090000_baseline_aruka_v1.sql,routine_name-only grant match for postgres.execute; overload signature not present in remote CSV.,Use signature-aware read-only evidence before final grant equivalence.
function_grant,public,admin_atualizar_perfil,service_role.execute,present,present,PARTIALLY_VERIFIED,warning,20260716090000_baseline_aruka_v1.sql,routine_name-only grant match for service_role.execute; overload signature not present in remote CSV.,Use signature-aware read-only evidence before final grant equivalence.
function_grant,public,admin_bloquear_usuario,authenticated.execute,present,present,PARTIALLY_VERIFIED,warning,20260716090000_baseline_aruka_v1.sql,routine_name-only grant match for authenticated.execute; overload signature not present in remote CSV.,Use signature-aware read-only evidence before final grant equivalence.
function_grant,public,admin_bloquear_usuario,postgres.execute,present,present,PARTIALLY_VERIFIED,warning,20260716090000_baseline_aruka_v1.sql,routine_name-only grant match for postgres.execute; overload signature not present in remote CSV.,Use signature-aware read-only evidence before final grant equivalence.
function_grant,public,admin_bloquear_usuario,service_role.execute,present,present,PARTIALLY_VERIFIED,warning,20260716090000_baseline_aruka_v1.sql,routine_name-only grant match for service_role.execute; overload signature not present in remote CSV.,Use signature-aware read-only evidence before final grant equivalence.
function_grant,public,admin_eh_admin,authenticated.execute,present,absent,LOCAL_ONLY,critical,20260716090000_baseline_aruka_v1.sql,"Function grant exists locally but not in remote evidence. CSV lacks function arguments/specific_name, so overload match is partial.",Do not repair as applied until grants are reconciled.
function_grant,public,admin_eh_admin,postgres.execute,present,present,PARTIALLY_VERIFIED,warning,20260716090000_baseline_aruka_v1.sql,routine_name-only grant match for postgres.execute; overload signature not present in remote CSV.,Use signature-aware read-only evidence before final grant equivalence.
function_grant,public,admin_eh_admin,service_role.execute,present,present,PARTIALLY_VERIFIED,warning,20260716090000_baseline_aruka_v1.sql,routine_name-only grant match for service_role.execute; overload signature not present in remote CSV.,Use signature-aware read-only evidence before final grant equivalence.
function_grant,public,admin_liberar_assinante,authenticated.execute,present,present,PARTIALLY_VERIFIED,warning,20260716090000_baseline_aruka_v1.sql,routine_name-only grant match for authenticated.execute; overload signature not present in remote CSV.,Use signature-aware read-only evidence before final grant equivalence.
function_grant,public,admin_liberar_assinante,postgres.execute,present,present,PARTIALLY_VERIFIED,warning,20260716090000_baseline_aruka_v1.sql,routine_name-only grant match for postgres.execute; overload signature not present in remote CSV.,Use signature-aware read-only evidence before final grant equivalence.
function_grant,public,admin_liberar_assinante,service_role.execute,present,present,PARTIALLY_VERIFIED,warning,20260716090000_baseline_aruka_v1.sql,routine_name-only grant match for service_role.execute; overload signature not present in remote CSV.,Use signature-aware read-only evidence before final grant equivalence.
function_grant,public,admin_liberar_beta,authenticated.execute,present,present,PARTIALLY_VERIFIED,warning,20260716090000_baseline_aruka_v1.sql,routine_name-only grant match for authenticated.execute; overload signature not present in remote CSV.,Use signature-aware read-only evidence before final grant equivalence.
function_grant,public,admin_liberar_beta,postgres.execute,present,present,PARTIALLY_VERIFIED,warning,20260716090000_baseline_aruka_v1.sql,routine_name-only grant match for postgres.execute; overload signature not present in remote CSV.,Use signature-aware read-only evidence before final grant equivalence.
function_grant,public,admin_liberar_beta,service_role.execute,present,present,PARTIALLY_VERIFIED,warning,20260716090000_baseline_aruka_v1.sql,routine_name-only grant match for service_role.execute; overload signature not present in remote CSV.,Use signature-aware read-only evidence before final grant equivalence.
function_grant,public,admin_listar_logs,authenticated.execute,present,present,PARTIALLY_VERIFIED,warning,20260716090000_baseline_aruka_v1.sql,routine_name-only grant match for authenticated.execute; overload signature not present in remote CSV.,Use signature-aware read-only evidence before final grant equivalence.
function_grant,public,admin_listar_logs,postgres.execute,present,present,PARTIALLY_VERIFIED,warning,20260716090000_baseline_aruka_v1.sql,routine_name-only grant match for postgres.execute; overload signature not present in remote CSV.,Use signature-aware read-only evidence before final grant equivalence.
function_grant,public,admin_listar_logs,service_role.execute,present,present,PARTIALLY_VERIFIED,warning,20260716090000_baseline_aruka_v1.sql,routine_name-only grant match for service_role.execute; overload signature not present in remote CSV.,Use signature-aware read-only evidence before final grant equivalence.
function_grant,public,admin_listar_usuarios,authenticated.execute,present,present,PARTIALLY_VERIFIED,warning,20260716090000_baseline_aruka_v1.sql,routine_name-only grant match for authenticated.execute; overload signature not present in remote CSV.,Use signature-aware read-only evidence before final grant equivalence.
function_grant,public,admin_listar_usuarios,postgres.execute,present,present,PARTIALLY_VERIFIED,warning,20260716090000_baseline_aruka_v1.sql,routine_name-only grant match for postgres.execute; overload signature not present in remote CSV.,Use signature-aware read-only evidence before final grant equivalence.
function_grant,public,admin_listar_usuarios,service_role.execute,present,present,PARTIALLY_VERIFIED,warning,20260716090000_baseline_aruka_v1.sql,routine_name-only grant match for service_role.execute; overload signature not present in remote CSV.,Use signature-aware read-only evidence before final grant equivalence.
function_grant,public,admin_registrar_log,authenticated.execute,present,absent,LOCAL_ONLY,critical,20260716090000_baseline_aruka_v1.sql,"Function grant exists locally but not in remote evidence. CSV lacks function arguments/specific_name, so overload match is partial.",Do not repair as applied until grants are reconciled.
function_grant,public,admin_registrar_log,postgres.execute,present,present,PARTIALLY_VERIFIED,warning,20260716090000_baseline_aruka_v1.sql,routine_name-only grant match for postgres.execute; overload signature not present in remote CSV.,Use signature-aware read-only evidence before final grant equivalence.
function_grant,public,admin_registrar_log,service_role.execute,present,present,PARTIALLY_VERIFIED,warning,20260716090000_baseline_aruka_v1.sql,routine_name-only grant match for service_role.execute; overload signature not present in remote CSV.,Use signature-aware read-only evidence before final grant equivalence.
function_grant,public,admin_upsert_assinatura,authenticated.execute,present,present,PARTIALLY_VERIFIED,warning,20260716090000_baseline_aruka_v1.sql,routine_name-only grant match for authenticated.execute; overload signature not present in remote CSV.,Use signature-aware read-only evidence before final grant equivalence.
function_grant,public,admin_upsert_assinatura,postgres.execute,present,present,PARTIALLY_VERIFIED,warning,20260716090000_baseline_aruka_v1.sql,routine_name-only grant match for postgres.execute; overload signature not present in remote CSV.,Use signature-aware read-only evidence before final grant equivalence.
function_grant,public,admin_upsert_assinatura,service_role.execute,present,present,PARTIALLY_VERIFIED,warning,20260716090000_baseline_aruka_v1.sql,routine_name-only grant match for service_role.execute; overload signature not present in remote CSV.,Use signature-aware read-only evidence before final grant equivalence.
function_grant,public,admin_validar_acesso,authenticated.execute,present,absent,LOCAL_ONLY,critical,20260716090000_baseline_aruka_v1.sql,"Function grant exists locally but not in remote evidence. CSV lacks function arguments/specific_name, so overload match is partial.",Do not repair as applied until grants are reconciled.
function_grant,public,admin_validar_acesso,postgres.execute,present,present,PARTIALLY_VERIFIED,warning,20260716090000_baseline_aruka_v1.sql,routine_name-only grant match for postgres.execute; overload signature not present in remote CSV.,Use signature-aware read-only evidence before final grant equivalence.
function_grant,public,admin_validar_acesso,service_role.execute,present,present,PARTIALLY_VERIFIED,warning,20260716090000_baseline_aruka_v1.sql,routine_name-only grant match for service_role.execute; overload signature not present in remote CSV.,Use signature-aware read-only evidence before final grant equivalence.
function_grant,public,alterar_estado_treino,anon.execute,absent,present,REMOTE_ONLY,critical,20260728030000_workout_delivery_integration_v1.sql,"Function grant exists only in remote evidence. CSV lacks function arguments/specific_name, so overload match is partial.",Review function grants with signature-aware evidence before repair.
function_grant,public,alterar_estado_treino,authenticated.execute,present,present,PARTIALLY_VERIFIED,warning,20260728030000_workout_delivery_integration_v1.sql,routine_name-only grant match for authenticated.execute; overload signature not present in remote CSV.,Use signature-aware read-only evidence before final grant equivalence.
function_grant,public,alterar_estado_treino,postgres.execute,present,present,PARTIALLY_VERIFIED,warning,20260728030000_workout_delivery_integration_v1.sql,routine_name-only grant match for postgres.execute; overload signature not present in remote CSV.,Use signature-aware read-only evidence before final grant equivalence.
function_grant,public,alterar_estado_treino,service_role.execute,absent,present,REMOTE_ONLY,warning,20260728030000_workout_delivery_integration_v1.sql,"Function grant exists only in remote evidence. CSV lacks function arguments/specific_name, so overload match is partial.",Review function grants with signature-aware evidence before repair.
function_grant,public,aoe_idempotency_get_or_create,anon.execute,absent,present,REMOTE_ONLY,critical,20260716090000_baseline_aruka_v1.sql,"Function grant exists only in remote evidence. CSV lacks function arguments/specific_name, so overload match is partial.",Review function grants with signature-aware evidence before repair.
function_grant,public,aoe_idempotency_get_or_create,authenticated.execute,present,present,PARTIALLY_VERIFIED,warning,20260716090000_baseline_aruka_v1.sql,routine_name-only grant match for authenticated.execute; overload signature not present in remote CSV.,Use signature-aware read-only evidence before final grant equivalence.
function_grant,public,aoe_idempotency_get_or_create,postgres.execute,present,present,PARTIALLY_VERIFIED,warning,20260716090000_baseline_aruka_v1.sql,routine_name-only grant match for postgres.execute; overload signature not present in remote CSV.,Use signature-aware read-only evidence before final grant equivalence.
function_grant,public,aoe_idempotency_get_or_create,service_role.execute,present,present,PARTIALLY_VERIFIED,warning,20260716090000_baseline_aruka_v1.sql,routine_name-only grant match for service_role.execute; overload signature not present in remote CSV.,Use signature-aware read-only evidence before final grant equivalence.
function_grant,public,aoe_user_owns_student,anon.execute,absent,present,REMOTE_ONLY,critical,20260716090000_baseline_aruka_v1.sql,"Function grant exists only in remote evidence. CSV lacks function arguments/specific_name, so overload match is partial.",Review function grants with signature-aware evidence before repair.
function_grant,public,aoe_user_owns_student,authenticated.execute,present,present,PARTIALLY_VERIFIED,warning,20260716090000_baseline_aruka_v1.sql,routine_name-only grant match for authenticated.execute; overload signature not present in remote CSV.,Use signature-aware read-only evidence before final grant equivalence.
function_grant,public,aoe_user_owns_student,postgres.execute,present,present,PARTIALLY_VERIFIED,warning,20260716090000_baseline_aruka_v1.sql,routine_name-only grant match for postgres.execute; overload signature not present in remote CSV.,Use signature-aware read-only evidence before final grant equivalence.
function_grant,public,aoe_user_owns_student,service_role.execute,present,present,PARTIALLY_VERIFIED,warning,20260716090000_baseline_aruka_v1.sql,routine_name-only grant match for service_role.execute; overload signature not present in remote CSV.,Use signature-aware read-only evidence before final grant equivalence.
function_grant,public,desvincular_aluno_usuario,authenticated.execute,present,absent,LOCAL_ONLY,critical,20260730090000_student_identity_contract.sql,"Function grant exists locally but not in remote evidence. CSV lacks function arguments/specific_name, so overload match is partial.",Do not repair as applied until grants are reconciled.
function_grant,public,desvincular_aluno_usuario,postgres.execute,present,absent,LOCAL_ONLY,critical,20260730090000_student_identity_contract.sql,"Function grant exists locally but not in remote evidence. CSV lacks function arguments/specific_name, so overload match is partial.",Do not repair as applied until grants are reconciled.
function_grant,public,entregar_treino,anon.execute,absent,present,REMOTE_ONLY,critical,20260728030000_workout_delivery_integration_v1.sql,"Function grant exists only in remote evidence. CSV lacks function arguments/specific_name, so overload match is partial.",Review function grants with signature-aware evidence before repair.
function_grant,public,entregar_treino,authenticated.execute,present,present,PARTIALLY_VERIFIED,warning,20260728030000_workout_delivery_integration_v1.sql,routine_name-only grant match for authenticated.execute; overload signature not present in remote CSV.,Use signature-aware read-only evidence before final grant equivalence.
function_grant,public,entregar_treino,postgres.execute,present,present,PARTIALLY_VERIFIED,warning,20260728030000_workout_delivery_integration_v1.sql,routine_name-only grant match for postgres.execute; overload signature not present in remote CSV.,Use signature-aware read-only evidence before final grant equivalence.
function_grant,public,entregar_treino,service_role.execute,absent,present,REMOTE_ONLY,warning,20260728030000_workout_delivery_integration_v1.sql,"Function grant exists only in remote evidence. CSV lacks function arguments/specific_name, so overload match is partial.",Review function grants with signature-aware evidence before repair.
function_grant,public,get_my_student_workouts,authenticated.execute,present,absent,LOCAL_ONLY,critical,20260730090000_student_identity_contract.sql,"Function grant exists locally but not in remote evidence. CSV lacks function arguments/specific_name, so overload match is partial.",Do not repair as applied until grants are reconciled.
function_grant,public,get_my_student_workouts,postgres.execute,present,absent,LOCAL_ONLY,critical,20260730090000_student_identity_contract.sql,"Function grant exists locally but not in remote evidence. CSV lacks function arguments/specific_name, so overload match is partial.",Do not repair as applied until grants are reconciled.
function_grant,public,processar_encerramento_automatico_aluno,postgres.execute,present,present,PARTIALLY_VERIFIED,warning,20260716090000_baseline_aruka_v1.sql,routine_name-only grant match for postgres.execute; overload signature not present in remote CSV.,Use signature-aware read-only evidence before final grant equivalence.
function_grant,public,processar_encerramento_automatico_aluno,service_role.execute,present,present,PARTIALLY_VERIFIED,warning,20260716090000_baseline_aruka_v1.sql,routine_name-only grant match for service_role.execute; overload signature not present in remote CSV.,Use signature-aware read-only evidence before final grant equivalence.
function_grant,public,salvar_treino_composto,anon.execute,absent,present,REMOTE_ONLY,critical,20260728030000_workout_delivery_integration_v1.sql,"Function grant exists only in remote evidence. CSV lacks function arguments/specific_name, so overload match is partial.",Review function grants with signature-aware evidence before repair.
function_grant,public,salvar_treino_composto,authenticated.execute,present,present,PARTIALLY_VERIFIED,warning,20260728030000_workout_delivery_integration_v1.sql,routine_name-only grant match for authenticated.execute; overload signature not present in remote CSV.,Use signature-aware read-only evidence before final grant equivalence.
function_grant,public,salvar_treino_composto,postgres.execute,present,present,PARTIALLY_VERIFIED,warning,20260728030000_workout_delivery_integration_v1.sql,routine_name-only grant match for postgres.execute; overload signature not present in remote CSV.,Use signature-aware read-only evidence before final grant equivalence.
function_grant,public,salvar_treino_composto,service_role.execute,absent,present,REMOTE_ONLY,warning,20260728030000_workout_delivery_integration_v1.sql,"Function grant exists only in remote evidence. CSV lacks function arguments/specific_name, so overload match is partial.",Review function grants with signature-aware evidence before repair.
function_grant,public,set_workout_templates_updated_at,anon.execute,absent,present,REMOTE_ONLY,critical,20260716090000_baseline_aruka_v1.sql,"Function grant exists only in remote evidence. CSV lacks function arguments/specific_name, so overload match is partial.",Review function grants with signature-aware evidence before repair.
function_grant,public,set_workout_templates_updated_at,authenticated.execute,absent,present,REMOTE_ONLY,warning,20260716090000_baseline_aruka_v1.sql,"Function grant exists only in remote evidence. CSV lacks function arguments/specific_name, so overload match is partial.",Review function grants with signature-aware evidence before repair.
function_grant,public,set_workout_templates_updated_at,postgres.execute,present,present,PARTIALLY_VERIFIED,warning,20260716090000_baseline_aruka_v1.sql,routine_name-only grant match for postgres.execute; overload signature not present in remote CSV.,Use signature-aware read-only evidence before final grant equivalence.
function_grant,public,set_workout_templates_updated_at,public.execute,absent,present,REMOTE_ONLY,critical,20260716090000_baseline_aruka_v1.sql,"Function grant exists only in remote evidence. CSV lacks function arguments/specific_name, so overload match is partial.",Review function grants with signature-aware evidence before repair.
function_grant,public,set_workout_templates_updated_at,service_role.execute,present,present,PARTIALLY_VERIFIED,warning,20260716090000_baseline_aruka_v1.sql,routine_name-only grant match for service_role.execute; overload signature not present in remote CSV.,Use signature-aware read-only evidence before final grant equivalence.
function_grant,public,vincular_aluno_usuario,authenticated.execute,present,absent,LOCAL_ONLY,critical,20260730090000_student_identity_contract.sql,"Function grant exists locally but not in remote evidence. CSV lacks function arguments/specific_name, so overload match is partial.",Do not repair as applied until grants are reconciled.
function_grant,public,vincular_aluno_usuario,postgres.execute,present,absent,LOCAL_ONLY,critical,20260730090000_student_identity_contract.sql,"Function grant exists locally but not in remote evidence. CSV lacks function arguments/specific_name, so overload match is partial.",Do not repair as applied until grants are reconciled.
function,public,admin_atualizar_perfil,"p_user_id uuid, p_nome text, p_role text, p_tipo_acesso text, p_status text",absent,present,REMOTE_OVERLOAD_ONLY,critical,20260716090000_baseline_aruka_v1.sql,Object exists only in remote evidence.,Review as remote drift before any repair.
function,public,admin_atualizar_perfil,"p_user_id uuid, p_nome text, p_role text, p_tipo_acesso text, p_status text, p_user_agent text",present,present,EQUIVALENT,info,return_type: local_raw=void remote_raw=void local_norm=void remote_norm=void local_hash=7c9faa57 remote_hash=7c9faa57; security_definer: local_raw=true remote_raw=true local_norm=true remote_norm=true local_hash=7c9e9fe5 remote_hash=7c9e9fe5; volatility: local_raw=VOLATILE remote_raw=v local_norm=VOLATILE remote_norm=VOLATILE local_hash=51192625 remote_hash=51192625; definition: local_raw=[len 2013 hash 29ce0c29] remote_raw=[len 2199 hash ac7e2c87] local_norm=[len 1786 hash bb735076] remote_norm=[len 1786 hash bb735076] local_hash=bb735076 remote_hash=bb735076,No action.,20260716090000_baseline_aruka_v1.sql
function,public,admin_bloquear_usuario,p_user_id uuid,absent,present,REMOTE_OVERLOAD_ONLY,critical,20260716090000_baseline_aruka_v1.sql,Object exists only in remote evidence.,Review as remote drift before any repair.
function,public,admin_bloquear_usuario,"p_user_id uuid, p_user_agent text",present,present,EQUIVALENT,info,return_type: local_raw=void remote_raw=void local_norm=void remote_norm=void local_hash=7c9faa57 remote_hash=7c9faa57; security_definer: local_raw=true remote_raw=true local_norm=true remote_norm=true local_hash=7c9e9fe5 remote_hash=7c9e9fe5; volatility: local_raw=VOLATILE remote_raw=v local_norm=VOLATILE remote_norm=VOLATILE local_hash=51192625 remote_hash=51192625; definition: local_raw=[len 1199 hash e79f8cba] remote_raw=[len 1360 hash d0a04033] local_norm=[len 1025 hash 4a00e925] remote_norm=[len 1025 hash 4a00e925] local_hash=4a00e925 remote_hash=4a00e925,No action.,20260716090000_baseline_aruka_v1.sql
function,public,admin_eh_admin,,present,present,EQUIVALENT,info,return_type: local_raw=boolean remote_raw=boolean local_norm=bool remote_norm=bool local_hash=7c94b391 remote_hash=7c94b391; security_definer: local_raw=true remote_raw=true local_norm=true remote_norm=true local_hash=7c9e9fe5 remote_hash=7c9e9fe5; volatility: local_raw=VOLATILE remote_raw=v local_norm=VOLATILE remote_norm=VOLATILE local_hash=51192625 remote_hash=51192625; definition: local_raw=[len 351 hash 98003883] remote_raw=[len 359 hash 1c120eab] local_norm=[len 254 hash ce68e804] remote_norm=[len 254 hash ce68e804] local_hash=ce68e804 remote_hash=ce68e804,No action.,20260716090000_baseline_aruka_v1.sql
function,public,admin_liberar_assinante,"p_user_id uuid, p_plano text, p_data_inicio date, p_data_vencimento date",absent,present,REMOTE_OVERLOAD_ONLY,critical,20260716090000_baseline_aruka_v1.sql,Object exists only in remote evidence.,Review as remote drift before any repair.
function,public,admin_liberar_assinante,"p_user_id uuid, p_plano text, p_data_inicio date, p_data_vencimento date, p_user_agent text",present,present,EQUIVALENT,info,return_type: local_raw=void remote_raw=void local_norm=void remote_norm=void local_hash=7c9faa57 remote_hash=7c9faa57; security_definer: local_raw=true remote_raw=true local_norm=true remote_norm=true local_hash=7c9e9fe5 remote_hash=7c9e9fe5; volatility: local_raw=VOLATILE remote_raw=v local_norm=VOLATILE remote_norm=VOLATILE local_hash=51192625 remote_hash=51192625; definition: local_raw=[len 1601 hash c3ae66ab] remote_raw=[len 1781 hash b4205674] local_norm=[len 1380 hash 3443b64c] remote_norm=[len 1380 hash 3443b64c] local_hash=3443b64c remote_hash=3443b64c,No action.,20260716090000_baseline_aruka_v1.sql
function,public,admin_liberar_beta,p_user_id uuid,absent,present,REMOTE_OVERLOAD_ONLY,critical,20260716090000_baseline_aruka_v1.sql,Object exists only in remote evidence.,Review as remote drift before any repair.
function,public,admin_liberar_beta,"p_user_id uuid, p_user_agent text",present,present,EQUIVALENT,info,return_type: local_raw=void remote_raw=void local_norm=void remote_norm=void local_hash=7c9faa57 remote_hash=7c9faa57; security_definer: local_raw=true remote_raw=true local_norm=true remote_norm=true local_hash=7c9e9fe5 remote_hash=7c9e9fe5; volatility: local_raw=VOLATILE remote_raw=v local_norm=VOLATILE remote_norm=VOLATILE local_hash=51192625 remote_hash=51192625; definition: local_raw=[len 1149 hash f35211f2] remote_raw=[len 1305 hash 31e6f144] local_norm=[len 978 hash 1f49ac1b] remote_norm=[len 978 hash 1f49ac1b] local_hash=1f49ac1b remote_hash=1f49ac1b,No action.,20260716090000_baseline_aruka_v1.sql
function,public,admin_listar_logs,"p_acao text, p_target_user_id uuid, p_data_inicio date, p_data_fim date, p_busca text",present,present,BODY_DIFFERENT,critical,return_type: local_raw=[len 277 hash 33ef26b] remote_raw=[len 277 hash 33ef26b] local_norm=[len 277 hash 8ee55b0b] remote_norm=[len 277 hash 8ee55b0b] local_hash=8ee55b0b remote_hash=8ee55b0b; security_definer: local_raw=true remote_raw=true local_norm=true remote_norm=true local_hash=7c9e9fe5 remote_hash=7c9e9fe5; volatility: local_raw=VOLATILE remote_raw=v local_norm=VOLATILE remote_norm=VOLATILE local_hash=51192625 remote_hash=51192625; definition: local_raw=[len 2217 hash 47c274e1] remote_raw=[len 2597 hash b99c082e] local_norm=[len 1924 hash 3ec521db] remote_norm=[len 2197 hash 9275210f] local_hash=3ec521db remote_hash=9275210f,Function body normalized hash differs.,20260716090000_baseline_aruka_v1.sql
function,public,admin_listar_usuarios,,present,present,BODY_DIFFERENT,critical,return_type: local_raw=[len 208 hash 80b7f47b] remote_raw=[len 208 hash 80b7f47b] local_norm=[len 208 hash 201d791b] remote_norm=[len 208 hash 201d791b] local_hash=201d791b remote_hash=201d791b; security_definer: local_raw=true remote_raw=true local_norm=true remote_norm=true local_hash=7c9e9fe5 remote_hash=7c9e9fe5; volatility: local_raw=VOLATILE remote_raw=v local_norm=VOLATILE remote_norm=VOLATILE local_hash=51192625 remote_hash=51192625; definition: local_raw=[len 1267 hash bd75ea6d] remote_raw=[len 1393 hash 56b4a32d] local_norm=[len 1069 hash bf16df8] remote_norm=[len 1163 hash eafadef8] local_hash=bf16df8 remote_hash=eafadef8,Function body normalized hash differs.,20260716090000_baseline_aruka_v1.sql
function,public,admin_registrar_log,"p_target_user_id uuid, p_acao text, p_entidade text, p_entidade_id uuid, p_dados_anteriores jsonb, p_dados_novos jsonb, p_user_agent text",present,present,BODY_DIFFERENT,critical,return_type: local_raw=uuid remote_raw=uuid local_norm=uuid remote_norm=uuid local_hash=7c9f377c remote_hash=7c9f377c; security_definer: local_raw=true remote_raw=true local_norm=true remote_norm=true local_hash=7c9e9fe5 remote_hash=7c9e9fe5; volatility: local_raw=VOLATILE remote_raw=v local_norm=VOLATILE remote_norm=VOLATILE local_hash=51192625 remote_hash=51192625; definition: local_raw=[len 894 hash 53a972a5] remote_raw=[len 1179 hash ac3b769d] local_norm=[len 698 hash 87baeeed] remote_norm=[len 911 hash 35b86b07] local_hash=87baeeed remote_hash=35b86b07,Function body normalized hash differs.,20260716090000_baseline_aruka_v1.sql
function,public,admin_upsert_assinatura,"p_user_id uuid, p_plano text, p_status text, p_data_inicio date, p_data_vencimento date",absent,present,REMOTE_OVERLOAD_ONLY,critical,20260716090000_baseline_aruka_v1.sql,Object exists only in remote evidence.,Review as remote drift before any repair.
function,public,admin_upsert_assinatura,"p_user_id uuid, p_plano text, p_status text, p_data_inicio date, p_data_vencimento date, p_user_agent text",present,present,BODY_DIFFERENT,critical,return_type: local_raw=void remote_raw=void local_norm=void remote_norm=void local_hash=7c9faa57 remote_hash=7c9faa57; security_definer: local_raw=true remote_raw=true local_norm=true remote_norm=true local_hash=7c9e9fe5 remote_hash=7c9e9fe5; volatility: local_raw=VOLATILE remote_raw=v local_norm=VOLATILE remote_norm=VOLATILE local_hash=51192625 remote_hash=51192625; definition: local_raw=[len 1831 hash de03914e] remote_raw=[len 2023 hash c9c60e05] local_norm=[len 1609 hash ef3f521a] remote_norm=[len 1621 hash 601807d6] local_hash=ef3f521a remote_hash=601807d6,Function body normalized hash differs.,20260716090000_baseline_aruka_v1.sql
function,public,admin_validar_acesso,,present,present,EQUIVALENT,info,return_type: local_raw=void remote_raw=void local_norm=void remote_norm=void local_hash=7c9faa57 remote_hash=7c9faa57; security_definer: local_raw=true remote_raw=true local_norm=true remote_norm=true local_hash=7c9e9fe5 remote_hash=7c9e9fe5; volatility: local_raw=VOLATILE remote_raw=v local_norm=VOLATILE remote_norm=VOLATILE local_hash=51192625 remote_hash=51192625; definition: local_raw=[len 297 hash 4b8ab56] remote_raw=[len 303 hash 7664d884] local_norm=[len 218 hash ee4c69f8] remote_norm=[len 218 hash ee4c69f8] local_hash=ee4c69f8 remote_hash=ee4c69f8,No action.,20260716090000_baseline_aruka_v1.sql
function,public,alterar_estado_treino,"p_treino_id uuid, p_lifecycle_status text",present,present,EQUIVALENT,info,return_type: local_raw=jsonb remote_raw=jsonb local_norm=jsonb remote_norm=jsonb local_hash=fbe1be1 remote_hash=fbe1be1; security_definer: local_raw=true remote_raw=true local_norm=true remote_norm=true local_hash=7c9e9fe5 remote_hash=7c9e9fe5; volatility: local_raw=VOLATILE remote_raw=v local_norm=VOLATILE remote_norm=VOLATILE local_hash=51192625 remote_hash=51192625; definition: local_raw=[len 2485 hash 2e2335e1] remote_raw=[len 2541 hash 13da0b39] local_norm=[len 2255 hash 3fad36eb] remote_norm=[len 2255 hash 3fad36eb] local_hash=3fad36eb remote_hash=3fad36eb,No action.,20260728030000_workout_delivery_integration_v1.sql
function,public,aoe_idempotency_get_or_create,"p_id text, p_actor_id uuid, p_organization_id uuid, p_operation text, p_idempotency_key text, p_request_fingerprint text",present,present,BODY_DIFFERENT,critical,return_type: local_raw=jsonb remote_raw=jsonb local_norm=jsonb remote_norm=jsonb local_hash=fbe1be1 remote_hash=fbe1be1; security_definer: local_raw=true remote_raw=true local_norm=true remote_norm=true local_hash=7c9e9fe5 remote_hash=7c9e9fe5; volatility: local_raw=VOLATILE remote_raw=v local_norm=VOLATILE remote_norm=VOLATILE local_hash=51192625 remote_hash=51192625; definition: local_raw=[len 1087 hash 28872e48] remote_raw=[len 950 hash 2f57b34e] local_norm=[len 961 hash d608c583] remote_norm=[len 802 hash 3c58f6f8] local_hash=d608c583 remote_hash=3c58f6f8,Function body normalized hash differs.,20260716090000_baseline_aruka_v1.sql
function,public,aoe_user_owns_student,p_student_id uuid,present,present,EQUIVALENT,info,return_type: local_raw=boolean remote_raw=boolean local_norm=bool remote_norm=bool local_hash=7c94b391 remote_hash=7c94b391; security_definer: local_raw=true remote_raw=true local_norm=true remote_norm=true local_hash=7c9e9fe5 remote_hash=7c9e9fe5; volatility: local_raw=VOLATILE remote_raw=v local_norm=VOLATILE remote_norm=VOLATILE local_hash=51192625 remote_hash=51192625; definition: local_raw=[len 310 hash eb3c0783] remote_raw=[len 312 hash d5a63627] local_norm=[len 219 hash 7f60ecae] remote_norm=[len 219 hash 7f60ecae] local_hash=7f60ecae remote_hash=7f60ecae,No action.,20260716090000_baseline_aruka_v1.sql
function,public,desvincular_aluno_usuario,p_aluno_id uuid,present,absent,LOCAL_OVERLOAD_ONLY,critical,20260730090000_student_identity_contract.sql,Object exists locally but not in remote evidence.,Do not repair this migration as applied until reconciled.
function,public,entregar_treino,p_treino_id uuid,present,present,EQUIVALENT,info,return_type: local_raw=jsonb remote_raw=jsonb local_norm=jsonb remote_norm=jsonb local_hash=fbe1be1 remote_hash=fbe1be1; security_definer: local_raw=true remote_raw=true local_norm=true remote_norm=true local_hash=7c9e9fe5 remote_hash=7c9e9fe5; volatility: local_raw=VOLATILE remote_raw=v local_norm=VOLATILE remote_norm=VOLATILE local_hash=51192625 remote_hash=51192625; definition: local_raw=[len 2095 hash 78a084e0] remote_raw=[len 2144 hash 3414829d] local_norm=[len 1838 hash a1c5bc9] remote_norm=[len 1838 hash a1c5bc9] local_hash=a1c5bc9 remote_hash=a1c5bc9,No action.,20260728030000_workout_delivery_integration_v1.sql
function,public,get_my_student_workouts,,present,absent,LOCAL_OVERLOAD_ONLY,critical,20260730090000_student_identity_contract.sql,Object exists locally but not in remote evidence.,Do not repair this migration as applied until reconciled.
function,public,processar_encerramento_automatico_aluno,"p_user_id uuid, p_aluno_id uuid, p_vencimento date, p_ocorrido_em date, p_event_key text, p_plano_id uuid, p_plano_nome text, p_dias_apos_vencimento integer, p_status_anterior text",present,present,EQUIVALENT,info,return_type: local_raw=jsonb remote_raw=jsonb local_norm=jsonb remote_norm=jsonb local_hash=fbe1be1 remote_hash=fbe1be1; security_definer: local_raw=true remote_raw=true local_norm=true remote_norm=true local_hash=7c9e9fe5 remote_hash=7c9e9fe5; volatility: local_raw=VOLATILE remote_raw=v local_norm=VOLATILE remote_norm=VOLATILE local_hash=51192625 remote_hash=51192625; definition: local_raw=[len 2608 hash 3e2e8daa] remote_raw=[len 2941 hash a3741945] local_norm=[len 2344 hash a9dcd0f5] remote_norm=[len 2344 hash a9dcd0f5] local_hash=a9dcd0f5 remote_hash=a9dcd0f5,No action.,20260716090000_baseline_aruka_v1.sql
function,public,salvar_treino_composto,p_treino jsonb,present,present,EQUIVALENT,info,return_type: local_raw=jsonb remote_raw=jsonb local_norm=jsonb remote_norm=jsonb local_hash=fbe1be1 remote_hash=fbe1be1; security_definer: local_raw=true remote_raw=true local_norm=true remote_norm=true local_hash=7c9e9fe5 remote_hash=7c9e9fe5; volatility: local_raw=VOLATILE remote_raw=v local_norm=VOLATILE remote_norm=VOLATILE local_hash=51192625 remote_hash=51192625; definition: local_raw=[len 8949 hash 7e53329a] remote_raw=[len 9165 hash 619b3fb2] local_norm=[len 7785 hash 987ccc5c] remote_norm=[len 7785 hash 987ccc5c] local_hash=987ccc5c remote_hash=987ccc5c,No action.,20260728030000_workout_delivery_integration_v1.sql
function,public,set_workout_templates_updated_at,,present,present,BODY_DIFFERENT,critical,return_type: local_raw=trigger remote_raw=trigger local_norm=trigger remote_norm=trigger local_hash=f6b58819 remote_hash=f6b58819; security_definer: local_raw=false remote_raw=false local_norm=false remote_norm=false local_hash=f6bcef0 remote_hash=f6bcef0; volatility: local_raw=VOLATILE remote_raw=v local_norm=VOLATILE remote_norm=VOLATILE local_hash=51192625 remote_hash=51192625; definition: local_raw=[len 209 hash 3079dcd4] remote_raw=[len 185 hash 6fa132d] local_norm=function set_workout_templates_updated_at() returns trigger  set search_path to 'public' as $ begin new.updated_at = now(); return new; end; $ remote_norm=function set_workout_templates_updated_at() returns trigger  as $ begin new.updated_at = now(); return new; end; $ local_hash=22ec5017 remote_hash=b0e0fcd9,Function body normalized hash differs.,20260716090000_baseline_aruka_v1.sql
function,public,vincular_aluno_usuario,"p_aluno_id uuid, p_student_user_id uuid",present,absent,LOCAL_OVERLOAD_ONLY,critical,20260730090000_student_identity_contract.sql,Object exists locally but not in remote evidence.,Do not repair this migration as applied until reconciled.
index,public,aceites_legais,aceites_legais_aceito_em_idx,present,present,EQUIVALENT,info,indexdef: local_raw=CREATE INDEX aceites_legais_aceito_em_idx ON public.aceites_legais USING btree (aceito_em) remote_raw=CREATE INDEX aceites_legais_aceito_em_idx ON public.aceites_legais USING btree (aceito_em) local_norm=create index aceites_legais_aceito_em_idx on aceites_legais using btree (aceito_em) remote_norm=create index aceites_legais_aceito_em_idx on aceites_legais using btree (aceito_em) local_hash=2ac3a2ca remote_hash=2ac3a2ca,No action.,20260716090000_baseline_aruka_v1.sql
index,public,aceites_legais,aceites_legais_pkey,present,present,EQUIVALENT,info,indexdef: local_raw=CREATE UNIQUE INDEX aceites_legais_pkey ON public.aceites_legais USING btree (id) remote_raw=CREATE UNIQUE INDEX aceites_legais_pkey ON public.aceites_legais USING btree (id) local_norm=create unique index aceites_legais_pkey on aceites_legais using btree (id) remote_norm=create unique index aceites_legais_pkey on aceites_legais using btree (id) local_hash=5224b677 remote_hash=5224b677,No action.,20260716090000_baseline_aruka_v1.sql
index,public,aceites_legais,aceites_legais_user_id_idx,present,present,EQUIVALENT,info,indexdef: local_raw=CREATE INDEX aceites_legais_user_id_idx ON public.aceites_legais USING btree (user_id) remote_raw=CREATE INDEX aceites_legais_user_id_idx ON public.aceites_legais USING btree (user_id) local_norm=create index aceites_legais_user_id_idx on aceites_legais using btree (user_id) remote_norm=create index aceites_legais_user_id_idx on aceites_legais using btree (user_id) local_hash=4a8f03b4 remote_hash=4a8f03b4,No action.,20260716090000_baseline_aruka_v1.sql
index,public,aceites_legais,aceites_legais_versao_unica,present,present,EQUIVALENT,info,"indexdef: local_raw=CREATE UNIQUE INDEX aceites_legais_versao_unica ON public.aceites_legais USING btree (user_id, politica_versao, termos_versao) remote_raw=CREATE UNIQUE INDEX aceites_legais_versao_unica ON public.aceites_legais USING btree (user_id, politica_versao, termos_versao) local_norm=create unique index aceites_legais_versao_unica on aceites_legais using btree (user_id, politica_versao, termos_versao) remote_norm=create unique index aceites_legais_versao_unica on aceites_legais using btree (user_id, politica_versao, termos_versao) local_hash=ee1785c0 remote_hash=ee1785c0",No action.,20260716090000_baseline_aruka_v1.sql
index,public,aceites_legais,aceites_legais_versoes_idx,present,present,EQUIVALENT,info,"indexdef: local_raw=CREATE INDEX aceites_legais_versoes_idx ON public.aceites_legais USING btree (politica_versao, termos_versao) remote_raw=CREATE INDEX aceites_legais_versoes_idx ON public.aceites_legais USING btree (politica_versao, termos_versao) local_norm=create index aceites_legais_versoes_idx on aceites_legais using btree (politica_versao, termos_versao) remote_norm=create index aceites_legais_versoes_idx on aceites_legais using btree (politica_versao, termos_versao) local_hash=fa5e57fe remote_hash=fa5e57fe",No action.,20260716090000_baseline_aruka_v1.sql
index,public,acompanhamento_eventos,acompanhamento_eventos_aluno_id_idx,present,present,EQUIVALENT,info,indexdef: local_raw=CREATE INDEX acompanhamento_eventos_aluno_id_idx ON public.acompanhamento_eventos USING btree (aluno_id) remote_raw=CREATE INDEX acompanhamento_eventos_aluno_id_idx ON public.acompanhamento_eventos USING btree (aluno_id) local_norm=create index acompanhamento_eventos_aluno_id_idx on acompanhamento_eventos using btree (aluno_id) remote_norm=create index acompanhamento_eventos_aluno_id_idx on acompanhamento_eventos using btree (aluno_id) local_hash=6f9cdd6c remote_hash=6f9cdd6c,No action.,20260716090000_baseline_aruka_v1.sql
index,public,acompanhamento_eventos,acompanhamento_eventos_ocorrido_em_idx,present,present,EQUIVALENT,info,indexdef: local_raw=CREATE INDEX acompanhamento_eventos_ocorrido_em_idx ON public.acompanhamento_eventos USING btree (ocorrido_em DESC) remote_raw=CREATE INDEX acompanhamento_eventos_ocorrido_em_idx ON public.acompanhamento_eventos USING btree (ocorrido_em DESC) local_norm=create index acompanhamento_eventos_ocorrido_em_idx on acompanhamento_eventos using btree (ocorrido_em desc) remote_norm=create index acompanhamento_eventos_ocorrido_em_idx on acompanhamento_eventos using btree (ocorrido_em desc) local_hash=7e991679 remote_hash=7e991679,No action.,20260716090000_baseline_aruka_v1.sql
index,public,acompanhamento_eventos,acompanhamento_eventos_pkey,present,present,EQUIVALENT,info,indexdef: local_raw=CREATE UNIQUE INDEX acompanhamento_eventos_pkey ON public.acompanhamento_eventos USING btree (id) remote_raw=CREATE UNIQUE INDEX acompanhamento_eventos_pkey ON public.acompanhamento_eventos USING btree (id) local_norm=create unique index acompanhamento_eventos_pkey on acompanhamento_eventos using btree (id) remote_norm=create unique index acompanhamento_eventos_pkey on acompanhamento_eventos using btree (id) local_hash=91dcd7af remote_hash=91dcd7af,No action.,20260716090000_baseline_aruka_v1.sql
index,public,acompanhamento_eventos,acompanhamento_eventos_user_aluno_ocorrido_idx,present,present,EQUIVALENT,info,"indexdef: local_raw=CREATE INDEX acompanhamento_eventos_user_aluno_ocorrido_idx ON public.acompanhamento_eventos USING btree (user_id, aluno_id, ocorrido_em DESC) remote_raw=CREATE INDEX acompanhamento_eventos_user_aluno_ocorrido_idx ON public.acompanhamento_eventos USING btree (user_id, aluno_id, ocorrido_em DESC) local_norm=create index acompanhamento_eventos_user_aluno_ocorrido_idx on acompanhamento_eventos using btree (user_id, aluno_id, ocorrido_em desc) remote_norm=create index acompanhamento_eventos_user_aluno_ocorrido_idx on acompanhamento_eventos using btree (user_id, aluno_id, ocorrido_em desc) local_hash=a6562252 remote_hash=a6562252",No action.,20260716090000_baseline_aruka_v1.sql
index,public,acompanhamento_eventos,acompanhamento_eventos_user_event_key_uidx,present,present,EQUIVALENT,info,"indexdef: local_raw=CREATE UNIQUE INDEX acompanhamento_eventos_user_event_key_uidx ON public.acompanhamento_eventos USING btree (user_id, event_key) WHERE (event_key IS NOT NULL) remote_raw=CREATE UNIQUE INDEX acompanhamento_eventos_user_event_key_uidx ON public.acompanhamento_eventos USING btree (user_id, event_key) WHERE (event_key IS NOT NULL) local_norm=create unique index acompanhamento_eventos_user_event_key_uidx on acompanhamento_eventos using btree (user_id, event_key) where (event_key is not null) remote_norm=create unique index acompanhamento_eventos_user_event_key_uidx on acompanhamento_eventos using btree (user_id, event_key) where (event_key is not null) local_hash=f05d7289 remote_hash=f05d7289",No action.,20260716090000_baseline_aruka_v1.sql
index,public,acompanhamento_eventos,acompanhamento_eventos_user_id_idx,present,present,EQUIVALENT,info,indexdef: local_raw=CREATE INDEX acompanhamento_eventos_user_id_idx ON public.acompanhamento_eventos USING btree (user_id) remote_raw=CREATE INDEX acompanhamento_eventos_user_id_idx ON public.acompanhamento_eventos USING btree (user_id) local_norm=create index acompanhamento_eventos_user_id_idx on acompanhamento_eventos using btree (user_id) remote_norm=create index acompanhamento_eventos_user_id_idx on acompanhamento_eventos using btree (user_id) local_hash=79a1606c remote_hash=79a1606c,No action.,20260716090000_baseline_aruka_v1.sql
index,public,admin_logs,admin_logs_acao_idx,present,present,EQUIVALENT,info,indexdef: local_raw=CREATE INDEX admin_logs_acao_idx ON public.admin_logs USING btree (acao) remote_raw=CREATE INDEX admin_logs_acao_idx ON public.admin_logs USING btree (acao) local_norm=create index admin_logs_acao_idx on admin_logs using btree (acao) remote_norm=create index admin_logs_acao_idx on admin_logs using btree (acao) local_hash=1634293c remote_hash=1634293c,No action.,20260716090000_baseline_aruka_v1.sql
index,public,admin_logs,admin_logs_admin_user_id_idx,present,present,EQUIVALENT,info,indexdef: local_raw=CREATE INDEX admin_logs_admin_user_id_idx ON public.admin_logs USING btree (admin_user_id) remote_raw=CREATE INDEX admin_logs_admin_user_id_idx ON public.admin_logs USING btree (admin_user_id) local_norm=create index admin_logs_admin_user_id_idx on admin_logs using btree (admin_user_id) remote_norm=create index admin_logs_admin_user_id_idx on admin_logs using btree (admin_user_id) local_hash=e368265a remote_hash=e368265a,No action.,20260716090000_baseline_aruka_v1.sql
index,public,admin_logs,admin_logs_created_at_idx,present,present,EQUIVALENT,info,indexdef: local_raw=CREATE INDEX admin_logs_created_at_idx ON public.admin_logs USING btree (created_at DESC) remote_raw=CREATE INDEX admin_logs_created_at_idx ON public.admin_logs USING btree (created_at DESC) local_norm=create index admin_logs_created_at_idx on admin_logs using btree (created_at desc) remote_norm=create index admin_logs_created_at_idx on admin_logs using btree (created_at desc) local_hash=8c82df0b remote_hash=8c82df0b,No action.,20260716090000_baseline_aruka_v1.sql
index,public,admin_logs,admin_logs_pkey,present,present,EQUIVALENT,info,indexdef: local_raw=CREATE UNIQUE INDEX admin_logs_pkey ON public.admin_logs USING btree (id) remote_raw=CREATE UNIQUE INDEX admin_logs_pkey ON public.admin_logs USING btree (id) local_norm=create unique index admin_logs_pkey on admin_logs using btree (id) remote_norm=create unique index admin_logs_pkey on admin_logs using btree (id) local_hash=e0b032ad remote_hash=e0b032ad,No action.,20260716090000_baseline_aruka_v1.sql
index,public,admin_logs,admin_logs_target_user_id_idx,present,present,EQUIVALENT,info,indexdef: local_raw=CREATE INDEX admin_logs_target_user_id_idx ON public.admin_logs USING btree (target_user_id) remote_raw=CREATE INDEX admin_logs_target_user_id_idx ON public.admin_logs USING btree (target_user_id) local_norm=create index admin_logs_target_user_id_idx on admin_logs using btree (target_user_id) remote_norm=create index admin_logs_target_user_id_idx on admin_logs using btree (target_user_id) local_hash=4a29ac36 remote_hash=4a29ac36,No action.,20260716090000_baseline_aruka_v1.sql
index,public,alunos,alunos_pkey,present,present,EQUIVALENT,info,indexdef: local_raw=CREATE UNIQUE INDEX alunos_pkey ON public.alunos USING btree (id) remote_raw=CREATE UNIQUE INDEX alunos_pkey ON public.alunos USING btree (id) local_norm=create unique index alunos_pkey on alunos using btree (id) remote_norm=create unique index alunos_pkey on alunos using btree (id) local_hash=a2e9e9b7 remote_hash=a2e9e9b7,No action.,20260716090000_baseline_aruka_v1.sql
index,public,alunos,alunos_student_user_id_idx,present,absent,LOCAL_ONLY,critical,20260730090000_student_identity_contract.sql,Object exists locally but not in remote evidence.,Do not repair this migration as applied until reconciled.
index,public,alunos,alunos_student_user_id_uidx,present,absent,LOCAL_ONLY,critical,20260730090000_student_identity_contract.sql,Object exists locally but not in remote evidence.,Do not repair this migration as applied until reconciled.
index,public,alunos,alunos_user_acompanhamento_status_idx,present,present,EQUIVALENT,info,"indexdef: local_raw=CREATE INDEX alunos_user_acompanhamento_status_idx ON public.alunos USING btree (user_id, acompanhamento_status) remote_raw=CREATE INDEX alunos_user_acompanhamento_status_idx ON public.alunos USING btree (user_id, acompanhamento_status) local_norm=create index alunos_user_acompanhamento_status_idx on alunos using btree (user_id, acompanhamento_status) remote_norm=create index alunos_user_acompanhamento_status_idx on alunos using btree (user_id, acompanhamento_status) local_hash=a33d62f remote_hash=a33d62f",No action.,20260716090000_baseline_aruka_v1.sql
index,public,alunos,alunos_user_vencimento_idx,present,present,EQUIVALENT,info,"indexdef: local_raw=CREATE INDEX alunos_user_vencimento_idx ON public.alunos USING btree (user_id, vencimento) remote_raw=CREATE INDEX alunos_user_vencimento_idx ON public.alunos USING btree (user_id, vencimento) local_norm=create index alunos_user_vencimento_idx on alunos using btree (user_id, vencimento) remote_norm=create index alunos_user_vencimento_idx on alunos using btree (user_id, vencimento) local_hash=642c8dc3 remote_hash=642c8dc3",No action.,20260716090000_baseline_aruka_v1.sql
index,public,anamneses,anamneses_aluno_id_idx,present,present,EQUIVALENT,info,indexdef: local_raw=CREATE INDEX anamneses_aluno_id_idx ON public.anamneses USING btree (aluno_id) remote_raw=CREATE INDEX anamneses_aluno_id_idx ON public.anamneses USING btree (aluno_id) local_norm=create index anamneses_aluno_id_idx on anamneses using btree (aluno_id) remote_norm=create index anamneses_aluno_id_idx on anamneses using btree (aluno_id) local_hash=48cea966 remote_hash=48cea966,No action.,20260716090000_baseline_aruka_v1.sql
index,public,anamneses,anamneses_pkey,present,present,EQUIVALENT,info,indexdef: local_raw=CREATE UNIQUE INDEX anamneses_pkey ON public.anamneses USING btree (id) remote_raw=CREATE UNIQUE INDEX anamneses_pkey ON public.anamneses USING btree (id) local_norm=create unique index anamneses_pkey on anamneses using btree (id) remote_norm=create unique index anamneses_pkey on anamneses using btree (id) local_hash=88931429 remote_hash=88931429,No action.,20260716090000_baseline_aruka_v1.sql
index,public,anamneses,anamneses_user_created_at_idx,present,present,EQUIVALENT,info,"indexdef: local_raw=CREATE INDEX anamneses_user_created_at_idx ON public.anamneses USING btree (user_id, created_at DESC) remote_raw=CREATE INDEX anamneses_user_created_at_idx ON public.anamneses USING btree (user_id, created_at DESC) local_norm=create index anamneses_user_created_at_idx on anamneses using btree (user_id, created_at desc) remote_norm=create index anamneses_user_created_at_idx on anamneses using btree (user_id, created_at desc) local_hash=a5f09c remote_hash=a5f09c",No action.,20260716090000_baseline_aruka_v1.sql
index,public,anamneses,anamneses_user_id_idx,present,present,EQUIVALENT,info,indexdef: local_raw=CREATE INDEX anamneses_user_id_idx ON public.anamneses USING btree (user_id) remote_raw=CREATE INDEX anamneses_user_id_idx ON public.anamneses USING btree (user_id) local_norm=create index anamneses_user_id_idx on anamneses using btree (user_id) remote_norm=create index anamneses_user_id_idx on anamneses using btree (user_id) local_hash=aa7efb86 remote_hash=aa7efb86,No action.,20260716090000_baseline_aruka_v1.sql
index,public,aoe_audit_events,aoe_audit_events_pkey,present,present,EQUIVALENT,info,indexdef: local_raw=CREATE UNIQUE INDEX aoe_audit_events_pkey ON public.aoe_audit_events USING btree (id) remote_raw=CREATE UNIQUE INDEX aoe_audit_events_pkey ON public.aoe_audit_events USING btree (id) local_norm=create unique index aoe_audit_events_pkey on aoe_audit_events using btree (id) remote_norm=create unique index aoe_audit_events_pkey on aoe_audit_events using btree (id) local_hash=6f9a5bf1 remote_hash=6f9a5bf1,No action.,20260716090000_baseline_aruka_v1.sql
index,public,aoe_audit_events,aoe_audit_org_event_date_idx,present,present,EQUIVALENT,info,"indexdef: local_raw=CREATE INDEX aoe_audit_org_event_date_idx ON public.aoe_audit_events USING btree (organization_id, event_type, occurred_at DESC) remote_raw=CREATE INDEX aoe_audit_org_event_date_idx ON public.aoe_audit_events USING btree (organization_id, event_type, occurred_at DESC) local_norm=create index aoe_audit_org_event_date_idx on aoe_audit_events using btree (organization_id, event_type, occurred_at desc) remote_norm=create index aoe_audit_org_event_date_idx on aoe_audit_events using btree (organization_id, event_type, occurred_at desc) local_hash=cc2b2470 remote_hash=cc2b2470",No action.,20260716090000_baseline_aruka_v1.sql
index,public,aoe_decision_traces,aoe_decision_traces_pkey,present,present,EQUIVALENT,info,indexdef: local_raw=CREATE UNIQUE INDEX aoe_decision_traces_pkey ON public.aoe_decision_traces USING btree (id) remote_raw=CREATE UNIQUE INDEX aoe_decision_traces_pkey ON public.aoe_decision_traces USING btree (id) local_norm=create unique index aoe_decision_traces_pkey on aoe_decision_traces using btree (id) remote_norm=create unique index aoe_decision_traces_pkey on aoe_decision_traces using btree (id) local_hash=2391dd39 remote_hash=2391dd39,No action.,20260716090000_baseline_aruka_v1.sql
index,public,aoe_decision_traces,aoe_traces_decision_idx,present,present,EQUIVALENT,info,indexdef: local_raw=CREATE INDEX aoe_traces_decision_idx ON public.aoe_decision_traces USING btree (decision_id) remote_raw=CREATE INDEX aoe_traces_decision_idx ON public.aoe_decision_traces USING btree (decision_id) local_norm=create index aoe_traces_decision_idx on aoe_decision_traces using btree (decision_id) remote_norm=create index aoe_traces_decision_idx on aoe_decision_traces using btree (decision_id) local_hash=5c62c09b remote_hash=5c62c09b,No action.,20260716090000_baseline_aruka_v1.sql
index,public,aoe_decisions,aoe_decisions_actor_idx,present,present,EQUIVALENT,info,indexdef: local_raw=CREATE INDEX aoe_decisions_actor_idx ON public.aoe_decisions USING btree (actor_id) remote_raw=CREATE INDEX aoe_decisions_actor_idx ON public.aoe_decisions USING btree (actor_id) local_norm=create index aoe_decisions_actor_idx on aoe_decisions using btree (actor_id) remote_norm=create index aoe_decisions_actor_idx on aoe_decisions using btree (actor_id) local_hash=a983fa02 remote_hash=a983fa02,No action.,20260716090000_baseline_aruka_v1.sql
index,public,aoe_decisions,aoe_decisions_model_idx,present,present,EQUIVALENT,info,indexdef: local_raw=CREATE INDEX aoe_decisions_model_idx ON public.aoe_decisions USING btree (selected_model_code) remote_raw=CREATE INDEX aoe_decisions_model_idx ON public.aoe_decisions USING btree (selected_model_code) local_norm=create index aoe_decisions_model_idx on aoe_decisions using btree (selected_model_code) remote_norm=create index aoe_decisions_model_idx on aoe_decisions using btree (selected_model_code) local_hash=588de8a8 remote_hash=588de8a8,No action.,20260716090000_baseline_aruka_v1.sql
index,public,aoe_decisions,aoe_decisions_org_idx,present,present,EQUIVALENT,info,indexdef: local_raw=CREATE INDEX aoe_decisions_org_idx ON public.aoe_decisions USING btree (organization_id) remote_raw=CREATE INDEX aoe_decisions_org_idx ON public.aoe_decisions USING btree (organization_id) local_norm=create index aoe_decisions_org_idx on aoe_decisions using btree (organization_id) remote_norm=create index aoe_decisions_org_idx on aoe_decisions using btree (organization_id) local_hash=18db666d remote_hash=18db666d,No action.,20260716090000_baseline_aruka_v1.sql
index,public,aoe_decisions,aoe_decisions_pkey,present,present,EQUIVALENT,info,indexdef: local_raw=CREATE UNIQUE INDEX aoe_decisions_pkey ON public.aoe_decisions USING btree (id) remote_raw=CREATE UNIQUE INDEX aoe_decisions_pkey ON public.aoe_decisions USING btree (id) local_norm=create unique index aoe_decisions_pkey on aoe_decisions using btree (id) remote_norm=create unique index aoe_decisions_pkey on aoe_decisions using btree (id) local_hash=2e8f005d remote_hash=2e8f005d,No action.,20260716090000_baseline_aruka_v1.sql
index,public,aoe_decisions,aoe_decisions_request_idx,present,present,EQUIVALENT,info,indexdef: local_raw=CREATE INDEX aoe_decisions_request_idx ON public.aoe_decisions USING btree (request_id) remote_raw=CREATE INDEX aoe_decisions_request_idx ON public.aoe_decisions USING btree (request_id) local_norm=create index aoe_decisions_request_idx on aoe_decisions using btree (request_id) remote_norm=create index aoe_decisions_request_idx on aoe_decisions using btree (request_id) local_hash=7cf7d262 remote_hash=7cf7d262,No action.,20260716090000_baseline_aruka_v1.sql
index,public,aoe_decisions,aoe_decisions_student_idx,present,present,EQUIVALENT,info,indexdef: local_raw=CREATE INDEX aoe_decisions_student_idx ON public.aoe_decisions USING btree (student_id) remote_raw=CREATE INDEX aoe_decisions_student_idx ON public.aoe_decisions USING btree (student_id) local_norm=create index aoe_decisions_student_idx on aoe_decisions using btree (student_id) remote_norm=create index aoe_decisions_student_idx on aoe_decisions using btree (student_id) local_hash=da6b201e remote_hash=da6b201e,No action.,20260716090000_baseline_aruka_v1.sql
index,public,aoe_human_reviews,aoe_human_reviews_one_active_per_decision,present,present,EQUIVALENT,info,indexdef: local_raw=CREATE UNIQUE INDEX aoe_human_reviews_one_active_per_decision ON public.aoe_human_reviews USING btree (decision_id) remote_raw=CREATE UNIQUE INDEX aoe_human_reviews_one_active_per_decision ON public.aoe_human_reviews USING btree (decision_id) local_norm=create unique index aoe_human_reviews_one_active_per_decision on aoe_human_reviews using btree (decision_id) remote_norm=create unique index aoe_human_reviews_one_active_per_decision on aoe_human_reviews using btree (decision_id) local_hash=75175239 remote_hash=75175239,No action.,20260716090000_baseline_aruka_v1.sql
index,public,aoe_human_reviews,aoe_human_reviews_pkey,present,present,EQUIVALENT,info,indexdef: local_raw=CREATE UNIQUE INDEX aoe_human_reviews_pkey ON public.aoe_human_reviews USING btree (id) remote_raw=CREATE UNIQUE INDEX aoe_human_reviews_pkey ON public.aoe_human_reviews USING btree (id) local_norm=create unique index aoe_human_reviews_pkey on aoe_human_reviews using btree (id) remote_norm=create unique index aoe_human_reviews_pkey on aoe_human_reviews using btree (id) local_hash=c7f45e95 remote_hash=c7f45e95,No action.,20260716090000_baseline_aruka_v1.sql
index,public,aoe_human_reviews,aoe_reviews_decision_idx,present,present,EQUIVALENT,info,indexdef: local_raw=CREATE INDEX aoe_reviews_decision_idx ON public.aoe_human_reviews USING btree (decision_id) remote_raw=CREATE INDEX aoe_reviews_decision_idx ON public.aoe_human_reviews USING btree (decision_id) local_norm=create index aoe_reviews_decision_idx on aoe_human_reviews using btree (decision_id) remote_norm=create index aoe_reviews_decision_idx on aoe_human_reviews using btree (decision_id) local_hash=d025e98c remote_hash=d025e98c,No action.,20260716090000_baseline_aruka_v1.sql
index,public,aoe_idempotency_keys,aoe_idempotency_expires_idx,present,present,EQUIVALENT,info,indexdef: local_raw=CREATE INDEX aoe_idempotency_expires_idx ON public.aoe_idempotency_keys USING btree (expires_at) remote_raw=CREATE INDEX aoe_idempotency_expires_idx ON public.aoe_idempotency_keys USING btree (expires_at) local_norm=create index aoe_idempotency_expires_idx on aoe_idempotency_keys using btree (expires_at) remote_norm=create index aoe_idempotency_expires_idx on aoe_idempotency_keys using btree (expires_at) local_hash=aef25573 remote_hash=aef25573,No action.,20260716090000_baseline_aruka_v1.sql
index,public,aoe_idempotency_keys,aoe_idempotency_keys_pkey,present,present,EQUIVALENT,info,indexdef: local_raw=CREATE UNIQUE INDEX aoe_idempotency_keys_pkey ON public.aoe_idempotency_keys USING btree (id) remote_raw=CREATE UNIQUE INDEX aoe_idempotency_keys_pkey ON public.aoe_idempotency_keys USING btree (id) local_norm=create unique index aoe_idempotency_keys_pkey on aoe_idempotency_keys using btree (id) remote_norm=create unique index aoe_idempotency_keys_pkey on aoe_idempotency_keys using btree (id) local_hash=53d64733 remote_hash=53d64733,No action.,20260716090000_baseline_aruka_v1.sql
index,public,aoe_idempotency_keys,aoe_idempotency_unique_key,present,present,EQUIVALENT,info,indexdef: local_raw=[len 201 hash 31d128ab] remote_raw=[len 201 hash 31d128ab] local_norm=[len 188 hash 65c02693] remote_norm=[len 188 hash 65c02693] local_hash=65c02693 remote_hash=65c02693,No action.,20260716090000_baseline_aruka_v1.sql
index,public,assinaturas,assinaturas_data_vencimento_idx,present,present,EQUIVALENT,info,indexdef: local_raw=CREATE INDEX assinaturas_data_vencimento_idx ON public.assinaturas USING btree (data_vencimento) remote_raw=CREATE INDEX assinaturas_data_vencimento_idx ON public.assinaturas USING btree (data_vencimento) local_norm=create index assinaturas_data_vencimento_idx on assinaturas using btree (data_vencimento) remote_norm=create index assinaturas_data_vencimento_idx on assinaturas using btree (data_vencimento) local_hash=67e34218 remote_hash=67e34218,No action.,20260716090000_baseline_aruka_v1.sql
index,public,assinaturas,assinaturas_pkey,present,present,EQUIVALENT,info,indexdef: local_raw=CREATE UNIQUE INDEX assinaturas_pkey ON public.assinaturas USING btree (id) remote_raw=CREATE UNIQUE INDEX assinaturas_pkey ON public.assinaturas USING btree (id) local_norm=create unique index assinaturas_pkey on assinaturas using btree (id) remote_norm=create unique index assinaturas_pkey on assinaturas using btree (id) local_hash=6381b3cf remote_hash=6381b3cf,No action.,20260716090000_baseline_aruka_v1.sql
index,public,assinaturas,assinaturas_status_idx,present,present,EQUIVALENT,info,indexdef: local_raw=CREATE INDEX assinaturas_status_idx ON public.assinaturas USING btree (status) remote_raw=CREATE INDEX assinaturas_status_idx ON public.assinaturas USING btree (status) local_norm=create index assinaturas_status_idx on assinaturas using btree (status) remote_norm=create index assinaturas_status_idx on assinaturas using btree (status) local_hash=d121da9e remote_hash=d121da9e,No action.,20260716090000_baseline_aruka_v1.sql
index,public,assinaturas,assinaturas_user_created_at_idx,present,present,EQUIVALENT,info,"indexdef: local_raw=CREATE INDEX assinaturas_user_created_at_idx ON public.assinaturas USING btree (user_id, created_at DESC) remote_raw=CREATE INDEX assinaturas_user_created_at_idx ON public.assinaturas USING btree (user_id, created_at DESC) local_norm=create index assinaturas_user_created_at_idx on assinaturas using btree (user_id, created_at desc) remote_norm=create index assinaturas_user_created_at_idx on assinaturas using btree (user_id, created_at desc) local_hash=fbad7e22 remote_hash=fbad7e22",No action.,20260716090000_baseline_aruka_v1.sql
index,public,assinaturas,assinaturas_user_id_idx,present,present,EQUIVALENT,info,indexdef: local_raw=CREATE INDEX assinaturas_user_id_idx ON public.assinaturas USING btree (user_id) remote_raw=CREATE INDEX assinaturas_user_id_idx ON public.assinaturas USING btree (user_id) local_norm=create index assinaturas_user_id_idx on assinaturas using btree (user_id) remote_norm=create index assinaturas_user_id_idx on assinaturas using btree (user_id) local_hash=bf85bd8c remote_hash=bf85bd8c,No action.,20260716090000_baseline_aruka_v1.sql
index,public,assinaturas,assinaturas_user_status_vencimento_idx,present,present,EQUIVALENT,info,"indexdef: local_raw=CREATE INDEX assinaturas_user_status_vencimento_idx ON public.assinaturas USING btree (user_id, status, data_vencimento) remote_raw=CREATE INDEX assinaturas_user_status_vencimento_idx ON public.assinaturas USING btree (user_id, status, data_vencimento) local_norm=create index assinaturas_user_status_vencimento_idx on assinaturas using btree (user_id, status, data_vencimento) remote_norm=create index assinaturas_user_status_vencimento_idx on assinaturas using btree (user_id, status, data_vencimento) local_hash=a130e307 remote_hash=a130e307",No action.,20260716090000_baseline_aruka_v1.sql
index,public,avaliacoes,avaliacoes_aluno_id_idx,present,present,EQUIVALENT,info,indexdef: local_raw=CREATE INDEX avaliacoes_aluno_id_idx ON public.avaliacoes USING btree (aluno_id) remote_raw=CREATE INDEX avaliacoes_aluno_id_idx ON public.avaliacoes USING btree (aluno_id) local_norm=create index avaliacoes_aluno_id_idx on avaliacoes using btree (aluno_id) remote_norm=create index avaliacoes_aluno_id_idx on avaliacoes using btree (aluno_id) local_hash=d771d440 remote_hash=d771d440,No action.,20260716090000_baseline_aruka_v1.sql
index,public,avaliacoes,avaliacoes_data_idx,present,present,EQUIVALENT,info,indexdef: local_raw=CREATE INDEX avaliacoes_data_idx ON public.avaliacoes USING btree (data_avaliacao) remote_raw=CREATE INDEX avaliacoes_data_idx ON public.avaliacoes USING btree (data_avaliacao) local_norm=create index avaliacoes_data_idx on avaliacoes using btree (data_avaliacao) remote_norm=create index avaliacoes_data_idx on avaliacoes using btree (data_avaliacao) local_hash=fc2854fe remote_hash=fc2854fe,No action.,20260716090000_baseline_aruka_v1.sql
index,public,avaliacoes,avaliacoes_pkey,present,present,EQUIVALENT,info,indexdef: local_raw=CREATE UNIQUE INDEX avaliacoes_pkey ON public.avaliacoes USING btree (id) remote_raw=CREATE UNIQUE INDEX avaliacoes_pkey ON public.avaliacoes USING btree (id) local_norm=create unique index avaliacoes_pkey on avaliacoes using btree (id) remote_norm=create unique index avaliacoes_pkey on avaliacoes using btree (id) local_hash=13310183 remote_hash=13310183,No action.,20260716090000_baseline_aruka_v1.sql
index,public,avaliacoes,avaliacoes_user_data_idx,present,present,EQUIVALENT,info,"indexdef: local_raw=CREATE INDEX avaliacoes_user_data_idx ON public.avaliacoes USING btree (user_id, data_avaliacao DESC) remote_raw=CREATE INDEX avaliacoes_user_data_idx ON public.avaliacoes USING btree (user_id, data_avaliacao DESC) local_norm=create index avaliacoes_user_data_idx on avaliacoes using btree (user_id, data_avaliacao desc) remote_norm=create index avaliacoes_user_data_idx on avaliacoes using btree (user_id, data_avaliacao desc) local_hash=2c35e1f2 remote_hash=2c35e1f2",No action.,20260716090000_baseline_aruka_v1.sql
index,public,avaliacoes,avaliacoes_user_id_idx,present,present,EQUIVALENT,info,indexdef: local_raw=CREATE INDEX avaliacoes_user_id_idx ON public.avaliacoes USING btree (user_id) remote_raw=CREATE INDEX avaliacoes_user_id_idx ON public.avaliacoes USING btree (user_id) local_norm=create index avaliacoes_user_id_idx on avaliacoes using btree (user_id) remote_norm=create index avaliacoes_user_id_idx on avaliacoes using btree (user_id) local_hash=6570b80 remote_hash=6570b80,No action.,20260716090000_baseline_aruka_v1.sql
index,public,pagamentos,pagamentos_aluno_id_idx,present,present,EQUIVALENT,info,indexdef: local_raw=CREATE INDEX pagamentos_aluno_id_idx ON public.pagamentos USING btree (aluno_id) remote_raw=CREATE INDEX pagamentos_aluno_id_idx ON public.pagamentos USING btree (aluno_id) local_norm=create index pagamentos_aluno_id_idx on pagamentos using btree (aluno_id) remote_norm=create index pagamentos_aluno_id_idx on pagamentos using btree (aluno_id) local_hash=1021ce4e remote_hash=1021ce4e,No action.,20260716090000_baseline_aruka_v1.sql
index,public,pagamentos,pagamentos_data_pagamento_idx,present,present,EQUIVALENT,info,indexdef: local_raw=CREATE INDEX pagamentos_data_pagamento_idx ON public.pagamentos USING btree (data_pagamento) remote_raw=CREATE INDEX pagamentos_data_pagamento_idx ON public.pagamentos USING btree (data_pagamento) local_norm=create index pagamentos_data_pagamento_idx on pagamentos using btree (data_pagamento) remote_norm=create index pagamentos_data_pagamento_idx on pagamentos using btree (data_pagamento) local_hash=279bde62 remote_hash=279bde62,No action.,20260716090000_baseline_aruka_v1.sql
index,public,pagamentos,pagamentos_pkey,present,present,EQUIVALENT,info,indexdef: local_raw=CREATE UNIQUE INDEX pagamentos_pkey ON public.pagamentos USING btree (id) remote_raw=CREATE UNIQUE INDEX pagamentos_pkey ON public.pagamentos USING btree (id) local_norm=create unique index pagamentos_pkey on pagamentos using btree (id) remote_norm=create unique index pagamentos_pkey on pagamentos using btree (id) local_hash=bb246211 remote_hash=bb246211,No action.,20260716090000_baseline_aruka_v1.sql
index,public,pagamentos,pagamentos_user_aluno_data_idx,present,present,EQUIVALENT,info,"indexdef: local_raw=CREATE INDEX pagamentos_user_aluno_data_idx ON public.pagamentos USING btree (user_id, aluno_id, data_pagamento DESC, created_at DESC) remote_raw=CREATE INDEX pagamentos_user_aluno_data_idx ON public.pagamentos USING btree (user_id, aluno_id, data_pagamento DESC, created_at DESC) local_norm=create index pagamentos_user_aluno_data_idx on pagamentos using btree (user_id, aluno_id, data_pagamento desc, created_at desc) remote_norm=create index pagamentos_user_aluno_data_idx on pagamentos using btree (user_id, aluno_id, data_pagamento desc, created_at desc) local_hash=93465d27 remote_hash=93465d27",No action.,20260716090000_baseline_aruka_v1.sql
index,public,pagamentos,pagamentos_user_id_idx,present,present,EQUIVALENT,info,indexdef: local_raw=CREATE INDEX pagamentos_user_id_idx ON public.pagamentos USING btree (user_id) remote_raw=CREATE INDEX pagamentos_user_id_idx ON public.pagamentos USING btree (user_id) local_norm=create index pagamentos_user_id_idx on pagamentos using btree (user_id) remote_norm=create index pagamentos_user_id_idx on pagamentos using btree (user_id) local_hash=9c33b8ee remote_hash=9c33b8ee,No action.,20260716090000_baseline_aruka_v1.sql
index,public,perfis,perfis_pkey,present,present,EQUIVALENT,info,indexdef: local_raw=CREATE UNIQUE INDEX perfis_pkey ON public.perfis USING btree (id) remote_raw=CREATE UNIQUE INDEX perfis_pkey ON public.perfis USING btree (id) local_norm=create unique index perfis_pkey on perfis using btree (id) remote_norm=create unique index perfis_pkey on perfis using btree (id) local_hash=11986e85 remote_hash=11986e85,No action.,20260716090000_baseline_aruka_v1.sql
index,public,perfis,perfis_status_idx,present,present,EQUIVALENT,info,indexdef: local_raw=CREATE INDEX perfis_status_idx ON public.perfis USING btree (status) remote_raw=CREATE INDEX perfis_status_idx ON public.perfis USING btree (status) local_norm=create index perfis_status_idx on perfis using btree (status) remote_norm=create index perfis_status_idx on perfis using btree (status) local_hash=37e907f4 remote_hash=37e907f4,No action.,20260716090000_baseline_aruka_v1.sql
index,public,perfis,perfis_tipo_acesso_idx,present,present,EQUIVALENT,info,indexdef: local_raw=CREATE INDEX perfis_tipo_acesso_idx ON public.perfis USING btree (tipo_acesso) remote_raw=CREATE INDEX perfis_tipo_acesso_idx ON public.perfis USING btree (tipo_acesso) local_norm=create index perfis_tipo_acesso_idx on perfis using btree (tipo_acesso) remote_norm=create index perfis_tipo_acesso_idx on perfis using btree (tipo_acesso) local_hash=37e700fe remote_hash=37e700fe,No action.,20260716090000_baseline_aruka_v1.sql
index,public,perfis,perfis_user_id_idx,present,present,EQUIVALENT,info,indexdef: local_raw=CREATE INDEX perfis_user_id_idx ON public.perfis USING btree (user_id) remote_raw=CREATE INDEX perfis_user_id_idx ON public.perfis USING btree (user_id) local_norm=create index perfis_user_id_idx on perfis using btree (user_id) remote_norm=create index perfis_user_id_idx on perfis using btree (user_id) local_hash=4df2c0a2 remote_hash=4df2c0a2,No action.,20260716090000_baseline_aruka_v1.sql
index,public,perfis,perfis_user_id_key,present,present,EQUIVALENT,info,indexdef: local_raw=CREATE UNIQUE INDEX perfis_user_id_key ON public.perfis USING btree (user_id) remote_raw=CREATE UNIQUE INDEX perfis_user_id_key ON public.perfis USING btree (user_id) local_norm=create unique index perfis_user_id_key on perfis using btree (user_id) remote_norm=create unique index perfis_user_id_key on perfis using btree (user_id) local_hash=dbf7d41d remote_hash=dbf7d41d,No action.,20260716090000_baseline_aruka_v1.sql
index,public,planos,planos_ativo_idx,present,present,EQUIVALENT,info,indexdef: local_raw=CREATE INDEX planos_ativo_idx ON public.planos USING btree (ativo) remote_raw=CREATE INDEX planos_ativo_idx ON public.planos USING btree (ativo) local_norm=create index planos_ativo_idx on planos using btree (ativo) remote_norm=create index planos_ativo_idx on planos using btree (ativo) local_hash=5c0b1a9a remote_hash=5c0b1a9a,No action.,20260716090000_baseline_aruka_v1.sql
index,public,planos,planos_pkey,present,present,EQUIVALENT,info,indexdef: local_raw=CREATE UNIQUE INDEX planos_pkey ON public.planos USING btree (id) remote_raw=CREATE UNIQUE INDEX planos_pkey ON public.planos USING btree (id) local_norm=create unique index planos_pkey on planos using btree (id) remote_norm=create unique index planos_pkey on planos using btree (id) local_hash=e15bacd remote_hash=e15bacd,No action.,20260716090000_baseline_aruka_v1.sql
index,public,planos,planos_user_ativo_idx,present,present,EQUIVALENT,info,"indexdef: local_raw=CREATE INDEX planos_user_ativo_idx ON public.planos USING btree (user_id, ativo) remote_raw=CREATE INDEX planos_user_ativo_idx ON public.planos USING btree (user_id, ativo) local_norm=create index planos_user_ativo_idx on planos using btree (user_id, ativo) remote_norm=create index planos_user_ativo_idx on planos using btree (user_id, ativo) local_hash=622ce2f remote_hash=622ce2f",No action.,20260716090000_baseline_aruka_v1.sql
index,public,planos,planos_user_id_idx,present,present,EQUIVALENT,info,indexdef: local_raw=CREATE INDEX planos_user_id_idx ON public.planos USING btree (user_id) remote_raw=CREATE INDEX planos_user_id_idx ON public.planos USING btree (user_id) local_norm=create index planos_user_id_idx on planos using btree (user_id) remote_norm=create index planos_user_id_idx on planos using btree (user_id) local_hash=bc88e16a remote_hash=bc88e16a,No action.,20260716090000_baseline_aruka_v1.sql
index,public,planos,planos_user_nome_normalizado_unique_idx,present,present,EQUIVALENT_EXPRESSION_REPRESENTATION,info,"indexdef: local_raw=CREATE UNIQUE INDEX planos_user_nome_normalizado_unique_idx ON public.planos USING btree (user_id, lower(regexp_replace(btrim(nome), '\s+'::text, ' '::text, 'g'::text))) remote_raw=CREATE UNIQUE INDEX planos_user_nome_normalizado_unique_idx ON public.planos USING btree (user_id, lower(regexp_replace(TRIM(BOTH FROM nome), '\s+'::text, ' '::text, 'g'::text))) local_norm=create unique index planos_user_nome_normalizado_unique_idx on planos using btree (user_id, lower(regexp_replace(btrim(nome), '\s+', ' ', 'g'))) remote_norm=create unique index planos_user_nome_normalizado_unique_idx on planos using btree (user_id, lower(regexp_replace(btrim(nome), '\s+', ' ', 'g'))) local_hash=bd97a3c2 remote_hash=bd97a3c2",No action.,20260716090000_baseline_aruka_v1.sql
index,public,treino_dias,treino_dias_pkey,present,present,EQUIVALENT,info,indexdef: local_raw=CREATE UNIQUE INDEX treino_dias_pkey ON public.treino_dias USING btree (id) remote_raw=CREATE UNIQUE INDEX treino_dias_pkey ON public.treino_dias USING btree (id) local_norm=create unique index treino_dias_pkey on treino_dias using btree (id) remote_norm=create unique index treino_dias_pkey on treino_dias using btree (id) local_hash=dcb49c55 remote_hash=dcb49c55,No action.,20260716090000_baseline_aruka_v1.sql
index,public,treino_dias,treino_dias_treino_id_idx,present,present,EQUIVALENT,info,indexdef: local_raw=CREATE INDEX treino_dias_treino_id_idx ON public.treino_dias USING btree (treino_id) remote_raw=CREATE INDEX treino_dias_treino_id_idx ON public.treino_dias USING btree (treino_id) local_norm=create index treino_dias_treino_id_idx on treino_dias using btree (treino_id) remote_norm=create index treino_dias_treino_id_idx on treino_dias using btree (treino_id) local_hash=11e66e96 remote_hash=11e66e96,No action.,20260716090000_baseline_aruka_v1.sql
index,public,treino_eventos,treino_eventos_pkey,present,present,EQUIVALENT,info,indexdef: local_raw=CREATE UNIQUE INDEX treino_eventos_pkey ON public.treino_eventos USING btree (id) remote_raw=CREATE UNIQUE INDEX treino_eventos_pkey ON public.treino_eventos USING btree (id) local_norm=create unique index treino_eventos_pkey on treino_eventos using btree (id) remote_norm=create unique index treino_eventos_pkey on treino_eventos using btree (id) local_hash=ad18313b remote_hash=ad18313b,No action.,20260728030000_workout_delivery_integration_v1.sql
index,public,treino_eventos,treino_eventos_treino_event_type_idx,present,present,EQUIVALENT,info,"indexdef: local_raw=CREATE INDEX treino_eventos_treino_event_type_idx ON public.treino_eventos USING btree (treino_id, event_type) remote_raw=CREATE INDEX treino_eventos_treino_event_type_idx ON public.treino_eventos USING btree (treino_id, event_type) local_norm=create index treino_eventos_treino_event_type_idx on treino_eventos using btree (treino_id, event_type) remote_norm=create index treino_eventos_treino_event_type_idx on treino_eventos using btree (treino_id, event_type) local_hash=24513a1 remote_hash=24513a1",No action.,20260728030000_workout_delivery_integration_v1.sql
index,public,treino_eventos,treino_eventos_user_aluno_occurred_idx,present,present,EQUIVALENT,info,"indexdef: local_raw=CREATE INDEX treino_eventos_user_aluno_occurred_idx ON public.treino_eventos USING btree (user_id, aluno_id, occurred_at DESC) remote_raw=CREATE INDEX treino_eventos_user_aluno_occurred_idx ON public.treino_eventos USING btree (user_id, aluno_id, occurred_at DESC) local_norm=create index treino_eventos_user_aluno_occurred_idx on treino_eventos using btree (user_id, aluno_id, occurred_at desc) remote_norm=create index treino_eventos_user_aluno_occurred_idx on treino_eventos using btree (user_id, aluno_id, occurred_at desc) local_hash=e9b7e2cd remote_hash=e9b7e2cd",No action.,20260728030000_workout_delivery_integration_v1.sql
index,public,treino_eventos,treino_eventos_user_treino_occurred_idx,present,present,EQUIVALENT,info,"indexdef: local_raw=CREATE INDEX treino_eventos_user_treino_occurred_idx ON public.treino_eventos USING btree (user_id, treino_id, occurred_at DESC) remote_raw=CREATE INDEX treino_eventos_user_treino_occurred_idx ON public.treino_eventos USING btree (user_id, treino_id, occurred_at DESC) local_norm=create index treino_eventos_user_treino_occurred_idx on treino_eventos using btree (user_id, treino_id, occurred_at desc) remote_norm=create index treino_eventos_user_treino_occurred_idx on treino_eventos using btree (user_id, treino_id, occurred_at desc) local_hash=f765e911 remote_hash=f765e911",No action.,20260728030000_workout_delivery_integration_v1.sql
index,public,treino_exercicios,treino_exercicios_pkey,present,present,EQUIVALENT,info,indexdef: local_raw=CREATE UNIQUE INDEX treino_exercicios_pkey ON public.treino_exercicios USING btree (id) remote_raw=CREATE UNIQUE INDEX treino_exercicios_pkey ON public.treino_exercicios USING btree (id) local_norm=create unique index treino_exercicios_pkey on treino_exercicios using btree (id) remote_norm=create unique index treino_exercicios_pkey on treino_exercicios using btree (id) local_hash=dcc84def remote_hash=dcc84def,No action.,20260716090000_baseline_aruka_v1.sql
index,public,treino_exercicios,treino_exercicios_treino_dia_id_idx,present,present,EQUIVALENT,info,indexdef: local_raw=CREATE INDEX treino_exercicios_treino_dia_id_idx ON public.treino_exercicios USING btree (treino_dia_id) remote_raw=CREATE INDEX treino_exercicios_treino_dia_id_idx ON public.treino_exercicios USING btree (treino_dia_id) local_norm=create index treino_exercicios_treino_dia_id_idx on treino_exercicios using btree (treino_dia_id) remote_norm=create index treino_exercicios_treino_dia_id_idx on treino_exercicios using btree (treino_dia_id) local_hash=bac55e2a remote_hash=bac55e2a,No action.,20260716090000_baseline_aruka_v1.sql
index,public,treinos,treinos_aluno_id_idx,present,present,EQUIVALENT,info,indexdef: local_raw=CREATE INDEX treinos_aluno_id_idx ON public.treinos USING btree (aluno_id) remote_raw=CREATE INDEX treinos_aluno_id_idx ON public.treinos USING btree (aluno_id) local_norm=create index treinos_aluno_id_idx on treinos using btree (aluno_id) remote_norm=create index treinos_aluno_id_idx on treinos using btree (aluno_id) local_hash=5cb636f8 remote_hash=5cb636f8,No action.,20260716090000_baseline_aruka_v1.sql
index,public,treinos,treinos_pkey,present,present,EQUIVALENT,info,indexdef: local_raw=CREATE UNIQUE INDEX treinos_pkey ON public.treinos USING btree (id) remote_raw=CREATE UNIQUE INDEX treinos_pkey ON public.treinos USING btree (id) local_norm=create unique index treinos_pkey on treinos using btree (id) remote_norm=create unique index treinos_pkey on treinos using btree (id) local_hash=c8aa553b remote_hash=c8aa553b,No action.,20260716090000_baseline_aruka_v1.sql
index,public,treinos,treinos_user_aluno_lifecycle_idx,present,present,EQUIVALENT,info,"indexdef: local_raw=CREATE INDEX treinos_user_aluno_lifecycle_idx ON public.treinos USING btree (user_id, aluno_id, lifecycle_status) remote_raw=CREATE INDEX treinos_user_aluno_lifecycle_idx ON public.treinos USING btree (user_id, aluno_id, lifecycle_status) local_norm=create index treinos_user_aluno_lifecycle_idx on treinos using btree (user_id, aluno_id, lifecycle_status) remote_norm=create index treinos_user_aluno_lifecycle_idx on treinos using btree (user_id, aluno_id, lifecycle_status) local_hash=57857e6f remote_hash=57857e6f",No action.,20260716090000_baseline_aruka_v1.sql
index,public,treinos,treinos_user_application_idempotency_uidx,present,present,EQUIVALENT,info,"indexdef: local_raw=CREATE UNIQUE INDEX treinos_user_application_idempotency_uidx ON public.treinos USING btree (user_id, application_idempotency_key) WHERE (application_idempotency_key IS NOT NULL) remote_raw=CREATE UNIQUE INDEX treinos_user_application_idempotency_uidx ON public.treinos USING btree (user_id, application_idempotency_key) WHERE (application_idempotency_key IS NOT NULL) local_norm=create unique index treinos_user_application_idempotency_uidx on treinos using btree (user_id, application_idempotency_key) where (application_idempotency_key is not null) remote_norm=create unique index treinos_user_application_idempotency_uidx on treinos using btree (user_id, application_idempotency_key) where (application_idempotency_key is not null) local_hash=5a375863 remote_hash=5a375863",No action.,20260716090000_baseline_aruka_v1.sql
index,public,treinos,treinos_user_created_at_idx,present,present,EQUIVALENT,info,"indexdef: local_raw=CREATE INDEX treinos_user_created_at_idx ON public.treinos USING btree (user_id, created_at DESC) remote_raw=CREATE INDEX treinos_user_created_at_idx ON public.treinos USING btree (user_id, created_at DESC) local_norm=create index treinos_user_created_at_idx on treinos using btree (user_id, created_at desc) remote_norm=create index treinos_user_created_at_idx on treinos using btree (user_id, created_at desc) local_hash=75a5d24e remote_hash=75a5d24e",No action.,20260716090000_baseline_aruka_v1.sql
index,public,treinos,treinos_user_delivered_at_idx,present,present,EQUIVALENT,info,"indexdef: local_raw=CREATE INDEX treinos_user_delivered_at_idx ON public.treinos USING btree (user_id, delivered_at DESC) remote_raw=CREATE INDEX treinos_user_delivered_at_idx ON public.treinos USING btree (user_id, delivered_at DESC) local_norm=create index treinos_user_delivered_at_idx on treinos using btree (user_id, delivered_at desc) remote_norm=create index treinos_user_delivered_at_idx on treinos using btree (user_id, delivered_at desc) local_hash=5346bb06 remote_hash=5346bb06",No action.,20260716090000_baseline_aruka_v1.sql
index,public,treinos,treinos_user_id_idx,present,present,EQUIVALENT,info,indexdef: local_raw=CREATE INDEX treinos_user_id_idx ON public.treinos USING btree (user_id) remote_raw=CREATE INDEX treinos_user_id_idx ON public.treinos USING btree (user_id) local_norm=create index treinos_user_id_idx on treinos using btree (user_id) remote_norm=create index treinos_user_id_idx on treinos using btree (user_id) local_hash=1879e5b8 remote_hash=1879e5b8,No action.,20260716090000_baseline_aruka_v1.sql
index,public,treinos,treinos_user_template_origin_idx,present,present,EQUIVALENT,info,"indexdef: local_raw=CREATE INDEX treinos_user_template_origin_idx ON public.treinos USING btree (user_id, template_origin_type, template_origin_id) remote_raw=CREATE INDEX treinos_user_template_origin_idx ON public.treinos USING btree (user_id, template_origin_type, template_origin_id) local_norm=create index treinos_user_template_origin_idx on treinos using btree (user_id, template_origin_type, template_origin_id) remote_norm=create index treinos_user_template_origin_idx on treinos using btree (user_id, template_origin_type, template_origin_id) local_hash=fc063f39 remote_hash=fc063f39",No action.,20260716090000_baseline_aruka_v1.sql
index,public,workout_templates,workout_templates_owner_id_idx,present,present,EQUIVALENT,info,indexdef: local_raw=CREATE INDEX workout_templates_owner_id_idx ON public.workout_templates USING btree (owner_id) remote_raw=CREATE INDEX workout_templates_owner_id_idx ON public.workout_templates USING btree (owner_id) local_norm=create index workout_templates_owner_id_idx on workout_templates using btree (owner_id) remote_norm=create index workout_templates_owner_id_idx on workout_templates using btree (owner_id) local_hash=4d17c9a remote_hash=4d17c9a,No action.,20260716090000_baseline_aruka_v1.sql
index,public,workout_templates,workout_templates_owner_split_idx,present,present,EQUIVALENT,info,"indexdef: local_raw=CREATE INDEX workout_templates_owner_split_idx ON public.workout_templates USING btree (owner_id, split_type) remote_raw=CREATE INDEX workout_templates_owner_split_idx ON public.workout_templates USING btree (owner_id, split_type) local_norm=create index workout_templates_owner_split_idx on workout_templates using btree (owner_id, split_type) remote_norm=create index workout_templates_owner_split_idx on workout_templates using btree (owner_id, split_type) local_hash=86251e32 remote_hash=86251e32",No action.,20260716090000_baseline_aruka_v1.sql
index,public,workout_templates,workout_templates_owner_updated_idx,present,present,EQUIVALENT,info,"indexdef: local_raw=CREATE INDEX workout_templates_owner_updated_idx ON public.workout_templates USING btree (owner_id, updated_at DESC) remote_raw=CREATE INDEX workout_templates_owner_updated_idx ON public.workout_templates USING btree (owner_id, updated_at DESC) local_norm=create index workout_templates_owner_updated_idx on workout_templates using btree (owner_id, updated_at desc) remote_norm=create index workout_templates_owner_updated_idx on workout_templates using btree (owner_id, updated_at desc) local_hash=d2d7a1ba remote_hash=d2d7a1ba",No action.,20260716090000_baseline_aruka_v1.sql
index,public,workout_templates,workout_templates_pkey,present,present,EQUIVALENT,info,indexdef: local_raw=CREATE UNIQUE INDEX workout_templates_pkey ON public.workout_templates USING btree (id) remote_raw=CREATE UNIQUE INDEX workout_templates_pkey ON public.workout_templates USING btree (id) local_norm=create unique index workout_templates_pkey on workout_templates using btree (id) remote_norm=create unique index workout_templates_pkey on workout_templates using btree (id) local_hash=9f2bd145 remote_hash=9f2bd145,No action.,20260716090000_baseline_aruka_v1.sql
policy,public,aceites_legais,Usuarios podem listar seus aceites legais,present,present,REMOTE_MORE_PERMISSIVE,critical,permissive: local_raw=PERMISSIVE remote_raw=PERMISSIVE local_norm=permissive remote_norm=permissive local_hash=e892274c remote_hash=e892274c; roles: local_raw={authenticated} remote_raw={public} local_norm=authenticated remote_norm=public local_hash=486e9848 remote_hash=159d94a4; cmd: local_raw=SELECT remote_raw=SELECT local_norm=select remote_norm=select local_hash=1b80e3c5 remote_hash=1b80e3c5; qual: local_raw=(auth.uid() = user_id) remote_raw=(auth.uid() = user_id) local_norm=auth.uid() = user_id remote_norm=auth.uid() = user_id local_hash=8dc18120 remote_hash=8dc18120; with_check: local_raw=<null> remote_raw=null local_norm=null remote_norm=null local_hash=7c9b6140 remote_hash=7c9b6140,Review policy role scope before any production action.,20260716090000_baseline_aruka_v1.sql
policy,public,aceites_legais,Usuarios podem registrar seus aceites legais,present,present,REMOTE_MORE_PERMISSIVE,critical,permissive: local_raw=PERMISSIVE remote_raw=PERMISSIVE local_norm=permissive remote_norm=permissive local_hash=e892274c remote_hash=e892274c; roles: local_raw={authenticated} remote_raw={public} local_norm=authenticated remote_norm=public local_hash=486e9848 remote_hash=159d94a4; cmd: local_raw=INSERT remote_raw=INSERT local_norm=insert remote_norm=insert local_hash=4d4029a remote_hash=4d4029a; qual: local_raw=<null> remote_raw=null local_norm=null remote_norm=null local_hash=7c9b6140 remote_hash=7c9b6140; with_check: local_raw=((auth.uid() = user_id) AND (politica_aceita = true) AND (termos_aceitos = true)) remote_raw=((auth.uid() = user_id) AND (politica_aceita = true) AND (termos_aceitos = true)) local_norm=(auth.uid() = user_id) and (politica_aceita = true) and (termos_aceitos = true) remote_norm=(auth.uid() = user_id) and (politica_aceita = true) and (termos_aceitos = true) local_hash=eef7656f remote_hash=eef7656f,Review policy role scope before any production action.,20260716090000_baseline_aruka_v1.sql
policy,public,acompanhamento_eventos,Usuarios podem cadastrar seus eventos de acompanhamento,present,present,EQUIVALENT,info,permissive: local_raw=PERMISSIVE remote_raw=PERMISSIVE local_norm=permissive remote_norm=permissive local_hash=e892274c remote_hash=e892274c; roles: local_raw={authenticated} remote_raw={authenticated} local_norm=authenticated remote_norm=authenticated local_hash=486e9848 remote_hash=486e9848; cmd: local_raw=INSERT remote_raw=INSERT local_norm=insert remote_norm=insert local_hash=4d4029a remote_hash=4d4029a; qual: local_raw=<null> remote_raw=null local_norm=null remote_norm=null local_hash=7c9b6140 remote_hash=7c9b6140; with_check: local_raw=[len 308 hash 7898e0a8] remote_raw=[len 308 hash 7898e0a8] local_norm=[len 294 hash 10e36f6f] remote_norm=[len 294 hash 10e36f6f] local_hash=10e36f6f remote_hash=10e36f6f,No action.,20260716090000_baseline_aruka_v1.sql
policy,public,acompanhamento_eventos,Usuarios podem listar seus eventos de acompanhamento,present,present,EQUIVALENT,info,permissive: local_raw=PERMISSIVE remote_raw=PERMISSIVE local_norm=permissive remote_norm=permissive local_hash=e892274c remote_hash=e892274c; roles: local_raw={authenticated} remote_raw={authenticated} local_norm=authenticated remote_norm=authenticated local_hash=486e9848 remote_hash=486e9848; cmd: local_raw=SELECT remote_raw=SELECT local_norm=select remote_norm=select local_hash=1b80e3c5 remote_hash=1b80e3c5; qual: local_raw=(auth.uid() = user_id) remote_raw=(auth.uid() = user_id) local_norm=auth.uid() = user_id remote_norm=auth.uid() = user_id local_hash=8dc18120 remote_hash=8dc18120; with_check: local_raw=<null> remote_raw=null local_norm=null remote_norm=null local_hash=7c9b6140 remote_hash=7c9b6140,No action.,20260716090000_baseline_aruka_v1.sql
policy,public,admin_logs,Admins podem listar logs administrativos,present,present,REMOTE_MORE_PERMISSIVE,critical,permissive: local_raw=PERMISSIVE remote_raw=PERMISSIVE local_norm=permissive remote_norm=permissive local_hash=e892274c remote_hash=e892274c; roles: local_raw={authenticated} remote_raw={public} local_norm=authenticated remote_norm=public local_hash=486e9848 remote_hash=159d94a4; cmd: local_raw=SELECT remote_raw=SELECT local_norm=select remote_norm=select local_hash=1b80e3c5 remote_hash=1b80e3c5; qual: local_raw=admin_eh_admin() remote_raw=[len 187 hash 9b3198b8] local_norm=admin_eh_admin() remote_norm=exists (select 1 from perfis where ((perfis.user_id = auth.uid()) and (perfis.status = 'ativo') and ((perfis.role = 'admin') or (perfis.tipo_acesso = 'admin')))) local_hash=274e74d3 remote_hash=f5f109c8; with_check: local_raw=<null> remote_raw=null local_norm=null remote_norm=null local_hash=7c9b6140 remote_hash=7c9b6140,Review policy role scope before any production action.,20260716090000_baseline_aruka_v1.sql
policy,public,admin_logs,Usuarios comuns nao inserem logs administrativos,present,present,REMOTE_MORE_PERMISSIVE,critical,permissive: local_raw=PERMISSIVE remote_raw=PERMISSIVE local_norm=permissive remote_norm=permissive local_hash=e892274c remote_hash=e892274c; roles: local_raw={authenticated} remote_raw={public} local_norm=authenticated remote_norm=public local_hash=486e9848 remote_hash=159d94a4; cmd: local_raw=INSERT remote_raw=INSERT local_norm=insert remote_norm=insert local_hash=4d4029a remote_hash=4d4029a; qual: local_raw=<null> remote_raw=null local_norm=null remote_norm=null local_hash=7c9b6140 remote_hash=7c9b6140; with_check: local_raw=false remote_raw=false local_norm=false remote_norm=false local_hash=f6bcef0 remote_hash=f6bcef0,Review policy role scope before any production action.,20260716090000_baseline_aruka_v1.sql
policy,public,alunos,Usuário cadastra seus alunos,absent,present,REMOTE_ONLY,critical,20260716090000_baseline_aruka_v1.sql,Object exists only in remote evidence.,Review as remote drift before any repair.
policy,public,alunos,Usuário edita seus alunos,absent,present,REMOTE_ONLY,critical,20260716090000_baseline_aruka_v1.sql,Object exists only in remote evidence.,Review as remote drift before any repair.
policy,public,alunos,Usuário exclui seus alunos,absent,present,REMOTE_ONLY,critical,20260716090000_baseline_aruka_v1.sql,Object exists only in remote evidence.,Review as remote drift before any repair.
policy,public,alunos,Usuário vê apenas seus alunos,absent,present,REMOTE_ONLY,critical,20260716090000_baseline_aruka_v1.sql,Object exists only in remote evidence.,Review as remote drift before any repair.
policy,public,alunos,Usuarios podem atualizar seus alunos,present,absent,LOCAL_ONLY,critical,20260716090000_baseline_aruka_v1.sql,Object exists locally but not in remote evidence.,Do not repair this migration as applied until reconciled.
policy,public,alunos,Usuarios podem cadastrar seus alunos,present,absent,LOCAL_ONLY,critical,20260716090000_baseline_aruka_v1.sql,Object exists locally but not in remote evidence.,Do not repair this migration as applied until reconciled.
policy,public,alunos,Usuarios podem excluir seus alunos,present,absent,LOCAL_ONLY,critical,20260716090000_baseline_aruka_v1.sql,Object exists locally but not in remote evidence.,Do not repair this migration as applied until reconciled.
policy,public,alunos,Usuarios podem listar seus alunos,present,absent,LOCAL_ONLY,critical,20260716090000_baseline_aruka_v1.sql,Object exists locally but not in remote evidence.,Do not repair this migration as applied until reconciled.
policy,public,anamneses,Usuarios podem atualizar suas anamneses,present,present,REMOTE_MORE_PERMISSIVE,critical,"permissive: local_raw=PERMISSIVE remote_raw=PERMISSIVE local_norm=permissive remote_norm=permissive local_hash=e892274c remote_hash=e892274c; roles: local_raw={authenticated} remote_raw={public} local_norm=authenticated remote_norm=public local_hash=486e9848 remote_hash=159d94a4; cmd: local_raw=UPDATE remote_raw=UPDATE local_norm=update remote_norm=update local_hash=20edd0a8 remote_hash=20edd0a8; qual: local_raw=(auth.uid() = user_id) remote_raw=(( SELECT auth.uid() AS uid) = user_id) local_norm=auth.uid() = user_id remote_norm=(select auth.uid() as uid) = user_id local_hash=8dc18120 remote_hash=62194ce7; with_check: local_raw=((auth.uid() = user_id) AND (EXISTS ( SELECT 1
   FROM alunos
  WHERE ((alunos.id = anamneses.aluno_id) AND (alunos.user_id = auth.uid()))))) remote_raw=((( SELECT auth.uid() AS uid) = user_id) AND (EXISTS ( SELECT 1
   FROM alunos
  WHERE ((alunos.id = anamneses.aluno_id) AND (alunos.user_id = ( SELECT auth.uid() AS uid)))))) local_norm=(auth.uid() = user_id) and (exists (select 1 from alunos where ((alunos.id = anamneses.aluno_id) and (alunos.user_id = auth.uid())))) remote_norm=((select auth.uid() as uid) = user_id) and (exists (select 1 from alunos where ((alunos.id = anamneses.aluno_id) and (alunos.user_id = (select auth.uid() as uid))))) local_hash=d4b027b7 remote_hash=958f8c05",Review policy role scope before any production action.,20260716090000_baseline_aruka_v1.sql
policy,public,anamneses,Usuarios podem cadastrar suas anamneses,present,present,REMOTE_MORE_PERMISSIVE,critical,"permissive: local_raw=PERMISSIVE remote_raw=PERMISSIVE local_norm=permissive remote_norm=permissive local_hash=e892274c remote_hash=e892274c; roles: local_raw={authenticated} remote_raw={public} local_norm=authenticated remote_norm=public local_hash=486e9848 remote_hash=159d94a4; cmd: local_raw=INSERT remote_raw=INSERT local_norm=insert remote_norm=insert local_hash=4d4029a remote_hash=4d4029a; qual: local_raw=<null> remote_raw=null local_norm=null remote_norm=null local_hash=7c9b6140 remote_hash=7c9b6140; with_check: local_raw=((auth.uid() = user_id) AND (EXISTS ( SELECT 1
   FROM alunos
  WHERE ((alunos.id = anamneses.aluno_id) AND (alunos.user_id = auth.uid()))))) remote_raw=((( SELECT auth.uid() AS uid) = user_id) AND (EXISTS ( SELECT 1
   FROM alunos
  WHERE ((alunos.id = anamneses.aluno_id) AND (alunos.user_id = ( SELECT auth.uid() AS uid)))))) local_norm=(auth.uid() = user_id) and (exists (select 1 from alunos where ((alunos.id = anamneses.aluno_id) and (alunos.user_id = auth.uid())))) remote_norm=((select auth.uid() as uid) = user_id) and (exists (select 1 from alunos where ((alunos.id = anamneses.aluno_id) and (alunos.user_id = (select auth.uid() as uid))))) local_hash=d4b027b7 remote_hash=958f8c05",Review policy role scope before any production action.,20260716090000_baseline_aruka_v1.sql
policy,public,anamneses,Usuarios podem excluir suas anamneses,present,present,REMOTE_MORE_PERMISSIVE,critical,permissive: local_raw=PERMISSIVE remote_raw=PERMISSIVE local_norm=permissive remote_norm=permissive local_hash=e892274c remote_hash=e892274c; roles: local_raw={authenticated} remote_raw={public} local_norm=authenticated remote_norm=public local_hash=486e9848 remote_hash=159d94a4; cmd: local_raw=DELETE remote_raw=DELETE local_norm=delete remote_norm=delete local_hash=f8838478 remote_hash=f8838478; qual: local_raw=(auth.uid() = user_id) remote_raw=(( SELECT auth.uid() AS uid) = user_id) local_norm=auth.uid() = user_id remote_norm=(select auth.uid() as uid) = user_id local_hash=8dc18120 remote_hash=62194ce7; with_check: local_raw=<null> remote_raw=null local_norm=null remote_norm=null local_hash=7c9b6140 remote_hash=7c9b6140,Review policy role scope before any production action.,20260716090000_baseline_aruka_v1.sql
policy,public,anamneses,Usuarios podem listar suas anamneses,present,present,REMOTE_MORE_PERMISSIVE,critical,permissive: local_raw=PERMISSIVE remote_raw=PERMISSIVE local_norm=permissive remote_norm=permissive local_hash=e892274c remote_hash=e892274c; roles: local_raw={authenticated} remote_raw={public} local_norm=authenticated remote_norm=public local_hash=486e9848 remote_hash=159d94a4; cmd: local_raw=SELECT remote_raw=SELECT local_norm=select remote_norm=select local_hash=1b80e3c5 remote_hash=1b80e3c5; qual: local_raw=(auth.uid() = user_id) remote_raw=(( SELECT auth.uid() AS uid) = user_id) local_norm=auth.uid() = user_id remote_norm=(select auth.uid() as uid) = user_id local_hash=8dc18120 remote_hash=62194ce7; with_check: local_raw=<null> remote_raw=null local_norm=null remote_norm=null local_hash=7c9b6140 remote_hash=7c9b6140,Review policy role scope before any production action.,20260716090000_baseline_aruka_v1.sql
policy,public,aoe_audit_events,Auditoria AOE somente admin leitura,present,present,REMOTE_MORE_PERMISSIVE,critical,permissive: local_raw=PERMISSIVE remote_raw=PERMISSIVE local_norm=permissive remote_norm=permissive local_hash=e892274c remote_hash=e892274c; roles: local_raw={authenticated} remote_raw={public} local_norm=authenticated remote_norm=public local_hash=486e9848 remote_hash=159d94a4; cmd: local_raw=SELECT remote_raw=SELECT local_norm=select remote_norm=select local_hash=1b80e3c5 remote_hash=1b80e3c5; qual: local_raw=admin_eh_admin() remote_raw=admin_eh_admin() local_norm=admin_eh_admin() remote_norm=admin_eh_admin() local_hash=274e74d3 remote_hash=274e74d3; with_check: local_raw=<null> remote_raw=null local_norm=null remote_norm=null local_hash=7c9b6140 remote_hash=7c9b6140,Review policy role scope before any production action.,20260716090000_baseline_aruka_v1.sql
policy,public,aoe_decision_traces,Traces AOE restritos ao profissional autorizado,present,present,REMOTE_MORE_PERMISSIVE,critical,"permissive: local_raw=PERMISSIVE remote_raw=PERMISSIVE local_norm=permissive remote_norm=permissive local_hash=e892274c remote_hash=e892274c; roles: local_raw={authenticated} remote_raw={public} local_norm=authenticated remote_norm=public local_hash=486e9848 remote_hash=159d94a4; cmd: local_raw=SELECT remote_raw=SELECT local_norm=select remote_norm=select local_hash=1b80e3c5 remote_hash=1b80e3c5; qual: local_raw=(EXISTS ( SELECT 1
   FROM aoe_decisions d
  WHERE ((d.id = aoe_decision_traces.decision_id) AND ((d.actor_id = auth.uid()) OR admin_eh_admin())))) remote_raw=(EXISTS ( SELECT 1
   FROM aoe_decisions d
  WHERE ((d.id = aoe_decision_traces.decision_id) AND ((d.actor_id = auth.uid()) OR admin_eh_admin())))) local_norm=exists (select 1 from aoe_decisions d where ((d.id = aoe_decision_traces.decision_id) and ((d.actor_id = auth.uid()) or admin_eh_admin()))) remote_norm=exists (select 1 from aoe_decisions d where ((d.id = aoe_decision_traces.decision_id) and ((d.actor_id = auth.uid()) or admin_eh_admin()))) local_hash=6a9e1483 remote_hash=6a9e1483; with_check: local_raw=<null> remote_raw=null local_norm=null remote_norm=null local_hash=7c9b6140 remote_hash=7c9b6140",Review policy role scope before any production action.,20260716090000_baseline_aruka_v1.sql
policy,public,aoe_decisions,Usuarios podem criar decisoes AOE dos seus alunos,present,present,REMOTE_MORE_PERMISSIVE,critical,permissive: local_raw=PERMISSIVE remote_raw=PERMISSIVE local_norm=permissive remote_norm=permissive local_hash=e892274c remote_hash=e892274c; roles: local_raw={authenticated} remote_raw={public} local_norm=authenticated remote_norm=public local_hash=486e9848 remote_hash=159d94a4; cmd: local_raw=INSERT remote_raw=INSERT local_norm=insert remote_norm=insert local_hash=4d4029a remote_hash=4d4029a; qual: local_raw=<null> remote_raw=null local_norm=null remote_norm=null local_hash=7c9b6140 remote_hash=7c9b6140; with_check: local_raw=((actor_id = auth.uid()) AND aoe_user_owns_student(student_id)) remote_raw=((actor_id = auth.uid()) AND aoe_user_owns_student(student_id)) local_norm=(actor_id = auth.uid()) and aoe_user_owns_student(student_id) remote_norm=(actor_id = auth.uid()) and aoe_user_owns_student(student_id) local_hash=f4ff45e1 remote_hash=f4ff45e1,Review policy role scope before any production action.,20260716090000_baseline_aruka_v1.sql
policy,public,aoe_decisions,Usuarios podem listar decisoes AOE dos seus alunos,present,present,REMOTE_MORE_PERMISSIVE,critical,permissive: local_raw=PERMISSIVE remote_raw=PERMISSIVE local_norm=permissive remote_norm=permissive local_hash=e892274c remote_hash=e892274c; roles: local_raw={authenticated} remote_raw={public} local_norm=authenticated remote_norm=public local_hash=486e9848 remote_hash=159d94a4; cmd: local_raw=SELECT remote_raw=SELECT local_norm=select remote_norm=select local_hash=1b80e3c5 remote_hash=1b80e3c5; qual: local_raw=((actor_id = auth.uid()) OR admin_eh_admin() OR aoe_user_owns_student(student_id)) remote_raw=((actor_id = auth.uid()) OR admin_eh_admin() OR aoe_user_owns_student(student_id)) local_norm=(actor_id = auth.uid()) or admin_eh_admin() or aoe_user_owns_student(student_id) remote_norm=(actor_id = auth.uid()) or admin_eh_admin() or aoe_user_owns_student(student_id) local_hash=8fb6f35e remote_hash=8fb6f35e; with_check: local_raw=<null> remote_raw=null local_norm=null remote_norm=null local_hash=7c9b6140 remote_hash=7c9b6140,Review policy role scope before any production action.,20260716090000_baseline_aruka_v1.sql
policy,public,aoe_human_reviews,Usuarios podem atualizar reviews AOE autorizadas,present,present,REMOTE_MORE_PERMISSIVE,critical,"permissive: local_raw=PERMISSIVE remote_raw=PERMISSIVE local_norm=permissive remote_norm=permissive local_hash=e892274c remote_hash=e892274c; roles: local_raw={authenticated} remote_raw={public} local_norm=authenticated remote_norm=public local_hash=486e9848 remote_hash=159d94a4; cmd: local_raw=UPDATE remote_raw=UPDATE local_norm=update remote_norm=update local_hash=20edd0a8 remote_hash=20edd0a8; qual: local_raw=(EXISTS ( SELECT 1
   FROM aoe_decisions d
  WHERE ((d.id = aoe_human_reviews.decision_id) AND (d.actor_id = auth.uid())))) remote_raw=(EXISTS ( SELECT 1
   FROM aoe_decisions d
  WHERE ((d.id = aoe_human_reviews.decision_id) AND (d.actor_id = auth.uid())))) local_norm=exists (select 1 from aoe_decisions d where ((d.id = aoe_human_reviews.decision_id) and (d.actor_id = auth.uid()))) remote_norm=exists (select 1 from aoe_decisions d where ((d.id = aoe_human_reviews.decision_id) and (d.actor_id = auth.uid()))) local_hash=d6e5cd11 remote_hash=d6e5cd11; with_check: local_raw=(EXISTS ( SELECT 1
   FROM aoe_decisions d
  WHERE ((d.id = aoe_human_reviews.decision_id) AND (d.actor_id = auth.uid())))) remote_raw=(EXISTS ( SELECT 1
   FROM aoe_decisions d
  WHERE ((d.id = aoe_human_reviews.decision_id) AND (d.actor_id = auth.uid())))) local_norm=exists (select 1 from aoe_decisions d where ((d.id = aoe_human_reviews.decision_id) and (d.actor_id = auth.uid()))) remote_norm=exists (select 1 from aoe_decisions d where ((d.id = aoe_human_reviews.decision_id) and (d.actor_id = auth.uid()))) local_hash=d6e5cd11 remote_hash=d6e5cd11",Review policy role scope before any production action.,20260716090000_baseline_aruka_v1.sql
policy,public,aoe_human_reviews,Usuarios podem consultar reviews AOE autorizadas,present,present,REMOTE_MORE_PERMISSIVE,critical,"permissive: local_raw=PERMISSIVE remote_raw=PERMISSIVE local_norm=permissive remote_norm=permissive local_hash=e892274c remote_hash=e892274c; roles: local_raw={authenticated} remote_raw={public} local_norm=authenticated remote_norm=public local_hash=486e9848 remote_hash=159d94a4; cmd: local_raw=SELECT remote_raw=SELECT local_norm=select remote_norm=select local_hash=1b80e3c5 remote_hash=1b80e3c5; qual: local_raw=(EXISTS ( SELECT 1
   FROM aoe_decisions d
  WHERE ((d.id = aoe_human_reviews.decision_id) AND ((d.actor_id = auth.uid()) OR admin_eh_admin())))) remote_raw=(EXISTS ( SELECT 1
   FROM aoe_decisions d
  WHERE ((d.id = aoe_human_reviews.decision_id) AND ((d.actor_id = auth.uid()) OR admin_eh_admin())))) local_norm=exists (select 1 from aoe_decisions d where ((d.id = aoe_human_reviews.decision_id) and ((d.actor_id = auth.uid()) or admin_eh_admin()))) remote_norm=exists (select 1 from aoe_decisions d where ((d.id = aoe_human_reviews.decision_id) and ((d.actor_id = auth.uid()) or admin_eh_admin()))) local_hash=c18ac671 remote_hash=c18ac671; with_check: local_raw=<null> remote_raw=null local_norm=null remote_norm=null local_hash=7c9b6140 remote_hash=7c9b6140",Review policy role scope before any production action.,20260716090000_baseline_aruka_v1.sql
policy,public,aoe_human_reviews,Usuarios podem criar reviews AOE autorizadas,present,present,REMOTE_MORE_PERMISSIVE,critical,"permissive: local_raw=PERMISSIVE remote_raw=PERMISSIVE local_norm=permissive remote_norm=permissive local_hash=e892274c remote_hash=e892274c; roles: local_raw={authenticated} remote_raw={public} local_norm=authenticated remote_norm=public local_hash=486e9848 remote_hash=159d94a4; cmd: local_raw=INSERT remote_raw=INSERT local_norm=insert remote_norm=insert local_hash=4d4029a remote_hash=4d4029a; qual: local_raw=<null> remote_raw=null local_norm=null remote_norm=null local_hash=7c9b6140 remote_hash=7c9b6140; with_check: local_raw=(EXISTS ( SELECT 1
   FROM aoe_decisions d
  WHERE ((d.id = aoe_human_reviews.decision_id) AND (d.actor_id = auth.uid())))) remote_raw=(EXISTS ( SELECT 1
   FROM aoe_decisions d
  WHERE ((d.id = aoe_human_reviews.decision_id) AND (d.actor_id = auth.uid())))) local_norm=exists (select 1 from aoe_decisions d where ((d.id = aoe_human_reviews.decision_id) and (d.actor_id = auth.uid()))) remote_norm=exists (select 1 from aoe_decisions d where ((d.id = aoe_human_reviews.decision_id) and (d.actor_id = auth.uid()))) local_hash=d6e5cd11 remote_hash=d6e5cd11",Review policy role scope before any production action.,20260716090000_baseline_aruka_v1.sql
policy,public,aoe_idempotency_keys,Idempotencia AOE restrita ao ator,present,present,REMOTE_MORE_PERMISSIVE,critical,permissive: local_raw=PERMISSIVE remote_raw=PERMISSIVE local_norm=permissive remote_norm=permissive local_hash=e892274c remote_hash=e892274c; roles: local_raw={authenticated} remote_raw={public} local_norm=authenticated remote_norm=public local_hash=486e9848 remote_hash=159d94a4; cmd: local_raw=ALL remote_raw=ALL local_norm=all remote_norm=all local_hash=b885dde remote_hash=b885dde; qual: local_raw=((actor_id = auth.uid()) OR admin_eh_admin()) remote_raw=((actor_id = auth.uid()) OR admin_eh_admin()) local_norm=(actor_id = auth.uid()) or admin_eh_admin() remote_norm=(actor_id = auth.uid()) or admin_eh_admin() local_hash=94d002fa remote_hash=94d002fa; with_check: local_raw=((actor_id = auth.uid()) OR admin_eh_admin()) remote_raw=((actor_id = auth.uid()) OR admin_eh_admin()) local_norm=(actor_id = auth.uid()) or admin_eh_admin() remote_norm=(actor_id = auth.uid()) or admin_eh_admin() local_hash=94d002fa remote_hash=94d002fa,Review policy role scope before any production action.,20260716090000_baseline_aruka_v1.sql
policy,public,assinaturas,Usuarios podem cadastrar suas assinaturas,present,present,REMOTE_MORE_PERMISSIVE,critical,permissive: local_raw=PERMISSIVE remote_raw=PERMISSIVE local_norm=permissive remote_norm=permissive local_hash=e892274c remote_hash=e892274c; roles: local_raw={authenticated} remote_raw={public} local_norm=authenticated remote_norm=public local_hash=486e9848 remote_hash=159d94a4; cmd: local_raw=INSERT remote_raw=INSERT local_norm=insert remote_norm=insert local_hash=4d4029a remote_hash=4d4029a; qual: local_raw=<null> remote_raw=null local_norm=null remote_norm=null local_hash=7c9b6140 remote_hash=7c9b6140; with_check: local_raw=((auth.uid() = user_id) AND (status = 'pendente'::text)) remote_raw=((auth.uid() = user_id) AND (status = 'pendente'::text)) local_norm=(auth.uid() = user_id) and (status = 'pendente') remote_norm=(auth.uid() = user_id) and (status = 'pendente') local_hash=10604c37 remote_hash=10604c37,Review policy role scope before any production action.,20260716090000_baseline_aruka_v1.sql
policy,public,assinaturas,Usuarios podem listar suas assinaturas,present,present,REMOTE_MORE_PERMISSIVE,critical,permissive: local_raw=PERMISSIVE remote_raw=PERMISSIVE local_norm=permissive remote_norm=permissive local_hash=e892274c remote_hash=e892274c; roles: local_raw={authenticated} remote_raw={public} local_norm=authenticated remote_norm=public local_hash=486e9848 remote_hash=159d94a4; cmd: local_raw=SELECT remote_raw=SELECT local_norm=select remote_norm=select local_hash=1b80e3c5 remote_hash=1b80e3c5; qual: local_raw=(auth.uid() = user_id) remote_raw=(auth.uid() = user_id) local_norm=auth.uid() = user_id remote_norm=auth.uid() = user_id local_hash=8dc18120 remote_hash=8dc18120; with_check: local_raw=<null> remote_raw=null local_norm=null remote_norm=null local_hash=7c9b6140 remote_hash=7c9b6140,Review policy role scope before any production action.,20260716090000_baseline_aruka_v1.sql
policy,public,avaliacoes,Usuarios podem atualizar suas avaliacoes,present,present,REMOTE_MORE_PERMISSIVE,critical,"permissive: local_raw=PERMISSIVE remote_raw=PERMISSIVE local_norm=permissive remote_norm=permissive local_hash=e892274c remote_hash=e892274c; roles: local_raw={authenticated} remote_raw={public} local_norm=authenticated remote_norm=public local_hash=486e9848 remote_hash=159d94a4; cmd: local_raw=UPDATE remote_raw=UPDATE local_norm=update remote_norm=update local_hash=20edd0a8 remote_hash=20edd0a8; qual: local_raw=(auth.uid() = user_id) remote_raw=(( SELECT auth.uid() AS uid) = user_id) local_norm=auth.uid() = user_id remote_norm=(select auth.uid() as uid) = user_id local_hash=8dc18120 remote_hash=62194ce7; with_check: local_raw=((auth.uid() = user_id) AND (EXISTS ( SELECT 1
   FROM alunos
  WHERE ((alunos.id = avaliacoes.aluno_id) AND (alunos.user_id = auth.uid()))))) remote_raw=((( SELECT auth.uid() AS uid) = user_id) AND (EXISTS ( SELECT 1
   FROM alunos
  WHERE ((alunos.id = avaliacoes.aluno_id) AND (alunos.user_id = ( SELECT auth.uid() AS uid)))))) local_norm=(auth.uid() = user_id) and (exists (select 1 from alunos where ((alunos.id = avaliacoes.aluno_id) and (alunos.user_id = auth.uid())))) remote_norm=((select auth.uid() as uid) = user_id) and (exists (select 1 from alunos where ((alunos.id = avaliacoes.aluno_id) and (alunos.user_id = (select auth.uid() as uid))))) local_hash=8efd7eb4 remote_hash=ad6b5e2",Review policy role scope before any production action.,20260716090000_baseline_aruka_v1.sql
policy,public,avaliacoes,Usuarios podem cadastrar suas avaliacoes,present,present,REMOTE_MORE_PERMISSIVE,critical,"permissive: local_raw=PERMISSIVE remote_raw=PERMISSIVE local_norm=permissive remote_norm=permissive local_hash=e892274c remote_hash=e892274c; roles: local_raw={authenticated} remote_raw={public} local_norm=authenticated remote_norm=public local_hash=486e9848 remote_hash=159d94a4; cmd: local_raw=INSERT remote_raw=INSERT local_norm=insert remote_norm=insert local_hash=4d4029a remote_hash=4d4029a; qual: local_raw=<null> remote_raw=null local_norm=null remote_norm=null local_hash=7c9b6140 remote_hash=7c9b6140; with_check: local_raw=((auth.uid() = user_id) AND (EXISTS ( SELECT 1
   FROM alunos
  WHERE ((alunos.id = avaliacoes.aluno_id) AND (alunos.user_id = auth.uid()))))) remote_raw=((( SELECT auth.uid() AS uid) = user_id) AND (EXISTS ( SELECT 1
   FROM alunos
  WHERE ((alunos.id = avaliacoes.aluno_id) AND (alunos.user_id = ( SELECT auth.uid() AS uid)))))) local_norm=(auth.uid() = user_id) and (exists (select 1 from alunos where ((alunos.id = avaliacoes.aluno_id) and (alunos.user_id = auth.uid())))) remote_norm=((select auth.uid() as uid) = user_id) and (exists (select 1 from alunos where ((alunos.id = avaliacoes.aluno_id) and (alunos.user_id = (select auth.uid() as uid))))) local_hash=8efd7eb4 remote_hash=ad6b5e2",Review policy role scope before any production action.,20260716090000_baseline_aruka_v1.sql
policy,public,avaliacoes,Usuarios podem excluir suas avaliacoes,present,present,REMOTE_MORE_PERMISSIVE,critical,permissive: local_raw=PERMISSIVE remote_raw=PERMISSIVE local_norm=permissive remote_norm=permissive local_hash=e892274c remote_hash=e892274c; roles: local_raw={authenticated} remote_raw={public} local_norm=authenticated remote_norm=public local_hash=486e9848 remote_hash=159d94a4; cmd: local_raw=DELETE remote_raw=DELETE local_norm=delete remote_norm=delete local_hash=f8838478 remote_hash=f8838478; qual: local_raw=(auth.uid() = user_id) remote_raw=(( SELECT auth.uid() AS uid) = user_id) local_norm=auth.uid() = user_id remote_norm=(select auth.uid() as uid) = user_id local_hash=8dc18120 remote_hash=62194ce7; with_check: local_raw=<null> remote_raw=null local_norm=null remote_norm=null local_hash=7c9b6140 remote_hash=7c9b6140,Review policy role scope before any production action.,20260716090000_baseline_aruka_v1.sql
policy,public,avaliacoes,Usuarios podem listar suas avaliacoes,present,present,REMOTE_MORE_PERMISSIVE,critical,permissive: local_raw=PERMISSIVE remote_raw=PERMISSIVE local_norm=permissive remote_norm=permissive local_hash=e892274c remote_hash=e892274c; roles: local_raw={authenticated} remote_raw={public} local_norm=authenticated remote_norm=public local_hash=486e9848 remote_hash=159d94a4; cmd: local_raw=SELECT remote_raw=SELECT local_norm=select remote_norm=select local_hash=1b80e3c5 remote_hash=1b80e3c5; qual: local_raw=(auth.uid() = user_id) remote_raw=(( SELECT auth.uid() AS uid) = user_id) local_norm=auth.uid() = user_id remote_norm=(select auth.uid() as uid) = user_id local_hash=8dc18120 remote_hash=62194ce7; with_check: local_raw=<null> remote_raw=null local_norm=null remote_norm=null local_hash=7c9b6140 remote_hash=7c9b6140,Review policy role scope before any production action.,20260716090000_baseline_aruka_v1.sql
policy,public,pagamentos,Usuarios podem atualizar seus pagamentos,present,present,REMOTE_MORE_PERMISSIVE,critical,"permissive: local_raw=PERMISSIVE remote_raw=PERMISSIVE local_norm=permissive remote_norm=permissive local_hash=e892274c remote_hash=e892274c; roles: local_raw={authenticated} remote_raw={public} local_norm=authenticated remote_norm=public local_hash=486e9848 remote_hash=159d94a4; cmd: local_raw=UPDATE remote_raw=UPDATE local_norm=update remote_norm=update local_hash=20edd0a8 remote_hash=20edd0a8; qual: local_raw=(auth.uid() = user_id) remote_raw=(auth.uid() = user_id) local_norm=auth.uid() = user_id remote_norm=auth.uid() = user_id local_hash=8dc18120 remote_hash=8dc18120; with_check: local_raw=((auth.uid() = user_id) AND (EXISTS ( SELECT 1
   FROM alunos
  WHERE ((alunos.id = pagamentos.aluno_id) AND (alunos.user_id = auth.uid()))))) remote_raw=((auth.uid() = user_id) AND (EXISTS ( SELECT 1
   FROM alunos
  WHERE ((alunos.id = pagamentos.aluno_id) AND (alunos.user_id = auth.uid()))))) local_norm=(auth.uid() = user_id) and (exists (select 1 from alunos where ((alunos.id = pagamentos.aluno_id) and (alunos.user_id = auth.uid())))) remote_norm=(auth.uid() = user_id) and (exists (select 1 from alunos where ((alunos.id = pagamentos.aluno_id) and (alunos.user_id = auth.uid())))) local_hash=e619c1eb remote_hash=e619c1eb",Review policy role scope before any production action.,20260716090000_baseline_aruka_v1.sql
policy,public,pagamentos,Usuarios podem cadastrar seus pagamentos,present,present,REMOTE_MORE_PERMISSIVE,critical,"permissive: local_raw=PERMISSIVE remote_raw=PERMISSIVE local_norm=permissive remote_norm=permissive local_hash=e892274c remote_hash=e892274c; roles: local_raw={authenticated} remote_raw={public} local_norm=authenticated remote_norm=public local_hash=486e9848 remote_hash=159d94a4; cmd: local_raw=INSERT remote_raw=INSERT local_norm=insert remote_norm=insert local_hash=4d4029a remote_hash=4d4029a; qual: local_raw=<null> remote_raw=null local_norm=null remote_norm=null local_hash=7c9b6140 remote_hash=7c9b6140; with_check: local_raw=((auth.uid() = user_id) AND (EXISTS ( SELECT 1
   FROM alunos
  WHERE ((alunos.id = pagamentos.aluno_id) AND (alunos.user_id = auth.uid()))))) remote_raw=((auth.uid() = user_id) AND (EXISTS ( SELECT 1
   FROM alunos
  WHERE ((alunos.id = pagamentos.aluno_id) AND (alunos.user_id = auth.uid()))))) local_norm=(auth.uid() = user_id) and (exists (select 1 from alunos where ((alunos.id = pagamentos.aluno_id) and (alunos.user_id = auth.uid())))) remote_norm=(auth.uid() = user_id) and (exists (select 1 from alunos where ((alunos.id = pagamentos.aluno_id) and (alunos.user_id = auth.uid())))) local_hash=e619c1eb remote_hash=e619c1eb",Review policy role scope before any production action.,20260716090000_baseline_aruka_v1.sql
policy,public,pagamentos,Usuarios podem excluir seus pagamentos,present,present,REMOTE_MORE_PERMISSIVE,critical,permissive: local_raw=PERMISSIVE remote_raw=PERMISSIVE local_norm=permissive remote_norm=permissive local_hash=e892274c remote_hash=e892274c; roles: local_raw={authenticated} remote_raw={public} local_norm=authenticated remote_norm=public local_hash=486e9848 remote_hash=159d94a4; cmd: local_raw=DELETE remote_raw=DELETE local_norm=delete remote_norm=delete local_hash=f8838478 remote_hash=f8838478; qual: local_raw=(auth.uid() = user_id) remote_raw=(auth.uid() = user_id) local_norm=auth.uid() = user_id remote_norm=auth.uid() = user_id local_hash=8dc18120 remote_hash=8dc18120; with_check: local_raw=<null> remote_raw=null local_norm=null remote_norm=null local_hash=7c9b6140 remote_hash=7c9b6140,Review policy role scope before any production action.,20260716090000_baseline_aruka_v1.sql
policy,public,pagamentos,Usuarios podem listar seus pagamentos,present,present,REMOTE_MORE_PERMISSIVE,critical,"permissive: local_raw=PERMISSIVE remote_raw=PERMISSIVE local_norm=permissive remote_norm=permissive local_hash=e892274c remote_hash=e892274c; roles: local_raw={authenticated} remote_raw={public} local_norm=authenticated remote_norm=public local_hash=486e9848 remote_hash=159d94a4; cmd: local_raw=SELECT remote_raw=SELECT local_norm=select remote_norm=select local_hash=1b80e3c5 remote_hash=1b80e3c5; qual: local_raw=((auth.uid() = user_id) AND (EXISTS ( SELECT 1
   FROM alunos
  WHERE ((alunos.id = pagamentos.aluno_id) AND (alunos.user_id = auth.uid()))))) remote_raw=((auth.uid() = user_id) AND (EXISTS ( SELECT 1
   FROM alunos
  WHERE ((alunos.id = pagamentos.aluno_id) AND (alunos.user_id = auth.uid()))))) local_norm=(auth.uid() = user_id) and (exists (select 1 from alunos where ((alunos.id = pagamentos.aluno_id) and (alunos.user_id = auth.uid())))) remote_norm=(auth.uid() = user_id) and (exists (select 1 from alunos where ((alunos.id = pagamentos.aluno_id) and (alunos.user_id = auth.uid())))) local_hash=e619c1eb remote_hash=e619c1eb; with_check: local_raw=<null> remote_raw=null local_norm=null remote_norm=null local_hash=7c9b6140 remote_hash=7c9b6140",Review policy role scope before any production action.,20260716090000_baseline_aruka_v1.sql
policy,public,perfis,Usuarios podem criar seu perfil padrao,present,present,REMOTE_MORE_PERMISSIVE,critical,permissive: local_raw=PERMISSIVE remote_raw=PERMISSIVE local_norm=permissive remote_norm=permissive local_hash=e892274c remote_hash=e892274c; roles: local_raw={authenticated} remote_raw={public} local_norm=authenticated remote_norm=public local_hash=486e9848 remote_hash=159d94a4; cmd: local_raw=INSERT remote_raw=INSERT local_norm=insert remote_norm=insert local_hash=4d4029a remote_hash=4d4029a; qual: local_raw=<null> remote_raw=null local_norm=null remote_norm=null local_hash=7c9b6140 remote_hash=7c9b6140; with_check: local_raw=((auth.uid() = user_id) AND (role = 'user'::text) AND (tipo_acesso = 'pendente'::text) AND (status = 'ativo'::text)) remote_raw=((auth.uid() = user_id) AND (role = 'user'::text) AND (tipo_acesso = 'pendente'::text) AND (status = 'ativo'::text)) local_norm=(auth.uid() = user_id) and (role = 'user') and (tipo_acesso = 'pendente') and (status = 'ativo') remote_norm=(auth.uid() = user_id) and (role = 'user') and (tipo_acesso = 'pendente') and (status = 'ativo') local_hash=f0496f02 remote_hash=f0496f02,Review policy role scope before any production action.,20260716090000_baseline_aruka_v1.sql
policy,public,perfis,Usuarios podem listar seu perfil,present,present,REMOTE_MORE_PERMISSIVE,critical,permissive: local_raw=PERMISSIVE remote_raw=PERMISSIVE local_norm=permissive remote_norm=permissive local_hash=e892274c remote_hash=e892274c; roles: local_raw={authenticated} remote_raw={public} local_norm=authenticated remote_norm=public local_hash=486e9848 remote_hash=159d94a4; cmd: local_raw=SELECT remote_raw=SELECT local_norm=select remote_norm=select local_hash=1b80e3c5 remote_hash=1b80e3c5; qual: local_raw=(auth.uid() = user_id) remote_raw=(auth.uid() = user_id) local_norm=auth.uid() = user_id remote_norm=auth.uid() = user_id local_hash=8dc18120 remote_hash=8dc18120; with_check: local_raw=<null> remote_raw=null local_norm=null remote_norm=null local_hash=7c9b6140 remote_hash=7c9b6140,Review policy role scope before any production action.,20260716090000_baseline_aruka_v1.sql
policy,public,planos,Usuarios podem atualizar seus planos,present,present,REMOTE_MORE_PERMISSIVE,critical,permissive: local_raw=PERMISSIVE remote_raw=PERMISSIVE local_norm=permissive remote_norm=permissive local_hash=e892274c remote_hash=e892274c; roles: local_raw={authenticated} remote_raw={public} local_norm=authenticated remote_norm=public local_hash=486e9848 remote_hash=159d94a4; cmd: local_raw=UPDATE remote_raw=UPDATE local_norm=update remote_norm=update local_hash=20edd0a8 remote_hash=20edd0a8; qual: local_raw=(auth.uid() = user_id) remote_raw=(auth.uid() = user_id) local_norm=auth.uid() = user_id remote_norm=auth.uid() = user_id local_hash=8dc18120 remote_hash=8dc18120; with_check: local_raw=(auth.uid() = user_id) remote_raw=(auth.uid() = user_id) local_norm=auth.uid() = user_id remote_norm=auth.uid() = user_id local_hash=8dc18120 remote_hash=8dc18120,Review policy role scope before any production action.,20260716090000_baseline_aruka_v1.sql
policy,public,planos,Usuarios podem cadastrar seus planos,present,present,REMOTE_MORE_PERMISSIVE,critical,permissive: local_raw=PERMISSIVE remote_raw=PERMISSIVE local_norm=permissive remote_norm=permissive local_hash=e892274c remote_hash=e892274c; roles: local_raw={authenticated} remote_raw={public} local_norm=authenticated remote_norm=public local_hash=486e9848 remote_hash=159d94a4; cmd: local_raw=INSERT remote_raw=INSERT local_norm=insert remote_norm=insert local_hash=4d4029a remote_hash=4d4029a; qual: local_raw=<null> remote_raw=null local_norm=null remote_norm=null local_hash=7c9b6140 remote_hash=7c9b6140; with_check: local_raw=(auth.uid() = user_id) remote_raw=(auth.uid() = user_id) local_norm=auth.uid() = user_id remote_norm=auth.uid() = user_id local_hash=8dc18120 remote_hash=8dc18120,Review policy role scope before any production action.,20260716090000_baseline_aruka_v1.sql
policy,public,planos,Usuarios podem excluir seus planos,present,present,REMOTE_MORE_PERMISSIVE,critical,permissive: local_raw=PERMISSIVE remote_raw=PERMISSIVE local_norm=permissive remote_norm=permissive local_hash=e892274c remote_hash=e892274c; roles: local_raw={authenticated} remote_raw={public} local_norm=authenticated remote_norm=public local_hash=486e9848 remote_hash=159d94a4; cmd: local_raw=DELETE remote_raw=DELETE local_norm=delete remote_norm=delete local_hash=f8838478 remote_hash=f8838478; qual: local_raw=(auth.uid() = user_id) remote_raw=(auth.uid() = user_id) local_norm=auth.uid() = user_id remote_norm=auth.uid() = user_id local_hash=8dc18120 remote_hash=8dc18120; with_check: local_raw=<null> remote_raw=null local_norm=null remote_norm=null local_hash=7c9b6140 remote_hash=7c9b6140,Review policy role scope before any production action.,20260716090000_baseline_aruka_v1.sql
policy,public,planos,Usuarios podem listar seus planos,present,present,REMOTE_MORE_PERMISSIVE,critical,permissive: local_raw=PERMISSIVE remote_raw=PERMISSIVE local_norm=permissive remote_norm=permissive local_hash=e892274c remote_hash=e892274c; roles: local_raw={authenticated} remote_raw={public} local_norm=authenticated remote_norm=public local_hash=486e9848 remote_hash=159d94a4; cmd: local_raw=SELECT remote_raw=SELECT local_norm=select remote_norm=select local_hash=1b80e3c5 remote_hash=1b80e3c5; qual: local_raw=(auth.uid() = user_id) remote_raw=(auth.uid() = user_id) local_norm=auth.uid() = user_id remote_norm=auth.uid() = user_id local_hash=8dc18120 remote_hash=8dc18120; with_check: local_raw=<null> remote_raw=null local_norm=null remote_norm=null local_hash=7c9b6140 remote_hash=7c9b6140,Review policy role scope before any production action.,20260716090000_baseline_aruka_v1.sql
policy,public,treino_dias,Usuarios podem atualizar dias dos seus treinos,present,present,REMOTE_MORE_PERMISSIVE,critical,"permissive: local_raw=PERMISSIVE remote_raw=PERMISSIVE local_norm=permissive remote_norm=permissive local_hash=e892274c remote_hash=e892274c; roles: local_raw={authenticated} remote_raw={public} local_norm=authenticated remote_norm=public local_hash=486e9848 remote_hash=159d94a4; cmd: local_raw=UPDATE remote_raw=UPDATE local_norm=update remote_norm=update local_hash=20edd0a8 remote_hash=20edd0a8; qual: local_raw=(EXISTS ( SELECT 1
   FROM treinos
  WHERE ((treinos.id = treino_dias.treino_id) AND (treinos.user_id = auth.uid())))) remote_raw=(EXISTS ( SELECT 1
   FROM treinos
  WHERE ((treinos.id = treino_dias.treino_id) AND (treinos.user_id = auth.uid())))) local_norm=exists (select 1 from treinos where ((treinos.id = treino_dias.treino_id) and (treinos.user_id = auth.uid()))) remote_norm=exists (select 1 from treinos where ((treinos.id = treino_dias.treino_id) and (treinos.user_id = auth.uid()))) local_hash=28105305 remote_hash=28105305; with_check: local_raw=(EXISTS ( SELECT 1
   FROM treinos
  WHERE ((treinos.id = treino_dias.treino_id) AND (treinos.user_id = auth.uid())))) remote_raw=(EXISTS ( SELECT 1
   FROM treinos
  WHERE ((treinos.id = treino_dias.treino_id) AND (treinos.user_id = auth.uid())))) local_norm=exists (select 1 from treinos where ((treinos.id = treino_dias.treino_id) and (treinos.user_id = auth.uid()))) remote_norm=exists (select 1 from treinos where ((treinos.id = treino_dias.treino_id) and (treinos.user_id = auth.uid()))) local_hash=28105305 remote_hash=28105305",Review policy role scope before any production action.,20260716090000_baseline_aruka_v1.sql
policy,public,treino_dias,Usuarios podem cadastrar dias dos seus treinos,present,present,REMOTE_MORE_PERMISSIVE,critical,"permissive: local_raw=PERMISSIVE remote_raw=PERMISSIVE local_norm=permissive remote_norm=permissive local_hash=e892274c remote_hash=e892274c; roles: local_raw={authenticated} remote_raw={public} local_norm=authenticated remote_norm=public local_hash=486e9848 remote_hash=159d94a4; cmd: local_raw=INSERT remote_raw=INSERT local_norm=insert remote_norm=insert local_hash=4d4029a remote_hash=4d4029a; qual: local_raw=<null> remote_raw=null local_norm=null remote_norm=null local_hash=7c9b6140 remote_hash=7c9b6140; with_check: local_raw=(EXISTS ( SELECT 1
   FROM treinos
  WHERE ((treinos.id = treino_dias.treino_id) AND (treinos.user_id = auth.uid())))) remote_raw=(EXISTS ( SELECT 1
   FROM treinos
  WHERE ((treinos.id = treino_dias.treino_id) AND (treinos.user_id = auth.uid())))) local_norm=exists (select 1 from treinos where ((treinos.id = treino_dias.treino_id) and (treinos.user_id = auth.uid()))) remote_norm=exists (select 1 from treinos where ((treinos.id = treino_dias.treino_id) and (treinos.user_id = auth.uid()))) local_hash=28105305 remote_hash=28105305",Review policy role scope before any production action.,20260716090000_baseline_aruka_v1.sql
policy,public,treino_dias,Usuarios podem excluir dias dos seus treinos,present,present,REMOTE_MORE_PERMISSIVE,critical,"permissive: local_raw=PERMISSIVE remote_raw=PERMISSIVE local_norm=permissive remote_norm=permissive local_hash=e892274c remote_hash=e892274c; roles: local_raw={authenticated} remote_raw={public} local_norm=authenticated remote_norm=public local_hash=486e9848 remote_hash=159d94a4; cmd: local_raw=DELETE remote_raw=DELETE local_norm=delete remote_norm=delete local_hash=f8838478 remote_hash=f8838478; qual: local_raw=(EXISTS ( SELECT 1
   FROM treinos
  WHERE ((treinos.id = treino_dias.treino_id) AND (treinos.user_id = auth.uid())))) remote_raw=(EXISTS ( SELECT 1
   FROM treinos
  WHERE ((treinos.id = treino_dias.treino_id) AND (treinos.user_id = auth.uid())))) local_norm=exists (select 1 from treinos where ((treinos.id = treino_dias.treino_id) and (treinos.user_id = auth.uid()))) remote_norm=exists (select 1 from treinos where ((treinos.id = treino_dias.treino_id) and (treinos.user_id = auth.uid()))) local_hash=28105305 remote_hash=28105305; with_check: local_raw=<null> remote_raw=null local_norm=null remote_norm=null local_hash=7c9b6140 remote_hash=7c9b6140",Review policy role scope before any production action.,20260716090000_baseline_aruka_v1.sql
policy,public,treino_dias,Usuarios podem listar dias dos seus treinos,present,present,REMOTE_MORE_PERMISSIVE,critical,"permissive: local_raw=PERMISSIVE remote_raw=PERMISSIVE local_norm=permissive remote_norm=permissive local_hash=e892274c remote_hash=e892274c; roles: local_raw={authenticated} remote_raw={public} local_norm=authenticated remote_norm=public local_hash=486e9848 remote_hash=159d94a4; cmd: local_raw=SELECT remote_raw=SELECT local_norm=select remote_norm=select local_hash=1b80e3c5 remote_hash=1b80e3c5; qual: local_raw=(EXISTS ( SELECT 1
   FROM treinos
  WHERE ((treinos.id = treino_dias.treino_id) AND (treinos.user_id = auth.uid())))) remote_raw=(EXISTS ( SELECT 1
   FROM treinos
  WHERE ((treinos.id = treino_dias.treino_id) AND (treinos.user_id = auth.uid())))) local_norm=exists (select 1 from treinos where ((treinos.id = treino_dias.treino_id) and (treinos.user_id = auth.uid()))) remote_norm=exists (select 1 from treinos where ((treinos.id = treino_dias.treino_id) and (treinos.user_id = auth.uid()))) local_hash=28105305 remote_hash=28105305; with_check: local_raw=<null> remote_raw=null local_norm=null remote_norm=null local_hash=7c9b6140 remote_hash=7c9b6140",Review policy role scope before any production action.,20260716090000_baseline_aruka_v1.sql
policy,public,treino_eventos,Usuarios podem listar eventos dos seus treinos,present,present,EQUIVALENT,info,"permissive: local_raw=PERMISSIVE remote_raw=PERMISSIVE local_norm=permissive remote_norm=permissive local_hash=e892274c remote_hash=e892274c; roles: local_raw={authenticated} remote_raw={authenticated} local_norm=authenticated remote_norm=authenticated local_hash=486e9848 remote_hash=486e9848; cmd: local_raw=SELECT remote_raw=SELECT local_norm=select remote_norm=select local_hash=1b80e3c5 remote_hash=1b80e3c5; qual: local_raw=((auth.uid() = user_id) AND (EXISTS ( SELECT 1
   FROM treinos
  WHERE ((treinos.id = treino_eventos.treino_id) AND (treinos.user_id = auth.uid()))))) remote_raw=((auth.uid() = user_id) AND (EXISTS ( SELECT 1
   FROM treinos
  WHERE ((treinos.id = treino_eventos.treino_id) AND (treinos.user_id = auth.uid()))))) local_norm=(auth.uid() = user_id) and (exists (select 1 from treinos where ((treinos.id = treino_eventos.treino_id) and (treinos.user_id = auth.uid())))) remote_norm=(auth.uid() = user_id) and (exists (select 1 from treinos where ((treinos.id = treino_eventos.treino_id) and (treinos.user_id = auth.uid())))) local_hash=20eea798 remote_hash=20eea798; with_check: local_raw=<null> remote_raw=null local_norm=null remote_norm=null local_hash=7c9b6140 remote_hash=7c9b6140",No action.,20260728030000_workout_delivery_integration_v1.sql
policy,public,treino_exercicios,Usuarios podem atualizar exercicios dos seus treinos,present,present,REMOTE_MORE_PERMISSIVE,critical,permissive: local_raw=PERMISSIVE remote_raw=PERMISSIVE local_norm=permissive remote_norm=permissive local_hash=e892274c remote_hash=e892274c; roles: local_raw={authenticated} remote_raw={public} local_norm=authenticated remote_norm=public local_hash=486e9848 remote_hash=159d94a4; cmd: local_raw=UPDATE remote_raw=UPDATE local_norm=update remote_norm=update local_hash=20edd0a8 remote_hash=20edd0a8; qual: local_raw=[len 198 hash 717ed404] remote_raw=[len 198 hash 717ed404] local_norm=[len 185 hash a3e3015] remote_norm=[len 185 hash a3e3015] local_hash=a3e3015 remote_hash=a3e3015; with_check: local_raw=[len 198 hash 717ed404] remote_raw=[len 198 hash 717ed404] local_norm=[len 185 hash a3e3015] remote_norm=[len 185 hash a3e3015] local_hash=a3e3015 remote_hash=a3e3015,Review policy role scope before any production action.,20260716090000_baseline_aruka_v1.sql
policy,public,treino_exercicios,Usuarios podem cadastrar exercicios dos seus treinos,present,present,REMOTE_MORE_PERMISSIVE,critical,permissive: local_raw=PERMISSIVE remote_raw=PERMISSIVE local_norm=permissive remote_norm=permissive local_hash=e892274c remote_hash=e892274c; roles: local_raw={authenticated} remote_raw={public} local_norm=authenticated remote_norm=public local_hash=486e9848 remote_hash=159d94a4; cmd: local_raw=INSERT remote_raw=INSERT local_norm=insert remote_norm=insert local_hash=4d4029a remote_hash=4d4029a; qual: local_raw=<null> remote_raw=null local_norm=null remote_norm=null local_hash=7c9b6140 remote_hash=7c9b6140; with_check: local_raw=[len 198 hash 717ed404] remote_raw=[len 198 hash 717ed404] local_norm=[len 185 hash a3e3015] remote_norm=[len 185 hash a3e3015] local_hash=a3e3015 remote_hash=a3e3015,Review policy role scope before any production action.,20260716090000_baseline_aruka_v1.sql
policy,public,treino_exercicios,Usuarios podem excluir exercicios dos seus treinos,present,present,REMOTE_MORE_PERMISSIVE,critical,permissive: local_raw=PERMISSIVE remote_raw=PERMISSIVE local_norm=permissive remote_norm=permissive local_hash=e892274c remote_hash=e892274c; roles: local_raw={authenticated} remote_raw={public} local_norm=authenticated remote_norm=public local_hash=486e9848 remote_hash=159d94a4; cmd: local_raw=DELETE remote_raw=DELETE local_norm=delete remote_norm=delete local_hash=f8838478 remote_hash=f8838478; qual: local_raw=[len 198 hash 717ed404] remote_raw=[len 198 hash 717ed404] local_norm=[len 185 hash a3e3015] remote_norm=[len 185 hash a3e3015] local_hash=a3e3015 remote_hash=a3e3015; with_check: local_raw=<null> remote_raw=null local_norm=null remote_norm=null local_hash=7c9b6140 remote_hash=7c9b6140,Review policy role scope before any production action.,20260716090000_baseline_aruka_v1.sql
policy,public,treino_exercicios,Usuarios podem listar exercicios dos seus treinos,present,present,REMOTE_MORE_PERMISSIVE,critical,permissive: local_raw=PERMISSIVE remote_raw=PERMISSIVE local_norm=permissive remote_norm=permissive local_hash=e892274c remote_hash=e892274c; roles: local_raw={authenticated} remote_raw={public} local_norm=authenticated remote_norm=public local_hash=486e9848 remote_hash=159d94a4; cmd: local_raw=SELECT remote_raw=SELECT local_norm=select remote_norm=select local_hash=1b80e3c5 remote_hash=1b80e3c5; qual: local_raw=[len 198 hash 717ed404] remote_raw=[len 198 hash 717ed404] local_norm=[len 185 hash a3e3015] remote_norm=[len 185 hash a3e3015] local_hash=a3e3015 remote_hash=a3e3015; with_check: local_raw=<null> remote_raw=null local_norm=null remote_norm=null local_hash=7c9b6140 remote_hash=7c9b6140,Review policy role scope before any production action.,20260716090000_baseline_aruka_v1.sql
policy,public,treinos,Usuarios podem atualizar seus treinos,present,present,REMOTE_MORE_PERMISSIVE,critical,"permissive: local_raw=PERMISSIVE remote_raw=PERMISSIVE local_norm=permissive remote_norm=permissive local_hash=e892274c remote_hash=e892274c; roles: local_raw={authenticated} remote_raw={public} local_norm=authenticated remote_norm=public local_hash=486e9848 remote_hash=159d94a4; cmd: local_raw=UPDATE remote_raw=UPDATE local_norm=update remote_norm=update local_hash=20edd0a8 remote_hash=20edd0a8; qual: local_raw=(auth.uid() = user_id) remote_raw=(( SELECT auth.uid() AS uid) = user_id) local_norm=auth.uid() = user_id remote_norm=(select auth.uid() as uid) = user_id local_hash=8dc18120 remote_hash=62194ce7; with_check: local_raw=((auth.uid() = user_id) AND (EXISTS ( SELECT 1
   FROM alunos
  WHERE ((alunos.id = treinos.aluno_id) AND (alunos.user_id = auth.uid()))))) remote_raw=((( SELECT auth.uid() AS uid) = user_id) AND (EXISTS ( SELECT 1
   FROM alunos
  WHERE ((alunos.id = treinos.aluno_id) AND (alunos.user_id = ( SELECT auth.uid() AS uid)))))) local_norm=(auth.uid() = user_id) and (exists (select 1 from alunos where ((alunos.id = treinos.aluno_id) and (alunos.user_id = auth.uid())))) remote_norm=((select auth.uid() as uid) = user_id) and (exists (select 1 from alunos where ((alunos.id = treinos.aluno_id) and (alunos.user_id = (select auth.uid() as uid))))) local_hash=26321100 remote_hash=44a1498e",Review policy role scope before any production action.,20260716090000_baseline_aruka_v1.sql
policy,public,treinos,Usuarios podem cadastrar seus treinos,present,present,REMOTE_MORE_PERMISSIVE,critical,"permissive: local_raw=PERMISSIVE remote_raw=PERMISSIVE local_norm=permissive remote_norm=permissive local_hash=e892274c remote_hash=e892274c; roles: local_raw={authenticated} remote_raw={public} local_norm=authenticated remote_norm=public local_hash=486e9848 remote_hash=159d94a4; cmd: local_raw=INSERT remote_raw=INSERT local_norm=insert remote_norm=insert local_hash=4d4029a remote_hash=4d4029a; qual: local_raw=<null> remote_raw=null local_norm=null remote_norm=null local_hash=7c9b6140 remote_hash=7c9b6140; with_check: local_raw=((auth.uid() = user_id) AND (EXISTS ( SELECT 1
   FROM alunos
  WHERE ((alunos.id = treinos.aluno_id) AND (alunos.user_id = auth.uid()))))) remote_raw=((( SELECT auth.uid() AS uid) = user_id) AND (EXISTS ( SELECT 1
   FROM alunos
  WHERE ((alunos.id = treinos.aluno_id) AND (alunos.user_id = ( SELECT auth.uid() AS uid)))))) local_norm=(auth.uid() = user_id) and (exists (select 1 from alunos where ((alunos.id = treinos.aluno_id) and (alunos.user_id = auth.uid())))) remote_norm=((select auth.uid() as uid) = user_id) and (exists (select 1 from alunos where ((alunos.id = treinos.aluno_id) and (alunos.user_id = (select auth.uid() as uid))))) local_hash=26321100 remote_hash=44a1498e",Review policy role scope before any production action.,20260716090000_baseline_aruka_v1.sql
policy,public,treinos,Usuarios podem excluir seus treinos,present,present,REMOTE_MORE_PERMISSIVE,critical,permissive: local_raw=PERMISSIVE remote_raw=PERMISSIVE local_norm=permissive remote_norm=permissive local_hash=e892274c remote_hash=e892274c; roles: local_raw={authenticated} remote_raw={public} local_norm=authenticated remote_norm=public local_hash=486e9848 remote_hash=159d94a4; cmd: local_raw=DELETE remote_raw=DELETE local_norm=delete remote_norm=delete local_hash=f8838478 remote_hash=f8838478; qual: local_raw=(auth.uid() = user_id) remote_raw=(( SELECT auth.uid() AS uid) = user_id) local_norm=auth.uid() = user_id remote_norm=(select auth.uid() as uid) = user_id local_hash=8dc18120 remote_hash=62194ce7; with_check: local_raw=<null> remote_raw=null local_norm=null remote_norm=null local_hash=7c9b6140 remote_hash=7c9b6140,Review policy role scope before any production action.,20260716090000_baseline_aruka_v1.sql
policy,public,treinos,Usuarios podem listar seus treinos,present,present,REMOTE_MORE_PERMISSIVE,critical,permissive: local_raw=PERMISSIVE remote_raw=PERMISSIVE local_norm=permissive remote_norm=permissive local_hash=e892274c remote_hash=e892274c; roles: local_raw={authenticated} remote_raw={public} local_norm=authenticated remote_norm=public local_hash=486e9848 remote_hash=159d94a4; cmd: local_raw=SELECT remote_raw=SELECT local_norm=select remote_norm=select local_hash=1b80e3c5 remote_hash=1b80e3c5; qual: local_raw=(auth.uid() = user_id) remote_raw=(( SELECT auth.uid() AS uid) = user_id) local_norm=auth.uid() = user_id remote_norm=(select auth.uid() as uid) = user_id local_hash=8dc18120 remote_hash=62194ce7; with_check: local_raw=<null> remote_raw=null local_norm=null remote_norm=null local_hash=7c9b6140 remote_hash=7c9b6140,Review policy role scope before any production action.,20260716090000_baseline_aruka_v1.sql
policy,public,workout_templates,Usuarios podem atualizar seus modelos de treino,present,present,REMOTE_MORE_PERMISSIVE,critical,permissive: local_raw=PERMISSIVE remote_raw=PERMISSIVE local_norm=permissive remote_norm=permissive local_hash=e892274c remote_hash=e892274c; roles: local_raw={authenticated} remote_raw={public} local_norm=authenticated remote_norm=public local_hash=486e9848 remote_hash=159d94a4; cmd: local_raw=UPDATE remote_raw=UPDATE local_norm=update remote_norm=update local_hash=20edd0a8 remote_hash=20edd0a8; qual: local_raw=((auth.uid() = owner_id) AND (is_system = false)) remote_raw=((auth.uid() = owner_id) AND (is_system = false)) local_norm=(auth.uid() = owner_id) and (is_system = false) remote_norm=(auth.uid() = owner_id) and (is_system = false) local_hash=bbc6049 remote_hash=bbc6049; with_check: local_raw=((auth.uid() = owner_id) AND (is_system = false)) remote_raw=((auth.uid() = owner_id) AND (is_system = false)) local_norm=(auth.uid() = owner_id) and (is_system = false) remote_norm=(auth.uid() = owner_id) and (is_system = false) local_hash=bbc6049 remote_hash=bbc6049,Review policy role scope before any production action.,20260716090000_baseline_aruka_v1.sql
policy,public,workout_templates,Usuarios podem cadastrar seus modelos de treino,present,present,REMOTE_MORE_PERMISSIVE,critical,permissive: local_raw=PERMISSIVE remote_raw=PERMISSIVE local_norm=permissive remote_norm=permissive local_hash=e892274c remote_hash=e892274c; roles: local_raw={authenticated} remote_raw={public} local_norm=authenticated remote_norm=public local_hash=486e9848 remote_hash=159d94a4; cmd: local_raw=INSERT remote_raw=INSERT local_norm=insert remote_norm=insert local_hash=4d4029a remote_hash=4d4029a; qual: local_raw=<null> remote_raw=null local_norm=null remote_norm=null local_hash=7c9b6140 remote_hash=7c9b6140; with_check: local_raw=((auth.uid() = owner_id) AND (is_system = false)) remote_raw=((auth.uid() = owner_id) AND (is_system = false)) local_norm=(auth.uid() = owner_id) and (is_system = false) remote_norm=(auth.uid() = owner_id) and (is_system = false) local_hash=bbc6049 remote_hash=bbc6049,Review policy role scope before any production action.,20260716090000_baseline_aruka_v1.sql
policy,public,workout_templates,Usuarios podem excluir seus modelos de treino,present,present,REMOTE_MORE_PERMISSIVE,critical,permissive: local_raw=PERMISSIVE remote_raw=PERMISSIVE local_norm=permissive remote_norm=permissive local_hash=e892274c remote_hash=e892274c; roles: local_raw={authenticated} remote_raw={public} local_norm=authenticated remote_norm=public local_hash=486e9848 remote_hash=159d94a4; cmd: local_raw=DELETE remote_raw=DELETE local_norm=delete remote_norm=delete local_hash=f8838478 remote_hash=f8838478; qual: local_raw=((auth.uid() = owner_id) AND (is_system = false)) remote_raw=((auth.uid() = owner_id) AND (is_system = false)) local_norm=(auth.uid() = owner_id) and (is_system = false) remote_norm=(auth.uid() = owner_id) and (is_system = false) local_hash=bbc6049 remote_hash=bbc6049; with_check: local_raw=<null> remote_raw=null local_norm=null remote_norm=null local_hash=7c9b6140 remote_hash=7c9b6140,Review policy role scope before any production action.,20260716090000_baseline_aruka_v1.sql
policy,public,workout_templates,Usuarios podem listar seus modelos de treino,present,present,REMOTE_MORE_PERMISSIVE,critical,permissive: local_raw=PERMISSIVE remote_raw=PERMISSIVE local_norm=permissive remote_norm=permissive local_hash=e892274c remote_hash=e892274c; roles: local_raw={authenticated} remote_raw={public} local_norm=authenticated remote_norm=public local_hash=486e9848 remote_hash=159d94a4; cmd: local_raw=SELECT remote_raw=SELECT local_norm=select remote_norm=select local_hash=1b80e3c5 remote_hash=1b80e3c5; qual: local_raw=((auth.uid() = owner_id) AND (is_active = true) AND (is_system = false)) remote_raw=((auth.uid() = owner_id) AND (is_active = true) AND (is_system = false)) local_norm=(auth.uid() = owner_id) and (is_active = true) and (is_system = false) remote_norm=(auth.uid() = owner_id) and (is_active = true) and (is_system = false) local_hash=97ad7a61 remote_hash=97ad7a61; with_check: local_raw=<null> remote_raw=null local_norm=null remote_norm=null local_hash=7c9b6140 remote_hash=7c9b6140,Review policy role scope before any production action.,20260716090000_baseline_aruka_v1.sql
rls,public,aceites_legais,,present,present,EQUIVALENT,info,rls_enabled: local_raw=true remote_raw=true local_norm=true remote_norm=true local_hash=7c9e9fe5 remote_hash=7c9e9fe5; rls_forced: local_raw=false remote_raw=false local_norm=false remote_norm=false local_hash=f6bcef0 remote_hash=f6bcef0,No action.,20260716090000_baseline_aruka_v1.sql
rls,public,acompanhamento_eventos,,present,present,EQUIVALENT,info,rls_enabled: local_raw=true remote_raw=true local_norm=true remote_norm=true local_hash=7c9e9fe5 remote_hash=7c9e9fe5; rls_forced: local_raw=false remote_raw=false local_norm=false remote_norm=false local_hash=f6bcef0 remote_hash=f6bcef0,No action.,20260716090000_baseline_aruka_v1.sql
rls,public,admin_logs,,present,present,EQUIVALENT,info,rls_enabled: local_raw=true remote_raw=true local_norm=true remote_norm=true local_hash=7c9e9fe5 remote_hash=7c9e9fe5; rls_forced: local_raw=false remote_raw=false local_norm=false remote_norm=false local_hash=f6bcef0 remote_hash=f6bcef0,No action.,20260716090000_baseline_aruka_v1.sql
rls,public,alunos,,present,present,EQUIVALENT,info,rls_enabled: local_raw=true remote_raw=true local_norm=true remote_norm=true local_hash=7c9e9fe5 remote_hash=7c9e9fe5; rls_forced: local_raw=false remote_raw=false local_norm=false remote_norm=false local_hash=f6bcef0 remote_hash=f6bcef0,No action.,20260716090000_baseline_aruka_v1.sql
rls,public,anamneses,,present,present,EQUIVALENT,info,rls_enabled: local_raw=true remote_raw=true local_norm=true remote_norm=true local_hash=7c9e9fe5 remote_hash=7c9e9fe5; rls_forced: local_raw=false remote_raw=false local_norm=false remote_norm=false local_hash=f6bcef0 remote_hash=f6bcef0,No action.,20260716090000_baseline_aruka_v1.sql
rls,public,aoe_audit_events,,present,present,EQUIVALENT,info,rls_enabled: local_raw=true remote_raw=true local_norm=true remote_norm=true local_hash=7c9e9fe5 remote_hash=7c9e9fe5; rls_forced: local_raw=false remote_raw=false local_norm=false remote_norm=false local_hash=f6bcef0 remote_hash=f6bcef0,No action.,20260716090000_baseline_aruka_v1.sql
rls,public,aoe_decision_traces,,present,present,EQUIVALENT,info,rls_enabled: local_raw=true remote_raw=true local_norm=true remote_norm=true local_hash=7c9e9fe5 remote_hash=7c9e9fe5; rls_forced: local_raw=false remote_raw=false local_norm=false remote_norm=false local_hash=f6bcef0 remote_hash=f6bcef0,No action.,20260716090000_baseline_aruka_v1.sql
rls,public,aoe_decisions,,present,present,EQUIVALENT,info,rls_enabled: local_raw=true remote_raw=true local_norm=true remote_norm=true local_hash=7c9e9fe5 remote_hash=7c9e9fe5; rls_forced: local_raw=false remote_raw=false local_norm=false remote_norm=false local_hash=f6bcef0 remote_hash=f6bcef0,No action.,20260716090000_baseline_aruka_v1.sql
rls,public,aoe_human_reviews,,present,present,EQUIVALENT,info,rls_enabled: local_raw=true remote_raw=true local_norm=true remote_norm=true local_hash=7c9e9fe5 remote_hash=7c9e9fe5; rls_forced: local_raw=false remote_raw=false local_norm=false remote_norm=false local_hash=f6bcef0 remote_hash=f6bcef0,No action.,20260716090000_baseline_aruka_v1.sql
rls,public,aoe_idempotency_keys,,present,present,EQUIVALENT,info,rls_enabled: local_raw=true remote_raw=true local_norm=true remote_norm=true local_hash=7c9e9fe5 remote_hash=7c9e9fe5; rls_forced: local_raw=false remote_raw=false local_norm=false remote_norm=false local_hash=f6bcef0 remote_hash=f6bcef0,No action.,20260716090000_baseline_aruka_v1.sql
rls,public,assinaturas,,present,present,EQUIVALENT,info,rls_enabled: local_raw=true remote_raw=true local_norm=true remote_norm=true local_hash=7c9e9fe5 remote_hash=7c9e9fe5; rls_forced: local_raw=false remote_raw=false local_norm=false remote_norm=false local_hash=f6bcef0 remote_hash=f6bcef0,No action.,20260716090000_baseline_aruka_v1.sql
rls,public,avaliacoes,,present,present,EQUIVALENT,info,rls_enabled: local_raw=true remote_raw=true local_norm=true remote_norm=true local_hash=7c9e9fe5 remote_hash=7c9e9fe5; rls_forced: local_raw=false remote_raw=false local_norm=false remote_norm=false local_hash=f6bcef0 remote_hash=f6bcef0,No action.,20260716090000_baseline_aruka_v1.sql
rls,public,pagamentos,,present,present,EQUIVALENT,info,rls_enabled: local_raw=true remote_raw=true local_norm=true remote_norm=true local_hash=7c9e9fe5 remote_hash=7c9e9fe5; rls_forced: local_raw=false remote_raw=false local_norm=false remote_norm=false local_hash=f6bcef0 remote_hash=f6bcef0,No action.,20260716090000_baseline_aruka_v1.sql
rls,public,perfis,,present,present,EQUIVALENT,info,rls_enabled: local_raw=true remote_raw=true local_norm=true remote_norm=true local_hash=7c9e9fe5 remote_hash=7c9e9fe5; rls_forced: local_raw=false remote_raw=false local_norm=false remote_norm=false local_hash=f6bcef0 remote_hash=f6bcef0,No action.,20260716090000_baseline_aruka_v1.sql
rls,public,planos,,present,present,EQUIVALENT,info,rls_enabled: local_raw=true remote_raw=true local_norm=true remote_norm=true local_hash=7c9e9fe5 remote_hash=7c9e9fe5; rls_forced: local_raw=false remote_raw=false local_norm=false remote_norm=false local_hash=f6bcef0 remote_hash=f6bcef0,No action.,20260716090000_baseline_aruka_v1.sql
rls,public,treino_dias,,present,present,EQUIVALENT,info,rls_enabled: local_raw=true remote_raw=true local_norm=true remote_norm=true local_hash=7c9e9fe5 remote_hash=7c9e9fe5; rls_forced: local_raw=false remote_raw=false local_norm=false remote_norm=false local_hash=f6bcef0 remote_hash=f6bcef0,No action.,20260716090000_baseline_aruka_v1.sql
rls,public,treino_eventos,,present,present,EQUIVALENT,info,rls_enabled: local_raw=true remote_raw=true local_norm=true remote_norm=true local_hash=7c9e9fe5 remote_hash=7c9e9fe5; rls_forced: local_raw=false remote_raw=false local_norm=false remote_norm=false local_hash=f6bcef0 remote_hash=f6bcef0,No action.,20260728030000_workout_delivery_integration_v1.sql
rls,public,treino_exercicios,,present,present,EQUIVALENT,info,rls_enabled: local_raw=true remote_raw=true local_norm=true remote_norm=true local_hash=7c9e9fe5 remote_hash=7c9e9fe5; rls_forced: local_raw=false remote_raw=false local_norm=false remote_norm=false local_hash=f6bcef0 remote_hash=f6bcef0,No action.,20260716090000_baseline_aruka_v1.sql
rls,public,treinos,,present,present,EQUIVALENT,info,rls_enabled: local_raw=true remote_raw=true local_norm=true remote_norm=true local_hash=7c9e9fe5 remote_hash=7c9e9fe5; rls_forced: local_raw=false remote_raw=false local_norm=false remote_norm=false local_hash=f6bcef0 remote_hash=f6bcef0,No action.,20260716090000_baseline_aruka_v1.sql
rls,public,workout_templates,,present,present,EQUIVALENT,info,rls_enabled: local_raw=true remote_raw=true local_norm=true remote_norm=true local_hash=7c9e9fe5 remote_hash=7c9e9fe5; rls_forced: local_raw=false remote_raw=false local_norm=false remote_norm=false local_hash=f6bcef0 remote_hash=f6bcef0,No action.,20260716090000_baseline_aruka_v1.sql
table_grant,public,aceites_legais,anon.DELETE,absent,present,REMOTE_ONLY,critical,20260716090000_baseline_aruka_v1.sql,Object exists only in remote evidence.,Review as remote drift before any repair.
table_grant,public,aceites_legais,anon.INSERT,absent,present,REMOTE_ONLY,critical,20260716090000_baseline_aruka_v1.sql,Object exists only in remote evidence.,Review as remote drift before any repair.
table_grant,public,aceites_legais,anon.REFERENCES,absent,present,REMOTE_ONLY,critical,20260716090000_baseline_aruka_v1.sql,Object exists only in remote evidence.,Review as remote drift before any repair.
table_grant,public,aceites_legais,anon.SELECT,absent,present,REMOTE_ONLY,critical,20260716090000_baseline_aruka_v1.sql,Object exists only in remote evidence.,Review as remote drift before any repair.
table_grant,public,aceites_legais,anon.TRIGGER,absent,present,REMOTE_ONLY,critical,20260716090000_baseline_aruka_v1.sql,Object exists only in remote evidence.,Review as remote drift before any repair.
table_grant,public,aceites_legais,anon.TRUNCATE,absent,present,REMOTE_ONLY,critical,20260716090000_baseline_aruka_v1.sql,Object exists only in remote evidence.,Review as remote drift before any repair.
table_grant,public,aceites_legais,anon.UPDATE,absent,present,REMOTE_ONLY,critical,20260716090000_baseline_aruka_v1.sql,Object exists only in remote evidence.,Review as remote drift before any repair.
table_grant,public,aceites_legais,authenticated.DELETE,absent,present,REMOTE_ONLY,critical,20260716090000_baseline_aruka_v1.sql,Object exists only in remote evidence.,Review as remote drift before any repair.
table_grant,public,aceites_legais,authenticated.INSERT,present,present,EQUIVALENT,critical,grant role=authenticated privilege=insert,Equivalent but security-sensitive grant; keep under review.,20260716090000_baseline_aruka_v1.sql
table_grant,public,aceites_legais,authenticated.REFERENCES,absent,present,REMOTE_ONLY,critical,20260716090000_baseline_aruka_v1.sql,Object exists only in remote evidence.,Review as remote drift before any repair.
table_grant,public,aceites_legais,authenticated.SELECT,present,present,EQUIVALENT,info,grant role=authenticated privilege=select,No action.,20260716090000_baseline_aruka_v1.sql
table_grant,public,aceites_legais,authenticated.TRIGGER,absent,present,REMOTE_ONLY,critical,20260716090000_baseline_aruka_v1.sql,Object exists only in remote evidence.,Review as remote drift before any repair.
table_grant,public,aceites_legais,authenticated.TRUNCATE,absent,present,REMOTE_ONLY,critical,20260716090000_baseline_aruka_v1.sql,Object exists only in remote evidence.,Review as remote drift before any repair.
table_grant,public,aceites_legais,authenticated.UPDATE,absent,present,REMOTE_ONLY,critical,20260716090000_baseline_aruka_v1.sql,Object exists only in remote evidence.,Review as remote drift before any repair.
table_grant,public,aceites_legais,postgres.DELETE,present,present,EQUIVALENT,info,grant role=postgres privilege=delete,No action.,20260716090000_baseline_aruka_v1.sql
table_grant,public,aceites_legais,postgres.INSERT,present,present,EQUIVALENT,info,grant role=postgres privilege=insert,No action.,20260716090000_baseline_aruka_v1.sql
table_grant,public,aceites_legais,postgres.REFERENCES,present,present,EQUIVALENT,info,grant role=postgres privilege=references,No action.,20260716090000_baseline_aruka_v1.sql
table_grant,public,aceites_legais,postgres.SELECT,present,present,EQUIVALENT,info,grant role=postgres privilege=select,No action.,20260716090000_baseline_aruka_v1.sql
table_grant,public,aceites_legais,postgres.TRIGGER,present,present,EQUIVALENT,info,grant role=postgres privilege=trigger,No action.,20260716090000_baseline_aruka_v1.sql
table_grant,public,aceites_legais,postgres.TRUNCATE,present,present,EQUIVALENT,info,grant role=postgres privilege=truncate,No action.,20260716090000_baseline_aruka_v1.sql
table_grant,public,aceites_legais,postgres.UPDATE,present,present,EQUIVALENT,info,grant role=postgres privilege=update,No action.,20260716090000_baseline_aruka_v1.sql
table_grant,public,aceites_legais,service_role.DELETE,present,present,EQUIVALENT,info,grant role=service_role privilege=delete,No action.,20260716090000_baseline_aruka_v1.sql
table_grant,public,aceites_legais,service_role.INSERT,present,present,EQUIVALENT,info,grant role=service_role privilege=insert,No action.,20260716090000_baseline_aruka_v1.sql
table_grant,public,aceites_legais,service_role.REFERENCES,present,present,EQUIVALENT,info,grant role=service_role privilege=references,No action.,20260716090000_baseline_aruka_v1.sql
table_grant,public,aceites_legais,service_role.SELECT,present,present,EQUIVALENT,info,grant role=service_role privilege=select,No action.,20260716090000_baseline_aruka_v1.sql
table_grant,public,aceites_legais,service_role.TRIGGER,present,present,EQUIVALENT,info,grant role=service_role privilege=trigger,No action.,20260716090000_baseline_aruka_v1.sql
table_grant,public,aceites_legais,service_role.TRUNCATE,present,present,EQUIVALENT,info,grant role=service_role privilege=truncate,No action.,20260716090000_baseline_aruka_v1.sql
table_grant,public,aceites_legais,service_role.UPDATE,present,present,EQUIVALENT,info,grant role=service_role privilege=update,No action.,20260716090000_baseline_aruka_v1.sql
table_grant,public,acompanhamento_eventos,anon.DELETE,absent,present,REMOTE_ONLY,critical,20260716090000_baseline_aruka_v1.sql,Object exists only in remote evidence.,Review as remote drift before any repair.
table_grant,public,acompanhamento_eventos,anon.INSERT,absent,present,REMOTE_ONLY,critical,20260716090000_baseline_aruka_v1.sql,Object exists only in remote evidence.,Review as remote drift before any repair.
table_grant,public,acompanhamento_eventos,anon.REFERENCES,absent,present,REMOTE_ONLY,critical,20260716090000_baseline_aruka_v1.sql,Object exists only in remote evidence.,Review as remote drift before any repair.
table_grant,public,acompanhamento_eventos,anon.SELECT,absent,present,REMOTE_ONLY,critical,20260716090000_baseline_aruka_v1.sql,Object exists only in remote evidence.,Review as remote drift before any repair.
table_grant,public,acompanhamento_eventos,anon.TRIGGER,absent,present,REMOTE_ONLY,critical,20260716090000_baseline_aruka_v1.sql,Object exists only in remote evidence.,Review as remote drift before any repair.
table_grant,public,acompanhamento_eventos,anon.TRUNCATE,absent,present,REMOTE_ONLY,critical,20260716090000_baseline_aruka_v1.sql,Object exists only in remote evidence.,Review as remote drift before any repair.
table_grant,public,acompanhamento_eventos,anon.UPDATE,absent,present,REMOTE_ONLY,critical,20260716090000_baseline_aruka_v1.sql,Object exists only in remote evidence.,Review as remote drift before any repair.
table_grant,public,acompanhamento_eventos,authenticated.DELETE,absent,present,REMOTE_ONLY,critical,20260716090000_baseline_aruka_v1.sql,Object exists only in remote evidence.,Review as remote drift before any repair.
table_grant,public,acompanhamento_eventos,authenticated.INSERT,present,present,EQUIVALENT,critical,grant role=authenticated privilege=insert,Equivalent but security-sensitive grant; keep under review.,20260716090000_baseline_aruka_v1.sql
table_grant,public,acompanhamento_eventos,authenticated.REFERENCES,absent,present,REMOTE_ONLY,critical,20260716090000_baseline_aruka_v1.sql,Object exists only in remote evidence.,Review as remote drift before any repair.
table_grant,public,acompanhamento_eventos,authenticated.SELECT,present,present,EQUIVALENT,info,grant role=authenticated privilege=select,No action.,20260716090000_baseline_aruka_v1.sql
table_grant,public,acompanhamento_eventos,authenticated.TRIGGER,absent,present,REMOTE_ONLY,critical,20260716090000_baseline_aruka_v1.sql,Object exists only in remote evidence.,Review as remote drift before any repair.
table_grant,public,acompanhamento_eventos,authenticated.TRUNCATE,absent,present,REMOTE_ONLY,critical,20260716090000_baseline_aruka_v1.sql,Object exists only in remote evidence.,Review as remote drift before any repair.
table_grant,public,acompanhamento_eventos,authenticated.UPDATE,absent,present,REMOTE_ONLY,critical,20260716090000_baseline_aruka_v1.sql,Object exists only in remote evidence.,Review as remote drift before any repair.
table_grant,public,acompanhamento_eventos,postgres.DELETE,present,present,EQUIVALENT,info,grant role=postgres privilege=delete,No action.,20260716090000_baseline_aruka_v1.sql
table_grant,public,acompanhamento_eventos,postgres.INSERT,present,present,EQUIVALENT,info,grant role=postgres privilege=insert,No action.,20260716090000_baseline_aruka_v1.sql
table_grant,public,acompanhamento_eventos,postgres.REFERENCES,present,present,EQUIVALENT,info,grant role=postgres privilege=references,No action.,20260716090000_baseline_aruka_v1.sql
table_grant,public,acompanhamento_eventos,postgres.SELECT,present,present,EQUIVALENT,info,grant role=postgres privilege=select,No action.,20260716090000_baseline_aruka_v1.sql
table_grant,public,acompanhamento_eventos,postgres.TRIGGER,present,present,EQUIVALENT,info,grant role=postgres privilege=trigger,No action.,20260716090000_baseline_aruka_v1.sql
table_grant,public,acompanhamento_eventos,postgres.TRUNCATE,present,present,EQUIVALENT,info,grant role=postgres privilege=truncate,No action.,20260716090000_baseline_aruka_v1.sql
table_grant,public,acompanhamento_eventos,postgres.UPDATE,present,present,EQUIVALENT,info,grant role=postgres privilege=update,No action.,20260716090000_baseline_aruka_v1.sql
table_grant,public,acompanhamento_eventos,service_role.DELETE,present,present,EQUIVALENT,info,grant role=service_role privilege=delete,No action.,20260716090000_baseline_aruka_v1.sql
table_grant,public,acompanhamento_eventos,service_role.INSERT,present,present,EQUIVALENT,info,grant role=service_role privilege=insert,No action.,20260716090000_baseline_aruka_v1.sql
table_grant,public,acompanhamento_eventos,service_role.REFERENCES,present,present,EQUIVALENT,info,grant role=service_role privilege=references,No action.,20260716090000_baseline_aruka_v1.sql
table_grant,public,acompanhamento_eventos,service_role.SELECT,present,present,EQUIVALENT,info,grant role=service_role privilege=select,No action.,20260716090000_baseline_aruka_v1.sql
table_grant,public,acompanhamento_eventos,service_role.TRIGGER,present,present,EQUIVALENT,info,grant role=service_role privilege=trigger,No action.,20260716090000_baseline_aruka_v1.sql
table_grant,public,acompanhamento_eventos,service_role.TRUNCATE,present,present,EQUIVALENT,info,grant role=service_role privilege=truncate,No action.,20260716090000_baseline_aruka_v1.sql
table_grant,public,acompanhamento_eventos,service_role.UPDATE,present,present,EQUIVALENT,info,grant role=service_role privilege=update,No action.,20260716090000_baseline_aruka_v1.sql
table_grant,public,admin_logs,anon.DELETE,absent,present,REMOTE_ONLY,critical,20260716090000_baseline_aruka_v1.sql,Object exists only in remote evidence.,Review as remote drift before any repair.
table_grant,public,admin_logs,anon.INSERT,absent,present,REMOTE_ONLY,critical,20260716090000_baseline_aruka_v1.sql,Object exists only in remote evidence.,Review as remote drift before any repair.
table_grant,public,admin_logs,anon.REFERENCES,absent,present,REMOTE_ONLY,critical,20260716090000_baseline_aruka_v1.sql,Object exists only in remote evidence.,Review as remote drift before any repair.
table_grant,public,admin_logs,anon.SELECT,absent,present,REMOTE_ONLY,critical,20260716090000_baseline_aruka_v1.sql,Object exists only in remote evidence.,Review as remote drift before any repair.
table_grant,public,admin_logs,anon.TRIGGER,absent,present,REMOTE_ONLY,critical,20260716090000_baseline_aruka_v1.sql,Object exists only in remote evidence.,Review as remote drift before any repair.
table_grant,public,admin_logs,anon.TRUNCATE,absent,present,REMOTE_ONLY,critical,20260716090000_baseline_aruka_v1.sql,Object exists only in remote evidence.,Review as remote drift before any repair.
table_grant,public,admin_logs,anon.UPDATE,absent,present,REMOTE_ONLY,critical,20260716090000_baseline_aruka_v1.sql,Object exists only in remote evidence.,Review as remote drift before any repair.
table_grant,public,admin_logs,authenticated.DELETE,absent,present,REMOTE_ONLY,critical,20260716090000_baseline_aruka_v1.sql,Object exists only in remote evidence.,Review as remote drift before any repair.
table_grant,public,admin_logs,authenticated.INSERT,absent,present,REMOTE_ONLY,critical,20260716090000_baseline_aruka_v1.sql,Object exists only in remote evidence.,Review as remote drift before any repair.
table_grant,public,admin_logs,authenticated.REFERENCES,absent,present,REMOTE_ONLY,critical,20260716090000_baseline_aruka_v1.sql,Object exists only in remote evidence.,Review as remote drift before any repair.
table_grant,public,admin_logs,authenticated.SELECT,present,present,EQUIVALENT,info,grant role=authenticated privilege=select,No action.,20260716090000_baseline_aruka_v1.sql
table_grant,public,admin_logs,authenticated.TRIGGER,absent,present,REMOTE_ONLY,critical,20260716090000_baseline_aruka_v1.sql,Object exists only in remote evidence.,Review as remote drift before any repair.
table_grant,public,admin_logs,authenticated.TRUNCATE,absent,present,REMOTE_ONLY,critical,20260716090000_baseline_aruka_v1.sql,Object exists only in remote evidence.,Review as remote drift before any repair.
table_grant,public,admin_logs,authenticated.UPDATE,absent,present,REMOTE_ONLY,critical,20260716090000_baseline_aruka_v1.sql,Object exists only in remote evidence.,Review as remote drift before any repair.
table_grant,public,admin_logs,postgres.DELETE,present,present,EQUIVALENT,info,grant role=postgres privilege=delete,No action.,20260716090000_baseline_aruka_v1.sql
table_grant,public,admin_logs,postgres.INSERT,present,present,EQUIVALENT,info,grant role=postgres privilege=insert,No action.,20260716090000_baseline_aruka_v1.sql
table_grant,public,admin_logs,postgres.REFERENCES,present,present,EQUIVALENT,info,grant role=postgres privilege=references,No action.,20260716090000_baseline_aruka_v1.sql
table_grant,public,admin_logs,postgres.SELECT,present,present,EQUIVALENT,info,grant role=postgres privilege=select,No action.,20260716090000_baseline_aruka_v1.sql
table_grant,public,admin_logs,postgres.TRIGGER,present,present,EQUIVALENT,info,grant role=postgres privilege=trigger,No action.,20260716090000_baseline_aruka_v1.sql
table_grant,public,admin_logs,postgres.TRUNCATE,present,present,EQUIVALENT,info,grant role=postgres privilege=truncate,No action.,20260716090000_baseline_aruka_v1.sql
table_grant,public,admin_logs,postgres.UPDATE,present,present,EQUIVALENT,info,grant role=postgres privilege=update,No action.,20260716090000_baseline_aruka_v1.sql
table_grant,public,admin_logs,service_role.DELETE,present,present,EQUIVALENT,info,grant role=service_role privilege=delete,No action.,20260716090000_baseline_aruka_v1.sql
table_grant,public,admin_logs,service_role.INSERT,present,present,EQUIVALENT,info,grant role=service_role privilege=insert,No action.,20260716090000_baseline_aruka_v1.sql
table_grant,public,admin_logs,service_role.REFERENCES,present,present,EQUIVALENT,info,grant role=service_role privilege=references,No action.,20260716090000_baseline_aruka_v1.sql
table_grant,public,admin_logs,service_role.SELECT,present,present,EQUIVALENT,info,grant role=service_role privilege=select,No action.,20260716090000_baseline_aruka_v1.sql
table_grant,public,admin_logs,service_role.TRIGGER,present,present,EQUIVALENT,info,grant role=service_role privilege=trigger,No action.,20260716090000_baseline_aruka_v1.sql
table_grant,public,admin_logs,service_role.TRUNCATE,present,present,EQUIVALENT,info,grant role=service_role privilege=truncate,No action.,20260716090000_baseline_aruka_v1.sql
table_grant,public,admin_logs,service_role.UPDATE,present,present,EQUIVALENT,info,grant role=service_role privilege=update,No action.,20260716090000_baseline_aruka_v1.sql
table_grant,public,alunos,anon.DELETE,absent,present,REMOTE_ONLY,critical,20260716090000_baseline_aruka_v1.sql,Object exists only in remote evidence.,Review as remote drift before any repair.
table_grant,public,alunos,anon.INSERT,absent,present,REMOTE_ONLY,critical,20260716090000_baseline_aruka_v1.sql,Object exists only in remote evidence.,Review as remote drift before any repair.
table_grant,public,alunos,anon.REFERENCES,absent,present,REMOTE_ONLY,critical,20260716090000_baseline_aruka_v1.sql,Object exists only in remote evidence.,Review as remote drift before any repair.
table_grant,public,alunos,anon.SELECT,absent,present,REMOTE_ONLY,critical,20260716090000_baseline_aruka_v1.sql,Object exists only in remote evidence.,Review as remote drift before any repair.
table_grant,public,alunos,anon.TRIGGER,absent,present,REMOTE_ONLY,critical,20260716090000_baseline_aruka_v1.sql,Object exists only in remote evidence.,Review as remote drift before any repair.
table_grant,public,alunos,anon.TRUNCATE,absent,present,REMOTE_ONLY,critical,20260716090000_baseline_aruka_v1.sql,Object exists only in remote evidence.,Review as remote drift before any repair.
table_grant,public,alunos,anon.UPDATE,absent,present,REMOTE_ONLY,critical,20260716090000_baseline_aruka_v1.sql,Object exists only in remote evidence.,Review as remote drift before any repair.
table_grant,public,alunos,authenticated.DELETE,present,present,EQUIVALENT,critical,grant role=authenticated privilege=delete,Equivalent but security-sensitive grant; keep under review.,20260716090000_baseline_aruka_v1.sql
table_grant,public,alunos,authenticated.INSERT,present,present,EQUIVALENT,critical,grant role=authenticated privilege=insert,Equivalent but security-sensitive grant; keep under review.,20260716090000_baseline_aruka_v1.sql
table_grant,public,alunos,authenticated.REFERENCES,absent,present,REMOTE_ONLY,critical,20260716090000_baseline_aruka_v1.sql,Object exists only in remote evidence.,Review as remote drift before any repair.
table_grant,public,alunos,authenticated.SELECT,present,present,EQUIVALENT,info,grant role=authenticated privilege=select,No action.,20260716090000_baseline_aruka_v1.sql
table_grant,public,alunos,authenticated.TRIGGER,absent,present,REMOTE_ONLY,critical,20260716090000_baseline_aruka_v1.sql,Object exists only in remote evidence.,Review as remote drift before any repair.
table_grant,public,alunos,authenticated.TRUNCATE,absent,present,REMOTE_ONLY,critical,20260716090000_baseline_aruka_v1.sql,Object exists only in remote evidence.,Review as remote drift before any repair.
table_grant,public,alunos,authenticated.UPDATE,present,present,EQUIVALENT,critical,grant role=authenticated privilege=update,Equivalent but security-sensitive grant; keep under review.,20260716090000_baseline_aruka_v1.sql
table_grant,public,alunos,postgres.DELETE,present,present,EQUIVALENT,info,grant role=postgres privilege=delete,No action.,20260716090000_baseline_aruka_v1.sql
table_grant,public,alunos,postgres.INSERT,present,present,EQUIVALENT,info,grant role=postgres privilege=insert,No action.,20260716090000_baseline_aruka_v1.sql
table_grant,public,alunos,postgres.REFERENCES,present,present,EQUIVALENT,info,grant role=postgres privilege=references,No action.,20260716090000_baseline_aruka_v1.sql
table_grant,public,alunos,postgres.SELECT,present,present,EQUIVALENT,info,grant role=postgres privilege=select,No action.,20260716090000_baseline_aruka_v1.sql
table_grant,public,alunos,postgres.TRIGGER,present,present,EQUIVALENT,info,grant role=postgres privilege=trigger,No action.,20260716090000_baseline_aruka_v1.sql
table_grant,public,alunos,postgres.TRUNCATE,present,present,EQUIVALENT,info,grant role=postgres privilege=truncate,No action.,20260716090000_baseline_aruka_v1.sql
table_grant,public,alunos,postgres.UPDATE,present,present,EQUIVALENT,info,grant role=postgres privilege=update,No action.,20260716090000_baseline_aruka_v1.sql
table_grant,public,alunos,service_role.DELETE,present,present,EQUIVALENT,info,grant role=service_role privilege=delete,No action.,20260716090000_baseline_aruka_v1.sql
table_grant,public,alunos,service_role.INSERT,present,present,EQUIVALENT,info,grant role=service_role privilege=insert,No action.,20260716090000_baseline_aruka_v1.sql
table_grant,public,alunos,service_role.REFERENCES,present,present,EQUIVALENT,info,grant role=service_role privilege=references,No action.,20260716090000_baseline_aruka_v1.sql
table_grant,public,alunos,service_role.SELECT,present,present,EQUIVALENT,info,grant role=service_role privilege=select,No action.,20260716090000_baseline_aruka_v1.sql
table_grant,public,alunos,service_role.TRIGGER,present,present,EQUIVALENT,info,grant role=service_role privilege=trigger,No action.,20260716090000_baseline_aruka_v1.sql
table_grant,public,alunos,service_role.TRUNCATE,present,present,EQUIVALENT,info,grant role=service_role privilege=truncate,No action.,20260716090000_baseline_aruka_v1.sql
table_grant,public,alunos,service_role.UPDATE,present,present,EQUIVALENT,info,grant role=service_role privilege=update,No action.,20260716090000_baseline_aruka_v1.sql
table_grant,public,anamneses,anon.DELETE,absent,present,REMOTE_ONLY,critical,20260716090000_baseline_aruka_v1.sql,Object exists only in remote evidence.,Review as remote drift before any repair.
table_grant,public,anamneses,anon.INSERT,absent,present,REMOTE_ONLY,critical,20260716090000_baseline_aruka_v1.sql,Object exists only in remote evidence.,Review as remote drift before any repair.
table_grant,public,anamneses,anon.REFERENCES,absent,present,REMOTE_ONLY,critical,20260716090000_baseline_aruka_v1.sql,Object exists only in remote evidence.,Review as remote drift before any repair.
table_grant,public,anamneses,anon.SELECT,absent,present,REMOTE_ONLY,critical,20260716090000_baseline_aruka_v1.sql,Object exists only in remote evidence.,Review as remote drift before any repair.
table_grant,public,anamneses,anon.TRIGGER,absent,present,REMOTE_ONLY,critical,20260716090000_baseline_aruka_v1.sql,Object exists only in remote evidence.,Review as remote drift before any repair.
table_grant,public,anamneses,anon.TRUNCATE,absent,present,REMOTE_ONLY,critical,20260716090000_baseline_aruka_v1.sql,Object exists only in remote evidence.,Review as remote drift before any repair.
table_grant,public,anamneses,anon.UPDATE,absent,present,REMOTE_ONLY,critical,20260716090000_baseline_aruka_v1.sql,Object exists only in remote evidence.,Review as remote drift before any repair.
table_grant,public,anamneses,authenticated.DELETE,present,present,EQUIVALENT,critical,grant role=authenticated privilege=delete,Equivalent but security-sensitive grant; keep under review.,20260716090000_baseline_aruka_v1.sql
table_grant,public,anamneses,authenticated.INSERT,present,present,EQUIVALENT,critical,grant role=authenticated privilege=insert,Equivalent but security-sensitive grant; keep under review.,20260716090000_baseline_aruka_v1.sql
table_grant,public,anamneses,authenticated.REFERENCES,absent,present,REMOTE_ONLY,critical,20260716090000_baseline_aruka_v1.sql,Object exists only in remote evidence.,Review as remote drift before any repair.
table_grant,public,anamneses,authenticated.SELECT,present,present,EQUIVALENT,info,grant role=authenticated privilege=select,No action.,20260716090000_baseline_aruka_v1.sql
table_grant,public,anamneses,authenticated.TRIGGER,absent,present,REMOTE_ONLY,critical,20260716090000_baseline_aruka_v1.sql,Object exists only in remote evidence.,Review as remote drift before any repair.
table_grant,public,anamneses,authenticated.TRUNCATE,absent,present,REMOTE_ONLY,critical,20260716090000_baseline_aruka_v1.sql,Object exists only in remote evidence.,Review as remote drift before any repair.
table_grant,public,anamneses,authenticated.UPDATE,present,present,EQUIVALENT,critical,grant role=authenticated privilege=update,Equivalent but security-sensitive grant; keep under review.,20260716090000_baseline_aruka_v1.sql
table_grant,public,anamneses,postgres.DELETE,present,present,EQUIVALENT,info,grant role=postgres privilege=delete,No action.,20260716090000_baseline_aruka_v1.sql
table_grant,public,anamneses,postgres.INSERT,present,present,EQUIVALENT,info,grant role=postgres privilege=insert,No action.,20260716090000_baseline_aruka_v1.sql
table_grant,public,anamneses,postgres.REFERENCES,present,present,EQUIVALENT,info,grant role=postgres privilege=references,No action.,20260716090000_baseline_aruka_v1.sql
table_grant,public,anamneses,postgres.SELECT,present,present,EQUIVALENT,info,grant role=postgres privilege=select,No action.,20260716090000_baseline_aruka_v1.sql
table_grant,public,anamneses,postgres.TRIGGER,present,present,EQUIVALENT,info,grant role=postgres privilege=trigger,No action.,20260716090000_baseline_aruka_v1.sql
table_grant,public,anamneses,postgres.TRUNCATE,present,present,EQUIVALENT,info,grant role=postgres privilege=truncate,No action.,20260716090000_baseline_aruka_v1.sql
table_grant,public,anamneses,postgres.UPDATE,present,present,EQUIVALENT,info,grant role=postgres privilege=update,No action.,20260716090000_baseline_aruka_v1.sql
table_grant,public,anamneses,service_role.DELETE,present,present,EQUIVALENT,info,grant role=service_role privilege=delete,No action.,20260716090000_baseline_aruka_v1.sql
table_grant,public,anamneses,service_role.INSERT,present,present,EQUIVALENT,info,grant role=service_role privilege=insert,No action.,20260716090000_baseline_aruka_v1.sql
table_grant,public,anamneses,service_role.REFERENCES,present,present,EQUIVALENT,info,grant role=service_role privilege=references,No action.,20260716090000_baseline_aruka_v1.sql
table_grant,public,anamneses,service_role.SELECT,present,present,EQUIVALENT,info,grant role=service_role privilege=select,No action.,20260716090000_baseline_aruka_v1.sql
table_grant,public,anamneses,service_role.TRIGGER,present,present,EQUIVALENT,info,grant role=service_role privilege=trigger,No action.,20260716090000_baseline_aruka_v1.sql
table_grant,public,anamneses,service_role.TRUNCATE,present,present,EQUIVALENT,info,grant role=service_role privilege=truncate,No action.,20260716090000_baseline_aruka_v1.sql
table_grant,public,anamneses,service_role.UPDATE,present,present,EQUIVALENT,info,grant role=service_role privilege=update,No action.,20260716090000_baseline_aruka_v1.sql
table_grant,public,aoe_audit_events,anon.DELETE,absent,present,REMOTE_ONLY,critical,20260716090000_baseline_aruka_v1.sql,Object exists only in remote evidence.,Review as remote drift before any repair.
table_grant,public,aoe_audit_events,anon.INSERT,absent,present,REMOTE_ONLY,critical,20260716090000_baseline_aruka_v1.sql,Object exists only in remote evidence.,Review as remote drift before any repair.
table_grant,public,aoe_audit_events,anon.REFERENCES,absent,present,REMOTE_ONLY,critical,20260716090000_baseline_aruka_v1.sql,Object exists only in remote evidence.,Review as remote drift before any repair.
table_grant,public,aoe_audit_events,anon.SELECT,absent,present,REMOTE_ONLY,critical,20260716090000_baseline_aruka_v1.sql,Object exists only in remote evidence.,Review as remote drift before any repair.
table_grant,public,aoe_audit_events,anon.TRIGGER,absent,present,REMOTE_ONLY,critical,20260716090000_baseline_aruka_v1.sql,Object exists only in remote evidence.,Review as remote drift before any repair.
table_grant,public,aoe_audit_events,anon.TRUNCATE,absent,present,REMOTE_ONLY,critical,20260716090000_baseline_aruka_v1.sql,Object exists only in remote evidence.,Review as remote drift before any repair.
table_grant,public,aoe_audit_events,anon.UPDATE,absent,present,REMOTE_ONLY,critical,20260716090000_baseline_aruka_v1.sql,Object exists only in remote evidence.,Review as remote drift before any repair.
table_grant,public,aoe_audit_events,authenticated.DELETE,absent,present,REMOTE_ONLY,critical,20260716090000_baseline_aruka_v1.sql,Object exists only in remote evidence.,Review as remote drift before any repair.
table_grant,public,aoe_audit_events,authenticated.INSERT,absent,present,REMOTE_ONLY,critical,20260716090000_baseline_aruka_v1.sql,Object exists only in remote evidence.,Review as remote drift before any repair.
table_grant,public,aoe_audit_events,authenticated.REFERENCES,absent,present,REMOTE_ONLY,critical,20260716090000_baseline_aruka_v1.sql,Object exists only in remote evidence.,Review as remote drift before any repair.
table_grant,public,aoe_audit_events,authenticated.SELECT,present,present,EQUIVALENT,info,grant role=authenticated privilege=select,No action.,20260716090000_baseline_aruka_v1.sql
table_grant,public,aoe_audit_events,authenticated.TRIGGER,absent,present,REMOTE_ONLY,critical,20260716090000_baseline_aruka_v1.sql,Object exists only in remote evidence.,Review as remote drift before any repair.
table_grant,public,aoe_audit_events,authenticated.TRUNCATE,absent,present,REMOTE_ONLY,critical,20260716090000_baseline_aruka_v1.sql,Object exists only in remote evidence.,Review as remote drift before any repair.
table_grant,public,aoe_audit_events,authenticated.UPDATE,absent,present,REMOTE_ONLY,critical,20260716090000_baseline_aruka_v1.sql,Object exists only in remote evidence.,Review as remote drift before any repair.
table_grant,public,aoe_audit_events,postgres.DELETE,present,present,EQUIVALENT,info,grant role=postgres privilege=delete,No action.,20260716090000_baseline_aruka_v1.sql
table_grant,public,aoe_audit_events,postgres.INSERT,present,present,EQUIVALENT,info,grant role=postgres privilege=insert,No action.,20260716090000_baseline_aruka_v1.sql
table_grant,public,aoe_audit_events,postgres.REFERENCES,present,present,EQUIVALENT,info,grant role=postgres privilege=references,No action.,20260716090000_baseline_aruka_v1.sql
table_grant,public,aoe_audit_events,postgres.SELECT,present,present,EQUIVALENT,info,grant role=postgres privilege=select,No action.,20260716090000_baseline_aruka_v1.sql
table_grant,public,aoe_audit_events,postgres.TRIGGER,present,present,EQUIVALENT,info,grant role=postgres privilege=trigger,No action.,20260716090000_baseline_aruka_v1.sql
table_grant,public,aoe_audit_events,postgres.TRUNCATE,present,present,EQUIVALENT,info,grant role=postgres privilege=truncate,No action.,20260716090000_baseline_aruka_v1.sql
table_grant,public,aoe_audit_events,postgres.UPDATE,present,present,EQUIVALENT,info,grant role=postgres privilege=update,No action.,20260716090000_baseline_aruka_v1.sql
table_grant,public,aoe_audit_events,service_role.DELETE,present,present,EQUIVALENT,info,grant role=service_role privilege=delete,No action.,20260716090000_baseline_aruka_v1.sql
table_grant,public,aoe_audit_events,service_role.INSERT,present,present,EQUIVALENT,info,grant role=service_role privilege=insert,No action.,20260716090000_baseline_aruka_v1.sql
table_grant,public,aoe_audit_events,service_role.REFERENCES,present,present,EQUIVALENT,info,grant role=service_role privilege=references,No action.,20260716090000_baseline_aruka_v1.sql
table_grant,public,aoe_audit_events,service_role.SELECT,present,present,EQUIVALENT,info,grant role=service_role privilege=select,No action.,20260716090000_baseline_aruka_v1.sql
table_grant,public,aoe_audit_events,service_role.TRIGGER,present,present,EQUIVALENT,info,grant role=service_role privilege=trigger,No action.,20260716090000_baseline_aruka_v1.sql
table_grant,public,aoe_audit_events,service_role.TRUNCATE,present,present,EQUIVALENT,info,grant role=service_role privilege=truncate,No action.,20260716090000_baseline_aruka_v1.sql
table_grant,public,aoe_audit_events,service_role.UPDATE,present,present,EQUIVALENT,info,grant role=service_role privilege=update,No action.,20260716090000_baseline_aruka_v1.sql
table_grant,public,aoe_decision_traces,anon.DELETE,absent,present,REMOTE_ONLY,critical,20260716090000_baseline_aruka_v1.sql,Object exists only in remote evidence.,Review as remote drift before any repair.
table_grant,public,aoe_decision_traces,anon.INSERT,absent,present,REMOTE_ONLY,critical,20260716090000_baseline_aruka_v1.sql,Object exists only in remote evidence.,Review as remote drift before any repair.
table_grant,public,aoe_decision_traces,anon.REFERENCES,absent,present,REMOTE_ONLY,critical,20260716090000_baseline_aruka_v1.sql,Object exists only in remote evidence.,Review as remote drift before any repair.
table_grant,public,aoe_decision_traces,anon.SELECT,absent,present,REMOTE_ONLY,critical,20260716090000_baseline_aruka_v1.sql,Object exists only in remote evidence.,Review as remote drift before any repair.
table_grant,public,aoe_decision_traces,anon.TRIGGER,absent,present,REMOTE_ONLY,critical,20260716090000_baseline_aruka_v1.sql,Object exists only in remote evidence.,Review as remote drift before any repair.
table_grant,public,aoe_decision_traces,anon.TRUNCATE,absent,present,REMOTE_ONLY,critical,20260716090000_baseline_aruka_v1.sql,Object exists only in remote evidence.,Review as remote drift before any repair.
table_grant,public,aoe_decision_traces,anon.UPDATE,absent,present,REMOTE_ONLY,critical,20260716090000_baseline_aruka_v1.sql,Object exists only in remote evidence.,Review as remote drift before any repair.
table_grant,public,aoe_decision_traces,authenticated.DELETE,absent,present,REMOTE_ONLY,critical,20260716090000_baseline_aruka_v1.sql,Object exists only in remote evidence.,Review as remote drift before any repair.
table_grant,public,aoe_decision_traces,authenticated.INSERT,absent,present,REMOTE_ONLY,critical,20260716090000_baseline_aruka_v1.sql,Object exists only in remote evidence.,Review as remote drift before any repair.
table_grant,public,aoe_decision_traces,authenticated.REFERENCES,absent,present,REMOTE_ONLY,critical,20260716090000_baseline_aruka_v1.sql,Object exists only in remote evidence.,Review as remote drift before any repair.
table_grant,public,aoe_decision_traces,authenticated.SELECT,present,present,EQUIVALENT,info,grant role=authenticated privilege=select,No action.,20260716090000_baseline_aruka_v1.sql
table_grant,public,aoe_decision_traces,authenticated.TRIGGER,absent,present,REMOTE_ONLY,critical,20260716090000_baseline_aruka_v1.sql,Object exists only in remote evidence.,Review as remote drift before any repair.
table_grant,public,aoe_decision_traces,authenticated.TRUNCATE,absent,present,REMOTE_ONLY,critical,20260716090000_baseline_aruka_v1.sql,Object exists only in remote evidence.,Review as remote drift before any repair.
table_grant,public,aoe_decision_traces,authenticated.UPDATE,absent,present,REMOTE_ONLY,critical,20260716090000_baseline_aruka_v1.sql,Object exists only in remote evidence.,Review as remote drift before any repair.
table_grant,public,aoe_decision_traces,postgres.DELETE,present,present,EQUIVALENT,info,grant role=postgres privilege=delete,No action.,20260716090000_baseline_aruka_v1.sql
table_grant,public,aoe_decision_traces,postgres.INSERT,present,present,EQUIVALENT,info,grant role=postgres privilege=insert,No action.,20260716090000_baseline_aruka_v1.sql
table_grant,public,aoe_decision_traces,postgres.REFERENCES,present,present,EQUIVALENT,info,grant role=postgres privilege=references,No action.,20260716090000_baseline_aruka_v1.sql
table_grant,public,aoe_decision_traces,postgres.SELECT,present,present,EQUIVALENT,info,grant role=postgres privilege=select,No action.,20260716090000_baseline_aruka_v1.sql
table_grant,public,aoe_decision_traces,postgres.TRIGGER,present,present,EQUIVALENT,info,grant role=postgres privilege=trigger,No action.,20260716090000_baseline_aruka_v1.sql
table_grant,public,aoe_decision_traces,postgres.TRUNCATE,present,present,EQUIVALENT,info,grant role=postgres privilege=truncate,No action.,20260716090000_baseline_aruka_v1.sql
table_grant,public,aoe_decision_traces,postgres.UPDATE,present,present,EQUIVALENT,info,grant role=postgres privilege=update,No action.,20260716090000_baseline_aruka_v1.sql
table_grant,public,aoe_decision_traces,service_role.DELETE,present,present,EQUIVALENT,info,grant role=service_role privilege=delete,No action.,20260716090000_baseline_aruka_v1.sql
table_grant,public,aoe_decision_traces,service_role.INSERT,present,present,EQUIVALENT,info,grant role=service_role privilege=insert,No action.,20260716090000_baseline_aruka_v1.sql
table_grant,public,aoe_decision_traces,service_role.REFERENCES,present,present,EQUIVALENT,info,grant role=service_role privilege=references,No action.,20260716090000_baseline_aruka_v1.sql
table_grant,public,aoe_decision_traces,service_role.SELECT,present,present,EQUIVALENT,info,grant role=service_role privilege=select,No action.,20260716090000_baseline_aruka_v1.sql
table_grant,public,aoe_decision_traces,service_role.TRIGGER,present,present,EQUIVALENT,info,grant role=service_role privilege=trigger,No action.,20260716090000_baseline_aruka_v1.sql
table_grant,public,aoe_decision_traces,service_role.TRUNCATE,present,present,EQUIVALENT,info,grant role=service_role privilege=truncate,No action.,20260716090000_baseline_aruka_v1.sql
table_grant,public,aoe_decision_traces,service_role.UPDATE,present,present,EQUIVALENT,info,grant role=service_role privilege=update,No action.,20260716090000_baseline_aruka_v1.sql
table_grant,public,aoe_decisions,anon.DELETE,absent,present,REMOTE_ONLY,critical,20260716090000_baseline_aruka_v1.sql,Object exists only in remote evidence.,Review as remote drift before any repair.
table_grant,public,aoe_decisions,anon.INSERT,absent,present,REMOTE_ONLY,critical,20260716090000_baseline_aruka_v1.sql,Object exists only in remote evidence.,Review as remote drift before any repair.
table_grant,public,aoe_decisions,anon.REFERENCES,absent,present,REMOTE_ONLY,critical,20260716090000_baseline_aruka_v1.sql,Object exists only in remote evidence.,Review as remote drift before any repair.
table_grant,public,aoe_decisions,anon.SELECT,absent,present,REMOTE_ONLY,critical,20260716090000_baseline_aruka_v1.sql,Object exists only in remote evidence.,Review as remote drift before any repair.
table_grant,public,aoe_decisions,anon.TRIGGER,absent,present,REMOTE_ONLY,critical,20260716090000_baseline_aruka_v1.sql,Object exists only in remote evidence.,Review as remote drift before any repair.
table_grant,public,aoe_decisions,anon.TRUNCATE,absent,present,REMOTE_ONLY,critical,20260716090000_baseline_aruka_v1.sql,Object exists only in remote evidence.,Review as remote drift before any repair.
table_grant,public,aoe_decisions,anon.UPDATE,absent,present,REMOTE_ONLY,critical,20260716090000_baseline_aruka_v1.sql,Object exists only in remote evidence.,Review as remote drift before any repair.
table_grant,public,aoe_decisions,authenticated.DELETE,absent,present,REMOTE_ONLY,critical,20260716090000_baseline_aruka_v1.sql,Object exists only in remote evidence.,Review as remote drift before any repair.
table_grant,public,aoe_decisions,authenticated.INSERT,present,present,EQUIVALENT,critical,grant role=authenticated privilege=insert,Equivalent but security-sensitive grant; keep under review.,20260716090000_baseline_aruka_v1.sql
table_grant,public,aoe_decisions,authenticated.REFERENCES,absent,present,REMOTE_ONLY,critical,20260716090000_baseline_aruka_v1.sql,Object exists only in remote evidence.,Review as remote drift before any repair.
table_grant,public,aoe_decisions,authenticated.SELECT,present,present,EQUIVALENT,info,grant role=authenticated privilege=select,No action.,20260716090000_baseline_aruka_v1.sql
table_grant,public,aoe_decisions,authenticated.TRIGGER,absent,present,REMOTE_ONLY,critical,20260716090000_baseline_aruka_v1.sql,Object exists only in remote evidence.,Review as remote drift before any repair.
table_grant,public,aoe_decisions,authenticated.TRUNCATE,absent,present,REMOTE_ONLY,critical,20260716090000_baseline_aruka_v1.sql,Object exists only in remote evidence.,Review as remote drift before any repair.
table_grant,public,aoe_decisions,authenticated.UPDATE,absent,present,REMOTE_ONLY,critical,20260716090000_baseline_aruka_v1.sql,Object exists only in remote evidence.,Review as remote drift before any repair.
table_grant,public,aoe_decisions,postgres.DELETE,present,present,EQUIVALENT,info,grant role=postgres privilege=delete,No action.,20260716090000_baseline_aruka_v1.sql
table_grant,public,aoe_decisions,postgres.INSERT,present,present,EQUIVALENT,info,grant role=postgres privilege=insert,No action.,20260716090000_baseline_aruka_v1.sql
table_grant,public,aoe_decisions,postgres.REFERENCES,present,present,EQUIVALENT,info,grant role=postgres privilege=references,No action.,20260716090000_baseline_aruka_v1.sql
table_grant,public,aoe_decisions,postgres.SELECT,present,present,EQUIVALENT,info,grant role=postgres privilege=select,No action.,20260716090000_baseline_aruka_v1.sql
table_grant,public,aoe_decisions,postgres.TRIGGER,present,present,EQUIVALENT,info,grant role=postgres privilege=trigger,No action.,20260716090000_baseline_aruka_v1.sql
table_grant,public,aoe_decisions,postgres.TRUNCATE,present,present,EQUIVALENT,info,grant role=postgres privilege=truncate,No action.,20260716090000_baseline_aruka_v1.sql
table_grant,public,aoe_decisions,postgres.UPDATE,present,present,EQUIVALENT,info,grant role=postgres privilege=update,No action.,20260716090000_baseline_aruka_v1.sql
table_grant,public,aoe_decisions,service_role.DELETE,present,present,EQUIVALENT,info,grant role=service_role privilege=delete,No action.,20260716090000_baseline_aruka_v1.sql
table_grant,public,aoe_decisions,service_role.INSERT,present,present,EQUIVALENT,info,grant role=service_role privilege=insert,No action.,20260716090000_baseline_aruka_v1.sql
table_grant,public,aoe_decisions,service_role.REFERENCES,present,present,EQUIVALENT,info,grant role=service_role privilege=references,No action.,20260716090000_baseline_aruka_v1.sql
table_grant,public,aoe_decisions,service_role.SELECT,present,present,EQUIVALENT,info,grant role=service_role privilege=select,No action.,20260716090000_baseline_aruka_v1.sql
table_grant,public,aoe_decisions,service_role.TRIGGER,present,present,EQUIVALENT,info,grant role=service_role privilege=trigger,No action.,20260716090000_baseline_aruka_v1.sql
table_grant,public,aoe_decisions,service_role.TRUNCATE,present,present,EQUIVALENT,info,grant role=service_role privilege=truncate,No action.,20260716090000_baseline_aruka_v1.sql
table_grant,public,aoe_decisions,service_role.UPDATE,present,present,EQUIVALENT,info,grant role=service_role privilege=update,No action.,20260716090000_baseline_aruka_v1.sql
table_grant,public,aoe_human_reviews,anon.DELETE,absent,present,REMOTE_ONLY,critical,20260716090000_baseline_aruka_v1.sql,Object exists only in remote evidence.,Review as remote drift before any repair.
table_grant,public,aoe_human_reviews,anon.INSERT,absent,present,REMOTE_ONLY,critical,20260716090000_baseline_aruka_v1.sql,Object exists only in remote evidence.,Review as remote drift before any repair.
table_grant,public,aoe_human_reviews,anon.REFERENCES,absent,present,REMOTE_ONLY,critical,20260716090000_baseline_aruka_v1.sql,Object exists only in remote evidence.,Review as remote drift before any repair.
table_grant,public,aoe_human_reviews,anon.SELECT,absent,present,REMOTE_ONLY,critical,20260716090000_baseline_aruka_v1.sql,Object exists only in remote evidence.,Review as remote drift before any repair.
table_grant,public,aoe_human_reviews,anon.TRIGGER,absent,present,REMOTE_ONLY,critical,20260716090000_baseline_aruka_v1.sql,Object exists only in remote evidence.,Review as remote drift before any repair.
table_grant,public,aoe_human_reviews,anon.TRUNCATE,absent,present,REMOTE_ONLY,critical,20260716090000_baseline_aruka_v1.sql,Object exists only in remote evidence.,Review as remote drift before any repair.
table_grant,public,aoe_human_reviews,anon.UPDATE,absent,present,REMOTE_ONLY,critical,20260716090000_baseline_aruka_v1.sql,Object exists only in remote evidence.,Review as remote drift before any repair.
table_grant,public,aoe_human_reviews,authenticated.DELETE,absent,present,REMOTE_ONLY,critical,20260716090000_baseline_aruka_v1.sql,Object exists only in remote evidence.,Review as remote drift before any repair.
table_grant,public,aoe_human_reviews,authenticated.INSERT,present,present,EQUIVALENT,critical,grant role=authenticated privilege=insert,Equivalent but security-sensitive grant; keep under review.,20260716090000_baseline_aruka_v1.sql
table_grant,public,aoe_human_reviews,authenticated.REFERENCES,absent,present,REMOTE_ONLY,critical,20260716090000_baseline_aruka_v1.sql,Object exists only in remote evidence.,Review as remote drift before any repair.
table_grant,public,aoe_human_reviews,authenticated.SELECT,present,present,EQUIVALENT,info,grant role=authenticated privilege=select,No action.,20260716090000_baseline_aruka_v1.sql
table_grant,public,aoe_human_reviews,authenticated.TRIGGER,absent,present,REMOTE_ONLY,critical,20260716090000_baseline_aruka_v1.sql,Object exists only in remote evidence.,Review as remote drift before any repair.
table_grant,public,aoe_human_reviews,authenticated.TRUNCATE,absent,present,REMOTE_ONLY,critical,20260716090000_baseline_aruka_v1.sql,Object exists only in remote evidence.,Review as remote drift before any repair.
table_grant,public,aoe_human_reviews,authenticated.UPDATE,present,present,EQUIVALENT,critical,grant role=authenticated privilege=update,Equivalent but security-sensitive grant; keep under review.,20260716090000_baseline_aruka_v1.sql
table_grant,public,aoe_human_reviews,postgres.DELETE,present,present,EQUIVALENT,info,grant role=postgres privilege=delete,No action.,20260716090000_baseline_aruka_v1.sql
table_grant,public,aoe_human_reviews,postgres.INSERT,present,present,EQUIVALENT,info,grant role=postgres privilege=insert,No action.,20260716090000_baseline_aruka_v1.sql
table_grant,public,aoe_human_reviews,postgres.REFERENCES,present,present,EQUIVALENT,info,grant role=postgres privilege=references,No action.,20260716090000_baseline_aruka_v1.sql
table_grant,public,aoe_human_reviews,postgres.SELECT,present,present,EQUIVALENT,info,grant role=postgres privilege=select,No action.,20260716090000_baseline_aruka_v1.sql
table_grant,public,aoe_human_reviews,postgres.TRIGGER,present,present,EQUIVALENT,info,grant role=postgres privilege=trigger,No action.,20260716090000_baseline_aruka_v1.sql
table_grant,public,aoe_human_reviews,postgres.TRUNCATE,present,present,EQUIVALENT,info,grant role=postgres privilege=truncate,No action.,20260716090000_baseline_aruka_v1.sql
table_grant,public,aoe_human_reviews,postgres.UPDATE,present,present,EQUIVALENT,info,grant role=postgres privilege=update,No action.,20260716090000_baseline_aruka_v1.sql
table_grant,public,aoe_human_reviews,service_role.DELETE,present,present,EQUIVALENT,info,grant role=service_role privilege=delete,No action.,20260716090000_baseline_aruka_v1.sql
table_grant,public,aoe_human_reviews,service_role.INSERT,present,present,EQUIVALENT,info,grant role=service_role privilege=insert,No action.,20260716090000_baseline_aruka_v1.sql
table_grant,public,aoe_human_reviews,service_role.REFERENCES,present,present,EQUIVALENT,info,grant role=service_role privilege=references,No action.,20260716090000_baseline_aruka_v1.sql
table_grant,public,aoe_human_reviews,service_role.SELECT,present,present,EQUIVALENT,info,grant role=service_role privilege=select,No action.,20260716090000_baseline_aruka_v1.sql
table_grant,public,aoe_human_reviews,service_role.TRIGGER,present,present,EQUIVALENT,info,grant role=service_role privilege=trigger,No action.,20260716090000_baseline_aruka_v1.sql
table_grant,public,aoe_human_reviews,service_role.TRUNCATE,present,present,EQUIVALENT,info,grant role=service_role privilege=truncate,No action.,20260716090000_baseline_aruka_v1.sql
table_grant,public,aoe_human_reviews,service_role.UPDATE,present,present,EQUIVALENT,info,grant role=service_role privilege=update,No action.,20260716090000_baseline_aruka_v1.sql
table_grant,public,aoe_idempotency_keys,anon.DELETE,absent,present,REMOTE_ONLY,critical,20260716090000_baseline_aruka_v1.sql,Object exists only in remote evidence.,Review as remote drift before any repair.
table_grant,public,aoe_idempotency_keys,anon.INSERT,absent,present,REMOTE_ONLY,critical,20260716090000_baseline_aruka_v1.sql,Object exists only in remote evidence.,Review as remote drift before any repair.
table_grant,public,aoe_idempotency_keys,anon.REFERENCES,absent,present,REMOTE_ONLY,critical,20260716090000_baseline_aruka_v1.sql,Object exists only in remote evidence.,Review as remote drift before any repair.
table_grant,public,aoe_idempotency_keys,anon.SELECT,absent,present,REMOTE_ONLY,critical,20260716090000_baseline_aruka_v1.sql,Object exists only in remote evidence.,Review as remote drift before any repair.
table_grant,public,aoe_idempotency_keys,anon.TRIGGER,absent,present,REMOTE_ONLY,critical,20260716090000_baseline_aruka_v1.sql,Object exists only in remote evidence.,Review as remote drift before any repair.
table_grant,public,aoe_idempotency_keys,anon.TRUNCATE,absent,present,REMOTE_ONLY,critical,20260716090000_baseline_aruka_v1.sql,Object exists only in remote evidence.,Review as remote drift before any repair.
table_grant,public,aoe_idempotency_keys,anon.UPDATE,absent,present,REMOTE_ONLY,critical,20260716090000_baseline_aruka_v1.sql,Object exists only in remote evidence.,Review as remote drift before any repair.
table_grant,public,aoe_idempotency_keys,authenticated.DELETE,present,present,EQUIVALENT,critical,grant role=authenticated privilege=delete,Equivalent but security-sensitive grant; keep under review.,20260716090000_baseline_aruka_v1.sql
table_grant,public,aoe_idempotency_keys,authenticated.INSERT,present,present,EQUIVALENT,critical,grant role=authenticated privilege=insert,Equivalent but security-sensitive grant; keep under review.,20260716090000_baseline_aruka_v1.sql
table_grant,public,aoe_idempotency_keys,authenticated.REFERENCES,absent,present,REMOTE_ONLY,critical,20260716090000_baseline_aruka_v1.sql,Object exists only in remote evidence.,Review as remote drift before any repair.
table_grant,public,aoe_idempotency_keys,authenticated.SELECT,present,present,EQUIVALENT,info,grant role=authenticated privilege=select,No action.,20260716090000_baseline_aruka_v1.sql
table_grant,public,aoe_idempotency_keys,authenticated.TRIGGER,absent,present,REMOTE_ONLY,critical,20260716090000_baseline_aruka_v1.sql,Object exists only in remote evidence.,Review as remote drift before any repair.
table_grant,public,aoe_idempotency_keys,authenticated.TRUNCATE,absent,present,REMOTE_ONLY,critical,20260716090000_baseline_aruka_v1.sql,Object exists only in remote evidence.,Review as remote drift before any repair.
table_grant,public,aoe_idempotency_keys,authenticated.UPDATE,present,present,EQUIVALENT,critical,grant role=authenticated privilege=update,Equivalent but security-sensitive grant; keep under review.,20260716090000_baseline_aruka_v1.sql
table_grant,public,aoe_idempotency_keys,postgres.DELETE,present,present,EQUIVALENT,info,grant role=postgres privilege=delete,No action.,20260716090000_baseline_aruka_v1.sql
table_grant,public,aoe_idempotency_keys,postgres.INSERT,present,present,EQUIVALENT,info,grant role=postgres privilege=insert,No action.,20260716090000_baseline_aruka_v1.sql
table_grant,public,aoe_idempotency_keys,postgres.REFERENCES,present,present,EQUIVALENT,info,grant role=postgres privilege=references,No action.,20260716090000_baseline_aruka_v1.sql
table_grant,public,aoe_idempotency_keys,postgres.SELECT,present,present,EQUIVALENT,info,grant role=postgres privilege=select,No action.,20260716090000_baseline_aruka_v1.sql
table_grant,public,aoe_idempotency_keys,postgres.TRIGGER,present,present,EQUIVALENT,info,grant role=postgres privilege=trigger,No action.,20260716090000_baseline_aruka_v1.sql
table_grant,public,aoe_idempotency_keys,postgres.TRUNCATE,present,present,EQUIVALENT,info,grant role=postgres privilege=truncate,No action.,20260716090000_baseline_aruka_v1.sql
table_grant,public,aoe_idempotency_keys,postgres.UPDATE,present,present,EQUIVALENT,info,grant role=postgres privilege=update,No action.,20260716090000_baseline_aruka_v1.sql
table_grant,public,aoe_idempotency_keys,service_role.DELETE,present,present,EQUIVALENT,info,grant role=service_role privilege=delete,No action.,20260716090000_baseline_aruka_v1.sql
table_grant,public,aoe_idempotency_keys,service_role.INSERT,present,present,EQUIVALENT,info,grant role=service_role privilege=insert,No action.,20260716090000_baseline_aruka_v1.sql
table_grant,public,aoe_idempotency_keys,service_role.REFERENCES,present,present,EQUIVALENT,info,grant role=service_role privilege=references,No action.,20260716090000_baseline_aruka_v1.sql
table_grant,public,aoe_idempotency_keys,service_role.SELECT,present,present,EQUIVALENT,info,grant role=service_role privilege=select,No action.,20260716090000_baseline_aruka_v1.sql
table_grant,public,aoe_idempotency_keys,service_role.TRIGGER,present,present,EQUIVALENT,info,grant role=service_role privilege=trigger,No action.,20260716090000_baseline_aruka_v1.sql
table_grant,public,aoe_idempotency_keys,service_role.TRUNCATE,present,present,EQUIVALENT,info,grant role=service_role privilege=truncate,No action.,20260716090000_baseline_aruka_v1.sql
table_grant,public,aoe_idempotency_keys,service_role.UPDATE,present,present,EQUIVALENT,info,grant role=service_role privilege=update,No action.,20260716090000_baseline_aruka_v1.sql
table_grant,public,assinaturas,anon.DELETE,absent,present,REMOTE_ONLY,critical,20260716090000_baseline_aruka_v1.sql,Object exists only in remote evidence.,Review as remote drift before any repair.
table_grant,public,assinaturas,anon.INSERT,absent,present,REMOTE_ONLY,critical,20260716090000_baseline_aruka_v1.sql,Object exists only in remote evidence.,Review as remote drift before any repair.
table_grant,public,assinaturas,anon.REFERENCES,absent,present,REMOTE_ONLY,critical,20260716090000_baseline_aruka_v1.sql,Object exists only in remote evidence.,Review as remote drift before any repair.
table_grant,public,assinaturas,anon.SELECT,absent,present,REMOTE_ONLY,critical,20260716090000_baseline_aruka_v1.sql,Object exists only in remote evidence.,Review as remote drift before any repair.
table_grant,public,assinaturas,anon.TRIGGER,absent,present,REMOTE_ONLY,critical,20260716090000_baseline_aruka_v1.sql,Object exists only in remote evidence.,Review as remote drift before any repair.
table_grant,public,assinaturas,anon.TRUNCATE,absent,present,REMOTE_ONLY,critical,20260716090000_baseline_aruka_v1.sql,Object exists only in remote evidence.,Review as remote drift before any repair.
table_grant,public,assinaturas,anon.UPDATE,absent,present,REMOTE_ONLY,critical,20260716090000_baseline_aruka_v1.sql,Object exists only in remote evidence.,Review as remote drift before any repair.
table_grant,public,assinaturas,authenticated.DELETE,absent,present,REMOTE_ONLY,critical,20260716090000_baseline_aruka_v1.sql,Object exists only in remote evidence.,Review as remote drift before any repair.
table_grant,public,assinaturas,authenticated.INSERT,present,present,EQUIVALENT,critical,grant role=authenticated privilege=insert,Equivalent but security-sensitive grant; keep under review.,20260716090000_baseline_aruka_v1.sql
table_grant,public,assinaturas,authenticated.REFERENCES,absent,present,REMOTE_ONLY,critical,20260716090000_baseline_aruka_v1.sql,Object exists only in remote evidence.,Review as remote drift before any repair.
table_grant,public,assinaturas,authenticated.SELECT,present,present,EQUIVALENT,info,grant role=authenticated privilege=select,No action.,20260716090000_baseline_aruka_v1.sql
table_grant,public,assinaturas,authenticated.TRIGGER,absent,present,REMOTE_ONLY,critical,20260716090000_baseline_aruka_v1.sql,Object exists only in remote evidence.,Review as remote drift before any repair.
table_grant,public,assinaturas,authenticated.TRUNCATE,absent,present,REMOTE_ONLY,critical,20260716090000_baseline_aruka_v1.sql,Object exists only in remote evidence.,Review as remote drift before any repair.
table_grant,public,assinaturas,authenticated.UPDATE,absent,present,REMOTE_ONLY,critical,20260716090000_baseline_aruka_v1.sql,Object exists only in remote evidence.,Review as remote drift before any repair.
table_grant,public,assinaturas,postgres.DELETE,present,present,EQUIVALENT,info,grant role=postgres privilege=delete,No action.,20260716090000_baseline_aruka_v1.sql
table_grant,public,assinaturas,postgres.INSERT,present,present,EQUIVALENT,info,grant role=postgres privilege=insert,No action.,20260716090000_baseline_aruka_v1.sql
table_grant,public,assinaturas,postgres.REFERENCES,present,present,EQUIVALENT,info,grant role=postgres privilege=references,No action.,20260716090000_baseline_aruka_v1.sql
table_grant,public,assinaturas,postgres.SELECT,present,present,EQUIVALENT,info,grant role=postgres privilege=select,No action.,20260716090000_baseline_aruka_v1.sql
table_grant,public,assinaturas,postgres.TRIGGER,present,present,EQUIVALENT,info,grant role=postgres privilege=trigger,No action.,20260716090000_baseline_aruka_v1.sql
table_grant,public,assinaturas,postgres.TRUNCATE,present,present,EQUIVALENT,info,grant role=postgres privilege=truncate,No action.,20260716090000_baseline_aruka_v1.sql
table_grant,public,assinaturas,postgres.UPDATE,present,present,EQUIVALENT,info,grant role=postgres privilege=update,No action.,20260716090000_baseline_aruka_v1.sql
table_grant,public,assinaturas,service_role.DELETE,present,present,EQUIVALENT,info,grant role=service_role privilege=delete,No action.,20260716090000_baseline_aruka_v1.sql
table_grant,public,assinaturas,service_role.INSERT,present,present,EQUIVALENT,info,grant role=service_role privilege=insert,No action.,20260716090000_baseline_aruka_v1.sql
table_grant,public,assinaturas,service_role.REFERENCES,present,present,EQUIVALENT,info,grant role=service_role privilege=references,No action.,20260716090000_baseline_aruka_v1.sql
table_grant,public,assinaturas,service_role.SELECT,present,present,EQUIVALENT,info,grant role=service_role privilege=select,No action.,20260716090000_baseline_aruka_v1.sql
table_grant,public,assinaturas,service_role.TRIGGER,present,present,EQUIVALENT,info,grant role=service_role privilege=trigger,No action.,20260716090000_baseline_aruka_v1.sql
table_grant,public,assinaturas,service_role.TRUNCATE,present,present,EQUIVALENT,info,grant role=service_role privilege=truncate,No action.,20260716090000_baseline_aruka_v1.sql
table_grant,public,assinaturas,service_role.UPDATE,present,present,EQUIVALENT,info,grant role=service_role privilege=update,No action.,20260716090000_baseline_aruka_v1.sql
table_grant,public,avaliacoes,anon.DELETE,absent,present,REMOTE_ONLY,critical,20260716090000_baseline_aruka_v1.sql,Object exists only in remote evidence.,Review as remote drift before any repair.
table_grant,public,avaliacoes,anon.INSERT,absent,present,REMOTE_ONLY,critical,20260716090000_baseline_aruka_v1.sql,Object exists only in remote evidence.,Review as remote drift before any repair.
table_grant,public,avaliacoes,anon.REFERENCES,absent,present,REMOTE_ONLY,critical,20260716090000_baseline_aruka_v1.sql,Object exists only in remote evidence.,Review as remote drift before any repair.
table_grant,public,avaliacoes,anon.SELECT,absent,present,REMOTE_ONLY,critical,20260716090000_baseline_aruka_v1.sql,Object exists only in remote evidence.,Review as remote drift before any repair.
table_grant,public,avaliacoes,anon.TRIGGER,absent,present,REMOTE_ONLY,critical,20260716090000_baseline_aruka_v1.sql,Object exists only in remote evidence.,Review as remote drift before any repair.
table_grant,public,avaliacoes,anon.TRUNCATE,absent,present,REMOTE_ONLY,critical,20260716090000_baseline_aruka_v1.sql,Object exists only in remote evidence.,Review as remote drift before any repair.
table_grant,public,avaliacoes,anon.UPDATE,absent,present,REMOTE_ONLY,critical,20260716090000_baseline_aruka_v1.sql,Object exists only in remote evidence.,Review as remote drift before any repair.
table_grant,public,avaliacoes,authenticated.DELETE,present,present,EQUIVALENT,critical,grant role=authenticated privilege=delete,Equivalent but security-sensitive grant; keep under review.,20260716090000_baseline_aruka_v1.sql
table_grant,public,avaliacoes,authenticated.INSERT,present,present,EQUIVALENT,critical,grant role=authenticated privilege=insert,Equivalent but security-sensitive grant; keep under review.,20260716090000_baseline_aruka_v1.sql
table_grant,public,avaliacoes,authenticated.REFERENCES,absent,present,REMOTE_ONLY,critical,20260716090000_baseline_aruka_v1.sql,Object exists only in remote evidence.,Review as remote drift before any repair.
table_grant,public,avaliacoes,authenticated.SELECT,present,present,EQUIVALENT,info,grant role=authenticated privilege=select,No action.,20260716090000_baseline_aruka_v1.sql
table_grant,public,avaliacoes,authenticated.TRIGGER,absent,present,REMOTE_ONLY,critical,20260716090000_baseline_aruka_v1.sql,Object exists only in remote evidence.,Review as remote drift before any repair.
table_grant,public,avaliacoes,authenticated.TRUNCATE,absent,present,REMOTE_ONLY,critical,20260716090000_baseline_aruka_v1.sql,Object exists only in remote evidence.,Review as remote drift before any repair.
table_grant,public,avaliacoes,authenticated.UPDATE,present,present,EQUIVALENT,critical,grant role=authenticated privilege=update,Equivalent but security-sensitive grant; keep under review.,20260716090000_baseline_aruka_v1.sql
table_grant,public,avaliacoes,postgres.DELETE,present,present,EQUIVALENT,info,grant role=postgres privilege=delete,No action.,20260716090000_baseline_aruka_v1.sql
table_grant,public,avaliacoes,postgres.INSERT,present,present,EQUIVALENT,info,grant role=postgres privilege=insert,No action.,20260716090000_baseline_aruka_v1.sql
table_grant,public,avaliacoes,postgres.REFERENCES,present,present,EQUIVALENT,info,grant role=postgres privilege=references,No action.,20260716090000_baseline_aruka_v1.sql
table_grant,public,avaliacoes,postgres.SELECT,present,present,EQUIVALENT,info,grant role=postgres privilege=select,No action.,20260716090000_baseline_aruka_v1.sql
table_grant,public,avaliacoes,postgres.TRIGGER,present,present,EQUIVALENT,info,grant role=postgres privilege=trigger,No action.,20260716090000_baseline_aruka_v1.sql
table_grant,public,avaliacoes,postgres.TRUNCATE,present,present,EQUIVALENT,info,grant role=postgres privilege=truncate,No action.,20260716090000_baseline_aruka_v1.sql
table_grant,public,avaliacoes,postgres.UPDATE,present,present,EQUIVALENT,info,grant role=postgres privilege=update,No action.,20260716090000_baseline_aruka_v1.sql
table_grant,public,avaliacoes,service_role.DELETE,present,present,EQUIVALENT,info,grant role=service_role privilege=delete,No action.,20260716090000_baseline_aruka_v1.sql
table_grant,public,avaliacoes,service_role.INSERT,present,present,EQUIVALENT,info,grant role=service_role privilege=insert,No action.,20260716090000_baseline_aruka_v1.sql
table_grant,public,avaliacoes,service_role.REFERENCES,present,present,EQUIVALENT,info,grant role=service_role privilege=references,No action.,20260716090000_baseline_aruka_v1.sql
table_grant,public,avaliacoes,service_role.SELECT,present,present,EQUIVALENT,info,grant role=service_role privilege=select,No action.,20260716090000_baseline_aruka_v1.sql
table_grant,public,avaliacoes,service_role.TRIGGER,present,present,EQUIVALENT,info,grant role=service_role privilege=trigger,No action.,20260716090000_baseline_aruka_v1.sql
table_grant,public,avaliacoes,service_role.TRUNCATE,present,present,EQUIVALENT,info,grant role=service_role privilege=truncate,No action.,20260716090000_baseline_aruka_v1.sql
table_grant,public,avaliacoes,service_role.UPDATE,present,present,EQUIVALENT,info,grant role=service_role privilege=update,No action.,20260716090000_baseline_aruka_v1.sql
table_grant,public,pagamentos,anon.DELETE,absent,present,REMOTE_ONLY,critical,20260716090000_baseline_aruka_v1.sql,Object exists only in remote evidence.,Review as remote drift before any repair.
table_grant,public,pagamentos,anon.INSERT,absent,present,REMOTE_ONLY,critical,20260716090000_baseline_aruka_v1.sql,Object exists only in remote evidence.,Review as remote drift before any repair.
table_grant,public,pagamentos,anon.REFERENCES,absent,present,REMOTE_ONLY,critical,20260716090000_baseline_aruka_v1.sql,Object exists only in remote evidence.,Review as remote drift before any repair.
table_grant,public,pagamentos,anon.SELECT,absent,present,REMOTE_ONLY,critical,20260716090000_baseline_aruka_v1.sql,Object exists only in remote evidence.,Review as remote drift before any repair.
table_grant,public,pagamentos,anon.TRIGGER,absent,present,REMOTE_ONLY,critical,20260716090000_baseline_aruka_v1.sql,Object exists only in remote evidence.,Review as remote drift before any repair.
table_grant,public,pagamentos,anon.TRUNCATE,absent,present,REMOTE_ONLY,critical,20260716090000_baseline_aruka_v1.sql,Object exists only in remote evidence.,Review as remote drift before any repair.
table_grant,public,pagamentos,anon.UPDATE,absent,present,REMOTE_ONLY,critical,20260716090000_baseline_aruka_v1.sql,Object exists only in remote evidence.,Review as remote drift before any repair.
table_grant,public,pagamentos,authenticated.DELETE,present,present,EQUIVALENT,critical,grant role=authenticated privilege=delete,Equivalent but security-sensitive grant; keep under review.,20260716090000_baseline_aruka_v1.sql
table_grant,public,pagamentos,authenticated.INSERT,present,present,EQUIVALENT,critical,grant role=authenticated privilege=insert,Equivalent but security-sensitive grant; keep under review.,20260716090000_baseline_aruka_v1.sql
table_grant,public,pagamentos,authenticated.REFERENCES,absent,present,REMOTE_ONLY,critical,20260716090000_baseline_aruka_v1.sql,Object exists only in remote evidence.,Review as remote drift before any repair.
table_grant,public,pagamentos,authenticated.SELECT,present,present,EQUIVALENT,info,grant role=authenticated privilege=select,No action.,20260716090000_baseline_aruka_v1.sql
table_grant,public,pagamentos,authenticated.TRIGGER,absent,present,REMOTE_ONLY,critical,20260716090000_baseline_aruka_v1.sql,Object exists only in remote evidence.,Review as remote drift before any repair.
table_grant,public,pagamentos,authenticated.TRUNCATE,absent,present,REMOTE_ONLY,critical,20260716090000_baseline_aruka_v1.sql,Object exists only in remote evidence.,Review as remote drift before any repair.
table_grant,public,pagamentos,authenticated.UPDATE,present,present,EQUIVALENT,critical,grant role=authenticated privilege=update,Equivalent but security-sensitive grant; keep under review.,20260716090000_baseline_aruka_v1.sql
table_grant,public,pagamentos,postgres.DELETE,present,present,EQUIVALENT,info,grant role=postgres privilege=delete,No action.,20260716090000_baseline_aruka_v1.sql
table_grant,public,pagamentos,postgres.INSERT,present,present,EQUIVALENT,info,grant role=postgres privilege=insert,No action.,20260716090000_baseline_aruka_v1.sql
table_grant,public,pagamentos,postgres.REFERENCES,present,present,EQUIVALENT,info,grant role=postgres privilege=references,No action.,20260716090000_baseline_aruka_v1.sql
table_grant,public,pagamentos,postgres.SELECT,present,present,EQUIVALENT,info,grant role=postgres privilege=select,No action.,20260716090000_baseline_aruka_v1.sql
table_grant,public,pagamentos,postgres.TRIGGER,present,present,EQUIVALENT,info,grant role=postgres privilege=trigger,No action.,20260716090000_baseline_aruka_v1.sql
table_grant,public,pagamentos,postgres.TRUNCATE,present,present,EQUIVALENT,info,grant role=postgres privilege=truncate,No action.,20260716090000_baseline_aruka_v1.sql
table_grant,public,pagamentos,postgres.UPDATE,present,present,EQUIVALENT,info,grant role=postgres privilege=update,No action.,20260716090000_baseline_aruka_v1.sql
table_grant,public,pagamentos,service_role.DELETE,present,present,EQUIVALENT,info,grant role=service_role privilege=delete,No action.,20260716090000_baseline_aruka_v1.sql
table_grant,public,pagamentos,service_role.INSERT,present,present,EQUIVALENT,info,grant role=service_role privilege=insert,No action.,20260716090000_baseline_aruka_v1.sql
table_grant,public,pagamentos,service_role.REFERENCES,present,present,EQUIVALENT,info,grant role=service_role privilege=references,No action.,20260716090000_baseline_aruka_v1.sql
table_grant,public,pagamentos,service_role.SELECT,present,present,EQUIVALENT,info,grant role=service_role privilege=select,No action.,20260716090000_baseline_aruka_v1.sql
table_grant,public,pagamentos,service_role.TRIGGER,present,present,EQUIVALENT,info,grant role=service_role privilege=trigger,No action.,20260716090000_baseline_aruka_v1.sql
table_grant,public,pagamentos,service_role.TRUNCATE,present,present,EQUIVALENT,info,grant role=service_role privilege=truncate,No action.,20260716090000_baseline_aruka_v1.sql
table_grant,public,pagamentos,service_role.UPDATE,present,present,EQUIVALENT,info,grant role=service_role privilege=update,No action.,20260716090000_baseline_aruka_v1.sql
table_grant,public,perfis,anon.DELETE,absent,present,REMOTE_ONLY,critical,20260716090000_baseline_aruka_v1.sql,Object exists only in remote evidence.,Review as remote drift before any repair.
table_grant,public,perfis,anon.INSERT,absent,present,REMOTE_ONLY,critical,20260716090000_baseline_aruka_v1.sql,Object exists only in remote evidence.,Review as remote drift before any repair.
table_grant,public,perfis,anon.REFERENCES,absent,present,REMOTE_ONLY,critical,20260716090000_baseline_aruka_v1.sql,Object exists only in remote evidence.,Review as remote drift before any repair.
table_grant,public,perfis,anon.SELECT,absent,present,REMOTE_ONLY,critical,20260716090000_baseline_aruka_v1.sql,Object exists only in remote evidence.,Review as remote drift before any repair.
table_grant,public,perfis,anon.TRIGGER,absent,present,REMOTE_ONLY,critical,20260716090000_baseline_aruka_v1.sql,Object exists only in remote evidence.,Review as remote drift before any repair.
table_grant,public,perfis,anon.TRUNCATE,absent,present,REMOTE_ONLY,critical,20260716090000_baseline_aruka_v1.sql,Object exists only in remote evidence.,Review as remote drift before any repair.
table_grant,public,perfis,anon.UPDATE,absent,present,REMOTE_ONLY,critical,20260716090000_baseline_aruka_v1.sql,Object exists only in remote evidence.,Review as remote drift before any repair.
table_grant,public,perfis,authenticated.DELETE,absent,present,REMOTE_ONLY,critical,20260716090000_baseline_aruka_v1.sql,Object exists only in remote evidence.,Review as remote drift before any repair.
table_grant,public,perfis,authenticated.INSERT,present,present,EQUIVALENT,critical,grant role=authenticated privilege=insert,Equivalent but security-sensitive grant; keep under review.,20260716090000_baseline_aruka_v1.sql
table_grant,public,perfis,authenticated.REFERENCES,absent,present,REMOTE_ONLY,critical,20260716090000_baseline_aruka_v1.sql,Object exists only in remote evidence.,Review as remote drift before any repair.
table_grant,public,perfis,authenticated.SELECT,present,present,EQUIVALENT,info,grant role=authenticated privilege=select,No action.,20260716090000_baseline_aruka_v1.sql
table_grant,public,perfis,authenticated.TRIGGER,absent,present,REMOTE_ONLY,critical,20260716090000_baseline_aruka_v1.sql,Object exists only in remote evidence.,Review as remote drift before any repair.
table_grant,public,perfis,authenticated.TRUNCATE,absent,present,REMOTE_ONLY,critical,20260716090000_baseline_aruka_v1.sql,Object exists only in remote evidence.,Review as remote drift before any repair.
table_grant,public,perfis,authenticated.UPDATE,absent,present,REMOTE_ONLY,critical,20260716090000_baseline_aruka_v1.sql,Object exists only in remote evidence.,Review as remote drift before any repair.
table_grant,public,perfis,postgres.DELETE,present,present,EQUIVALENT,info,grant role=postgres privilege=delete,No action.,20260716090000_baseline_aruka_v1.sql
table_grant,public,perfis,postgres.INSERT,present,present,EQUIVALENT,info,grant role=postgres privilege=insert,No action.,20260716090000_baseline_aruka_v1.sql
table_grant,public,perfis,postgres.REFERENCES,present,present,EQUIVALENT,info,grant role=postgres privilege=references,No action.,20260716090000_baseline_aruka_v1.sql
table_grant,public,perfis,postgres.SELECT,present,present,EQUIVALENT,info,grant role=postgres privilege=select,No action.,20260716090000_baseline_aruka_v1.sql
table_grant,public,perfis,postgres.TRIGGER,present,present,EQUIVALENT,info,grant role=postgres privilege=trigger,No action.,20260716090000_baseline_aruka_v1.sql
table_grant,public,perfis,postgres.TRUNCATE,present,present,EQUIVALENT,info,grant role=postgres privilege=truncate,No action.,20260716090000_baseline_aruka_v1.sql
table_grant,public,perfis,postgres.UPDATE,present,present,EQUIVALENT,info,grant role=postgres privilege=update,No action.,20260716090000_baseline_aruka_v1.sql
table_grant,public,perfis,service_role.DELETE,present,present,EQUIVALENT,info,grant role=service_role privilege=delete,No action.,20260716090000_baseline_aruka_v1.sql
table_grant,public,perfis,service_role.INSERT,present,present,EQUIVALENT,info,grant role=service_role privilege=insert,No action.,20260716090000_baseline_aruka_v1.sql
table_grant,public,perfis,service_role.REFERENCES,present,present,EQUIVALENT,info,grant role=service_role privilege=references,No action.,20260716090000_baseline_aruka_v1.sql
table_grant,public,perfis,service_role.SELECT,present,present,EQUIVALENT,info,grant role=service_role privilege=select,No action.,20260716090000_baseline_aruka_v1.sql
table_grant,public,perfis,service_role.TRIGGER,present,present,EQUIVALENT,info,grant role=service_role privilege=trigger,No action.,20260716090000_baseline_aruka_v1.sql
table_grant,public,perfis,service_role.TRUNCATE,present,present,EQUIVALENT,info,grant role=service_role privilege=truncate,No action.,20260716090000_baseline_aruka_v1.sql
table_grant,public,perfis,service_role.UPDATE,present,present,EQUIVALENT,info,grant role=service_role privilege=update,No action.,20260716090000_baseline_aruka_v1.sql
table_grant,public,planos,anon.DELETE,absent,present,REMOTE_ONLY,critical,20260716090000_baseline_aruka_v1.sql,Object exists only in remote evidence.,Review as remote drift before any repair.
table_grant,public,planos,anon.INSERT,absent,present,REMOTE_ONLY,critical,20260716090000_baseline_aruka_v1.sql,Object exists only in remote evidence.,Review as remote drift before any repair.
table_grant,public,planos,anon.REFERENCES,absent,present,REMOTE_ONLY,critical,20260716090000_baseline_aruka_v1.sql,Object exists only in remote evidence.,Review as remote drift before any repair.
table_grant,public,planos,anon.SELECT,absent,present,REMOTE_ONLY,critical,20260716090000_baseline_aruka_v1.sql,Object exists only in remote evidence.,Review as remote drift before any repair.
table_grant,public,planos,anon.TRIGGER,absent,present,REMOTE_ONLY,critical,20260716090000_baseline_aruka_v1.sql,Object exists only in remote evidence.,Review as remote drift before any repair.
table_grant,public,planos,anon.TRUNCATE,absent,present,REMOTE_ONLY,critical,20260716090000_baseline_aruka_v1.sql,Object exists only in remote evidence.,Review as remote drift before any repair.
table_grant,public,planos,anon.UPDATE,absent,present,REMOTE_ONLY,critical,20260716090000_baseline_aruka_v1.sql,Object exists only in remote evidence.,Review as remote drift before any repair.
table_grant,public,planos,authenticated.DELETE,present,present,EQUIVALENT,critical,grant role=authenticated privilege=delete,Equivalent but security-sensitive grant; keep under review.,20260716090000_baseline_aruka_v1.sql
table_grant,public,planos,authenticated.INSERT,present,present,EQUIVALENT,critical,grant role=authenticated privilege=insert,Equivalent but security-sensitive grant; keep under review.,20260716090000_baseline_aruka_v1.sql
table_grant,public,planos,authenticated.REFERENCES,absent,present,REMOTE_ONLY,critical,20260716090000_baseline_aruka_v1.sql,Object exists only in remote evidence.,Review as remote drift before any repair.
table_grant,public,planos,authenticated.SELECT,present,present,EQUIVALENT,info,grant role=authenticated privilege=select,No action.,20260716090000_baseline_aruka_v1.sql
table_grant,public,planos,authenticated.TRIGGER,absent,present,REMOTE_ONLY,critical,20260716090000_baseline_aruka_v1.sql,Object exists only in remote evidence.,Review as remote drift before any repair.
table_grant,public,planos,authenticated.TRUNCATE,absent,present,REMOTE_ONLY,critical,20260716090000_baseline_aruka_v1.sql,Object exists only in remote evidence.,Review as remote drift before any repair.
table_grant,public,planos,authenticated.UPDATE,present,present,EQUIVALENT,critical,grant role=authenticated privilege=update,Equivalent but security-sensitive grant; keep under review.,20260716090000_baseline_aruka_v1.sql
table_grant,public,planos,postgres.DELETE,present,present,EQUIVALENT,info,grant role=postgres privilege=delete,No action.,20260716090000_baseline_aruka_v1.sql
table_grant,public,planos,postgres.INSERT,present,present,EQUIVALENT,info,grant role=postgres privilege=insert,No action.,20260716090000_baseline_aruka_v1.sql
table_grant,public,planos,postgres.REFERENCES,present,present,EQUIVALENT,info,grant role=postgres privilege=references,No action.,20260716090000_baseline_aruka_v1.sql
table_grant,public,planos,postgres.SELECT,present,present,EQUIVALENT,info,grant role=postgres privilege=select,No action.,20260716090000_baseline_aruka_v1.sql
table_grant,public,planos,postgres.TRIGGER,present,present,EQUIVALENT,info,grant role=postgres privilege=trigger,No action.,20260716090000_baseline_aruka_v1.sql
table_grant,public,planos,postgres.TRUNCATE,present,present,EQUIVALENT,info,grant role=postgres privilege=truncate,No action.,20260716090000_baseline_aruka_v1.sql
table_grant,public,planos,postgres.UPDATE,present,present,EQUIVALENT,info,grant role=postgres privilege=update,No action.,20260716090000_baseline_aruka_v1.sql
table_grant,public,planos,service_role.DELETE,present,present,EQUIVALENT,info,grant role=service_role privilege=delete,No action.,20260716090000_baseline_aruka_v1.sql
table_grant,public,planos,service_role.INSERT,present,present,EQUIVALENT,info,grant role=service_role privilege=insert,No action.,20260716090000_baseline_aruka_v1.sql
table_grant,public,planos,service_role.REFERENCES,present,present,EQUIVALENT,info,grant role=service_role privilege=references,No action.,20260716090000_baseline_aruka_v1.sql
table_grant,public,planos,service_role.SELECT,present,present,EQUIVALENT,info,grant role=service_role privilege=select,No action.,20260716090000_baseline_aruka_v1.sql
table_grant,public,planos,service_role.TRIGGER,present,present,EQUIVALENT,info,grant role=service_role privilege=trigger,No action.,20260716090000_baseline_aruka_v1.sql
table_grant,public,planos,service_role.TRUNCATE,present,present,EQUIVALENT,info,grant role=service_role privilege=truncate,No action.,20260716090000_baseline_aruka_v1.sql
table_grant,public,planos,service_role.UPDATE,present,present,EQUIVALENT,info,grant role=service_role privilege=update,No action.,20260716090000_baseline_aruka_v1.sql
table_grant,public,treino_dias,anon.DELETE,absent,present,REMOTE_ONLY,critical,20260716090000_baseline_aruka_v1.sql,Object exists only in remote evidence.,Review as remote drift before any repair.
table_grant,public,treino_dias,anon.INSERT,absent,present,REMOTE_ONLY,critical,20260716090000_baseline_aruka_v1.sql,Object exists only in remote evidence.,Review as remote drift before any repair.
table_grant,public,treino_dias,anon.REFERENCES,absent,present,REMOTE_ONLY,critical,20260716090000_baseline_aruka_v1.sql,Object exists only in remote evidence.,Review as remote drift before any repair.
table_grant,public,treino_dias,anon.SELECT,absent,present,REMOTE_ONLY,critical,20260716090000_baseline_aruka_v1.sql,Object exists only in remote evidence.,Review as remote drift before any repair.
table_grant,public,treino_dias,anon.TRIGGER,absent,present,REMOTE_ONLY,critical,20260716090000_baseline_aruka_v1.sql,Object exists only in remote evidence.,Review as remote drift before any repair.
table_grant,public,treino_dias,anon.TRUNCATE,absent,present,REMOTE_ONLY,critical,20260716090000_baseline_aruka_v1.sql,Object exists only in remote evidence.,Review as remote drift before any repair.
table_grant,public,treino_dias,anon.UPDATE,absent,present,REMOTE_ONLY,critical,20260716090000_baseline_aruka_v1.sql,Object exists only in remote evidence.,Review as remote drift before any repair.
table_grant,public,treino_dias,authenticated.DELETE,present,present,EQUIVALENT,critical,grant role=authenticated privilege=delete,Equivalent but security-sensitive grant; keep under review.,20260716090000_baseline_aruka_v1.sql
table_grant,public,treino_dias,authenticated.INSERT,present,present,EQUIVALENT,critical,grant role=authenticated privilege=insert,Equivalent but security-sensitive grant; keep under review.,20260716090000_baseline_aruka_v1.sql
table_grant,public,treino_dias,authenticated.REFERENCES,absent,present,REMOTE_ONLY,critical,20260716090000_baseline_aruka_v1.sql,Object exists only in remote evidence.,Review as remote drift before any repair.
table_grant,public,treino_dias,authenticated.SELECT,present,present,EQUIVALENT,info,grant role=authenticated privilege=select,No action.,20260716090000_baseline_aruka_v1.sql
table_grant,public,treino_dias,authenticated.TRIGGER,absent,present,REMOTE_ONLY,critical,20260716090000_baseline_aruka_v1.sql,Object exists only in remote evidence.,Review as remote drift before any repair.
table_grant,public,treino_dias,authenticated.TRUNCATE,absent,present,REMOTE_ONLY,critical,20260716090000_baseline_aruka_v1.sql,Object exists only in remote evidence.,Review as remote drift before any repair.
table_grant,public,treino_dias,authenticated.UPDATE,present,present,EQUIVALENT,critical,grant role=authenticated privilege=update,Equivalent but security-sensitive grant; keep under review.,20260716090000_baseline_aruka_v1.sql
table_grant,public,treino_dias,postgres.DELETE,present,present,EQUIVALENT,info,grant role=postgres privilege=delete,No action.,20260716090000_baseline_aruka_v1.sql
table_grant,public,treino_dias,postgres.INSERT,present,present,EQUIVALENT,info,grant role=postgres privilege=insert,No action.,20260716090000_baseline_aruka_v1.sql
table_grant,public,treino_dias,postgres.REFERENCES,present,present,EQUIVALENT,info,grant role=postgres privilege=references,No action.,20260716090000_baseline_aruka_v1.sql
table_grant,public,treino_dias,postgres.SELECT,present,present,EQUIVALENT,info,grant role=postgres privilege=select,No action.,20260716090000_baseline_aruka_v1.sql
table_grant,public,treino_dias,postgres.TRIGGER,present,present,EQUIVALENT,info,grant role=postgres privilege=trigger,No action.,20260716090000_baseline_aruka_v1.sql
table_grant,public,treino_dias,postgres.TRUNCATE,present,present,EQUIVALENT,info,grant role=postgres privilege=truncate,No action.,20260716090000_baseline_aruka_v1.sql
table_grant,public,treino_dias,postgres.UPDATE,present,present,EQUIVALENT,info,grant role=postgres privilege=update,No action.,20260716090000_baseline_aruka_v1.sql
table_grant,public,treino_dias,service_role.DELETE,present,present,EQUIVALENT,info,grant role=service_role privilege=delete,No action.,20260716090000_baseline_aruka_v1.sql
table_grant,public,treino_dias,service_role.INSERT,present,present,EQUIVALENT,info,grant role=service_role privilege=insert,No action.,20260716090000_baseline_aruka_v1.sql
table_grant,public,treino_dias,service_role.REFERENCES,present,present,EQUIVALENT,info,grant role=service_role privilege=references,No action.,20260716090000_baseline_aruka_v1.sql
table_grant,public,treino_dias,service_role.SELECT,present,present,EQUIVALENT,info,grant role=service_role privilege=select,No action.,20260716090000_baseline_aruka_v1.sql
table_grant,public,treino_dias,service_role.TRIGGER,present,present,EQUIVALENT,info,grant role=service_role privilege=trigger,No action.,20260716090000_baseline_aruka_v1.sql
table_grant,public,treino_dias,service_role.TRUNCATE,present,present,EQUIVALENT,info,grant role=service_role privilege=truncate,No action.,20260716090000_baseline_aruka_v1.sql
table_grant,public,treino_dias,service_role.UPDATE,present,present,EQUIVALENT,info,grant role=service_role privilege=update,No action.,20260716090000_baseline_aruka_v1.sql
table_grant,public,treino_eventos,authenticated.SELECT,present,present,EQUIVALENT,info,grant role=authenticated privilege=select,No action.,20260728030000_workout_delivery_integration_v1.sql
table_grant,public,treino_eventos,postgres.DELETE,present,present,EQUIVALENT,info,grant role=postgres privilege=delete,No action.,20260728030000_workout_delivery_integration_v1.sql
table_grant,public,treino_eventos,postgres.INSERT,present,present,EQUIVALENT,info,grant role=postgres privilege=insert,No action.,20260728030000_workout_delivery_integration_v1.sql
table_grant,public,treino_eventos,postgres.REFERENCES,present,present,EQUIVALENT,info,grant role=postgres privilege=references,No action.,20260728030000_workout_delivery_integration_v1.sql
table_grant,public,treino_eventos,postgres.SELECT,present,present,EQUIVALENT,info,grant role=postgres privilege=select,No action.,20260728030000_workout_delivery_integration_v1.sql
table_grant,public,treino_eventos,postgres.TRIGGER,present,present,EQUIVALENT,info,grant role=postgres privilege=trigger,No action.,20260728030000_workout_delivery_integration_v1.sql
table_grant,public,treino_eventos,postgres.TRUNCATE,present,present,EQUIVALENT,info,grant role=postgres privilege=truncate,No action.,20260728030000_workout_delivery_integration_v1.sql
table_grant,public,treino_eventos,postgres.UPDATE,present,present,EQUIVALENT,info,grant role=postgres privilege=update,No action.,20260728030000_workout_delivery_integration_v1.sql
table_grant,public,treino_eventos,service_role.DELETE,absent,present,REMOTE_ONLY,critical,20260728030000_workout_delivery_integration_v1.sql,Object exists only in remote evidence.,Review as remote drift before any repair.
table_grant,public,treino_eventos,service_role.INSERT,absent,present,REMOTE_ONLY,critical,20260728030000_workout_delivery_integration_v1.sql,Object exists only in remote evidence.,Review as remote drift before any repair.
table_grant,public,treino_eventos,service_role.REFERENCES,present,present,EQUIVALENT,info,grant role=service_role privilege=references,No action.,20260728030000_workout_delivery_integration_v1.sql
table_grant,public,treino_eventos,service_role.SELECT,absent,present,REMOTE_ONLY,critical,20260728030000_workout_delivery_integration_v1.sql,Object exists only in remote evidence.,Review as remote drift before any repair.
table_grant,public,treino_eventos,service_role.TRIGGER,present,present,EQUIVALENT,info,grant role=service_role privilege=trigger,No action.,20260728030000_workout_delivery_integration_v1.sql
table_grant,public,treino_eventos,service_role.TRUNCATE,present,present,EQUIVALENT,info,grant role=service_role privilege=truncate,No action.,20260728030000_workout_delivery_integration_v1.sql
table_grant,public,treino_eventos,service_role.UPDATE,absent,present,REMOTE_ONLY,critical,20260728030000_workout_delivery_integration_v1.sql,Object exists only in remote evidence.,Review as remote drift before any repair.
table_grant,public,treino_exercicios,anon.DELETE,absent,present,REMOTE_ONLY,critical,20260716090000_baseline_aruka_v1.sql,Object exists only in remote evidence.,Review as remote drift before any repair.
table_grant,public,treino_exercicios,anon.INSERT,absent,present,REMOTE_ONLY,critical,20260716090000_baseline_aruka_v1.sql,Object exists only in remote evidence.,Review as remote drift before any repair.
table_grant,public,treino_exercicios,anon.REFERENCES,absent,present,REMOTE_ONLY,critical,20260716090000_baseline_aruka_v1.sql,Object exists only in remote evidence.,Review as remote drift before any repair.
table_grant,public,treino_exercicios,anon.SELECT,absent,present,REMOTE_ONLY,critical,20260716090000_baseline_aruka_v1.sql,Object exists only in remote evidence.,Review as remote drift before any repair.
table_grant,public,treino_exercicios,anon.TRIGGER,absent,present,REMOTE_ONLY,critical,20260716090000_baseline_aruka_v1.sql,Object exists only in remote evidence.,Review as remote drift before any repair.
table_grant,public,treino_exercicios,anon.TRUNCATE,absent,present,REMOTE_ONLY,critical,20260716090000_baseline_aruka_v1.sql,Object exists only in remote evidence.,Review as remote drift before any repair.
table_grant,public,treino_exercicios,anon.UPDATE,absent,present,REMOTE_ONLY,critical,20260716090000_baseline_aruka_v1.sql,Object exists only in remote evidence.,Review as remote drift before any repair.
table_grant,public,treino_exercicios,authenticated.DELETE,present,present,EQUIVALENT,critical,grant role=authenticated privilege=delete,Equivalent but security-sensitive grant; keep under review.,20260716090000_baseline_aruka_v1.sql
table_grant,public,treino_exercicios,authenticated.INSERT,present,present,EQUIVALENT,critical,grant role=authenticated privilege=insert,Equivalent but security-sensitive grant; keep under review.,20260716090000_baseline_aruka_v1.sql
table_grant,public,treino_exercicios,authenticated.REFERENCES,absent,present,REMOTE_ONLY,critical,20260716090000_baseline_aruka_v1.sql,Object exists only in remote evidence.,Review as remote drift before any repair.
table_grant,public,treino_exercicios,authenticated.SELECT,present,present,EQUIVALENT,info,grant role=authenticated privilege=select,No action.,20260716090000_baseline_aruka_v1.sql
table_grant,public,treino_exercicios,authenticated.TRIGGER,absent,present,REMOTE_ONLY,critical,20260716090000_baseline_aruka_v1.sql,Object exists only in remote evidence.,Review as remote drift before any repair.
table_grant,public,treino_exercicios,authenticated.TRUNCATE,absent,present,REMOTE_ONLY,critical,20260716090000_baseline_aruka_v1.sql,Object exists only in remote evidence.,Review as remote drift before any repair.
table_grant,public,treino_exercicios,authenticated.UPDATE,present,present,EQUIVALENT,critical,grant role=authenticated privilege=update,Equivalent but security-sensitive grant; keep under review.,20260716090000_baseline_aruka_v1.sql
table_grant,public,treino_exercicios,postgres.DELETE,present,present,EQUIVALENT,info,grant role=postgres privilege=delete,No action.,20260716090000_baseline_aruka_v1.sql
table_grant,public,treino_exercicios,postgres.INSERT,present,present,EQUIVALENT,info,grant role=postgres privilege=insert,No action.,20260716090000_baseline_aruka_v1.sql
table_grant,public,treino_exercicios,postgres.REFERENCES,present,present,EQUIVALENT,info,grant role=postgres privilege=references,No action.,20260716090000_baseline_aruka_v1.sql
table_grant,public,treino_exercicios,postgres.SELECT,present,present,EQUIVALENT,info,grant role=postgres privilege=select,No action.,20260716090000_baseline_aruka_v1.sql
table_grant,public,treino_exercicios,postgres.TRIGGER,present,present,EQUIVALENT,info,grant role=postgres privilege=trigger,No action.,20260716090000_baseline_aruka_v1.sql
table_grant,public,treino_exercicios,postgres.TRUNCATE,present,present,EQUIVALENT,info,grant role=postgres privilege=truncate,No action.,20260716090000_baseline_aruka_v1.sql
table_grant,public,treino_exercicios,postgres.UPDATE,present,present,EQUIVALENT,info,grant role=postgres privilege=update,No action.,20260716090000_baseline_aruka_v1.sql
table_grant,public,treino_exercicios,service_role.DELETE,present,present,EQUIVALENT,info,grant role=service_role privilege=delete,No action.,20260716090000_baseline_aruka_v1.sql
table_grant,public,treino_exercicios,service_role.INSERT,present,present,EQUIVALENT,info,grant role=service_role privilege=insert,No action.,20260716090000_baseline_aruka_v1.sql
table_grant,public,treino_exercicios,service_role.REFERENCES,present,present,EQUIVALENT,info,grant role=service_role privilege=references,No action.,20260716090000_baseline_aruka_v1.sql
table_grant,public,treino_exercicios,service_role.SELECT,present,present,EQUIVALENT,info,grant role=service_role privilege=select,No action.,20260716090000_baseline_aruka_v1.sql
table_grant,public,treino_exercicios,service_role.TRIGGER,present,present,EQUIVALENT,info,grant role=service_role privilege=trigger,No action.,20260716090000_baseline_aruka_v1.sql
table_grant,public,treino_exercicios,service_role.TRUNCATE,present,present,EQUIVALENT,info,grant role=service_role privilege=truncate,No action.,20260716090000_baseline_aruka_v1.sql
table_grant,public,treino_exercicios,service_role.UPDATE,present,present,EQUIVALENT,info,grant role=service_role privilege=update,No action.,20260716090000_baseline_aruka_v1.sql
table_grant,public,treinos,anon.DELETE,absent,present,REMOTE_ONLY,critical,20260716090000_baseline_aruka_v1.sql,Object exists only in remote evidence.,Review as remote drift before any repair.
table_grant,public,treinos,anon.INSERT,absent,present,REMOTE_ONLY,critical,20260716090000_baseline_aruka_v1.sql,Object exists only in remote evidence.,Review as remote drift before any repair.
table_grant,public,treinos,anon.REFERENCES,absent,present,REMOTE_ONLY,critical,20260716090000_baseline_aruka_v1.sql,Object exists only in remote evidence.,Review as remote drift before any repair.
table_grant,public,treinos,anon.SELECT,absent,present,REMOTE_ONLY,critical,20260716090000_baseline_aruka_v1.sql,Object exists only in remote evidence.,Review as remote drift before any repair.
table_grant,public,treinos,anon.TRIGGER,absent,present,REMOTE_ONLY,critical,20260716090000_baseline_aruka_v1.sql,Object exists only in remote evidence.,Review as remote drift before any repair.
table_grant,public,treinos,anon.TRUNCATE,absent,present,REMOTE_ONLY,critical,20260716090000_baseline_aruka_v1.sql,Object exists only in remote evidence.,Review as remote drift before any repair.
table_grant,public,treinos,anon.UPDATE,absent,present,REMOTE_ONLY,critical,20260716090000_baseline_aruka_v1.sql,Object exists only in remote evidence.,Review as remote drift before any repair.
table_grant,public,treinos,authenticated.DELETE,present,present,EQUIVALENT,critical,grant role=authenticated privilege=delete,Equivalent but security-sensitive grant; keep under review.,20260716090000_baseline_aruka_v1.sql
table_grant,public,treinos,authenticated.INSERT,present,present,EQUIVALENT,critical,grant role=authenticated privilege=insert,Equivalent but security-sensitive grant; keep under review.,20260716090000_baseline_aruka_v1.sql
table_grant,public,treinos,authenticated.REFERENCES,absent,present,REMOTE_ONLY,critical,20260716090000_baseline_aruka_v1.sql,Object exists only in remote evidence.,Review as remote drift before any repair.
table_grant,public,treinos,authenticated.SELECT,present,present,EQUIVALENT,info,grant role=authenticated privilege=select,No action.,20260716090000_baseline_aruka_v1.sql
table_grant,public,treinos,authenticated.TRIGGER,absent,present,REMOTE_ONLY,critical,20260716090000_baseline_aruka_v1.sql,Object exists only in remote evidence.,Review as remote drift before any repair.
table_grant,public,treinos,authenticated.TRUNCATE,absent,present,REMOTE_ONLY,critical,20260716090000_baseline_aruka_v1.sql,Object exists only in remote evidence.,Review as remote drift before any repair.
table_grant,public,treinos,authenticated.UPDATE,present,present,EQUIVALENT,critical,grant role=authenticated privilege=update,Equivalent but security-sensitive grant; keep under review.,20260716090000_baseline_aruka_v1.sql
table_grant,public,treinos,postgres.DELETE,present,present,EQUIVALENT,info,grant role=postgres privilege=delete,No action.,20260716090000_baseline_aruka_v1.sql
table_grant,public,treinos,postgres.INSERT,present,present,EQUIVALENT,info,grant role=postgres privilege=insert,No action.,20260716090000_baseline_aruka_v1.sql
table_grant,public,treinos,postgres.REFERENCES,present,present,EQUIVALENT,info,grant role=postgres privilege=references,No action.,20260716090000_baseline_aruka_v1.sql
table_grant,public,treinos,postgres.SELECT,present,present,EQUIVALENT,info,grant role=postgres privilege=select,No action.,20260716090000_baseline_aruka_v1.sql
table_grant,public,treinos,postgres.TRIGGER,present,present,EQUIVALENT,info,grant role=postgres privilege=trigger,No action.,20260716090000_baseline_aruka_v1.sql
table_grant,public,treinos,postgres.TRUNCATE,present,present,EQUIVALENT,info,grant role=postgres privilege=truncate,No action.,20260716090000_baseline_aruka_v1.sql
table_grant,public,treinos,postgres.UPDATE,present,present,EQUIVALENT,info,grant role=postgres privilege=update,No action.,20260716090000_baseline_aruka_v1.sql
table_grant,public,treinos,service_role.DELETE,present,present,EQUIVALENT,info,grant role=service_role privilege=delete,No action.,20260716090000_baseline_aruka_v1.sql
table_grant,public,treinos,service_role.INSERT,present,present,EQUIVALENT,info,grant role=service_role privilege=insert,No action.,20260716090000_baseline_aruka_v1.sql
table_grant,public,treinos,service_role.REFERENCES,present,present,EQUIVALENT,info,grant role=service_role privilege=references,No action.,20260716090000_baseline_aruka_v1.sql
table_grant,public,treinos,service_role.SELECT,present,present,EQUIVALENT,info,grant role=service_role privilege=select,No action.,20260716090000_baseline_aruka_v1.sql
table_grant,public,treinos,service_role.TRIGGER,present,present,EQUIVALENT,info,grant role=service_role privilege=trigger,No action.,20260716090000_baseline_aruka_v1.sql
table_grant,public,treinos,service_role.TRUNCATE,present,present,EQUIVALENT,info,grant role=service_role privilege=truncate,No action.,20260716090000_baseline_aruka_v1.sql
table_grant,public,treinos,service_role.UPDATE,present,present,EQUIVALENT,info,grant role=service_role privilege=update,No action.,20260716090000_baseline_aruka_v1.sql
table_grant,public,workout_templates,anon.DELETE,absent,present,REMOTE_ONLY,critical,20260716090000_baseline_aruka_v1.sql,Object exists only in remote evidence.,Review as remote drift before any repair.
table_grant,public,workout_templates,anon.INSERT,absent,present,REMOTE_ONLY,critical,20260716090000_baseline_aruka_v1.sql,Object exists only in remote evidence.,Review as remote drift before any repair.
table_grant,public,workout_templates,anon.REFERENCES,absent,present,REMOTE_ONLY,critical,20260716090000_baseline_aruka_v1.sql,Object exists only in remote evidence.,Review as remote drift before any repair.
table_grant,public,workout_templates,anon.SELECT,absent,present,REMOTE_ONLY,critical,20260716090000_baseline_aruka_v1.sql,Object exists only in remote evidence.,Review as remote drift before any repair.
table_grant,public,workout_templates,anon.TRIGGER,absent,present,REMOTE_ONLY,critical,20260716090000_baseline_aruka_v1.sql,Object exists only in remote evidence.,Review as remote drift before any repair.
table_grant,public,workout_templates,anon.TRUNCATE,absent,present,REMOTE_ONLY,critical,20260716090000_baseline_aruka_v1.sql,Object exists only in remote evidence.,Review as remote drift before any repair.
table_grant,public,workout_templates,anon.UPDATE,absent,present,REMOTE_ONLY,critical,20260716090000_baseline_aruka_v1.sql,Object exists only in remote evidence.,Review as remote drift before any repair.
table_grant,public,workout_templates,authenticated.DELETE,present,present,EQUIVALENT,critical,grant role=authenticated privilege=delete,Equivalent but security-sensitive grant; keep under review.,20260716090000_baseline_aruka_v1.sql
table_grant,public,workout_templates,authenticated.INSERT,present,present,EQUIVALENT,critical,grant role=authenticated privilege=insert,Equivalent but security-sensitive grant; keep under review.,20260716090000_baseline_aruka_v1.sql
table_grant,public,workout_templates,authenticated.REFERENCES,absent,present,REMOTE_ONLY,critical,20260716090000_baseline_aruka_v1.sql,Object exists only in remote evidence.,Review as remote drift before any repair.
table_grant,public,workout_templates,authenticated.SELECT,present,present,EQUIVALENT,info,grant role=authenticated privilege=select,No action.,20260716090000_baseline_aruka_v1.sql
table_grant,public,workout_templates,authenticated.TRIGGER,absent,present,REMOTE_ONLY,critical,20260716090000_baseline_aruka_v1.sql,Object exists only in remote evidence.,Review as remote drift before any repair.
table_grant,public,workout_templates,authenticated.TRUNCATE,absent,present,REMOTE_ONLY,critical,20260716090000_baseline_aruka_v1.sql,Object exists only in remote evidence.,Review as remote drift before any repair.
table_grant,public,workout_templates,authenticated.UPDATE,present,present,EQUIVALENT,critical,grant role=authenticated privilege=update,Equivalent but security-sensitive grant; keep under review.,20260716090000_baseline_aruka_v1.sql
table_grant,public,workout_templates,postgres.DELETE,present,present,EQUIVALENT,info,grant role=postgres privilege=delete,No action.,20260716090000_baseline_aruka_v1.sql
table_grant,public,workout_templates,postgres.INSERT,present,present,EQUIVALENT,info,grant role=postgres privilege=insert,No action.,20260716090000_baseline_aruka_v1.sql
table_grant,public,workout_templates,postgres.REFERENCES,present,present,EQUIVALENT,info,grant role=postgres privilege=references,No action.,20260716090000_baseline_aruka_v1.sql
table_grant,public,workout_templates,postgres.SELECT,present,present,EQUIVALENT,info,grant role=postgres privilege=select,No action.,20260716090000_baseline_aruka_v1.sql
table_grant,public,workout_templates,postgres.TRIGGER,present,present,EQUIVALENT,info,grant role=postgres privilege=trigger,No action.,20260716090000_baseline_aruka_v1.sql
table_grant,public,workout_templates,postgres.TRUNCATE,present,present,EQUIVALENT,info,grant role=postgres privilege=truncate,No action.,20260716090000_baseline_aruka_v1.sql
table_grant,public,workout_templates,postgres.UPDATE,present,present,EQUIVALENT,info,grant role=postgres privilege=update,No action.,20260716090000_baseline_aruka_v1.sql
table_grant,public,workout_templates,service_role.DELETE,present,present,EQUIVALENT,info,grant role=service_role privilege=delete,No action.,20260716090000_baseline_aruka_v1.sql
table_grant,public,workout_templates,service_role.INSERT,present,present,EQUIVALENT,info,grant role=service_role privilege=insert,No action.,20260716090000_baseline_aruka_v1.sql
table_grant,public,workout_templates,service_role.REFERENCES,present,present,EQUIVALENT,info,grant role=service_role privilege=references,No action.,20260716090000_baseline_aruka_v1.sql
table_grant,public,workout_templates,service_role.SELECT,present,present,EQUIVALENT,info,grant role=service_role privilege=select,No action.,20260716090000_baseline_aruka_v1.sql
table_grant,public,workout_templates,service_role.TRIGGER,present,present,EQUIVALENT,info,grant role=service_role privilege=trigger,No action.,20260716090000_baseline_aruka_v1.sql
table_grant,public,workout_templates,service_role.TRUNCATE,present,present,EQUIVALENT,info,grant role=service_role privilege=truncate,No action.,20260716090000_baseline_aruka_v1.sql
table_grant,public,workout_templates,service_role.UPDATE,present,present,EQUIVALENT,info,grant role=service_role privilege=update,No action.,20260716090000_baseline_aruka_v1.sql
table,public,aceites_legais,,present,present,EQUIVALENT,info,Equivalent table presence.,No action.,20260716090000_baseline_aruka_v1.sql
table,public,acompanhamento_eventos,,present,present,EQUIVALENT,info,Equivalent table presence.,No action.,20260716090000_baseline_aruka_v1.sql
table,public,admin_logs,,present,present,EQUIVALENT,info,Equivalent table presence.,No action.,20260716090000_baseline_aruka_v1.sql
table,public,alunos,,present,present,EQUIVALENT,info,Equivalent table presence.,No action.,20260716090000_baseline_aruka_v1.sql
table,public,anamneses,,present,present,EQUIVALENT,info,Equivalent table presence.,No action.,20260716090000_baseline_aruka_v1.sql
table,public,aoe_audit_events,,present,present,EQUIVALENT,info,Equivalent table presence.,No action.,20260716090000_baseline_aruka_v1.sql
table,public,aoe_decision_traces,,present,present,EQUIVALENT,info,Equivalent table presence.,No action.,20260716090000_baseline_aruka_v1.sql
table,public,aoe_decisions,,present,present,EQUIVALENT,info,Equivalent table presence.,No action.,20260716090000_baseline_aruka_v1.sql
table,public,aoe_human_reviews,,present,present,EQUIVALENT,info,Equivalent table presence.,No action.,20260716090000_baseline_aruka_v1.sql
table,public,aoe_idempotency_keys,,present,present,EQUIVALENT,info,Equivalent table presence.,No action.,20260716090000_baseline_aruka_v1.sql
table,public,assinaturas,,present,present,EQUIVALENT,info,Equivalent table presence.,No action.,20260716090000_baseline_aruka_v1.sql
table,public,avaliacoes,,present,present,EQUIVALENT,info,Equivalent table presence.,No action.,20260716090000_baseline_aruka_v1.sql
table,public,pagamentos,,present,present,EQUIVALENT,info,Equivalent table presence.,No action.,20260716090000_baseline_aruka_v1.sql
table,public,perfis,,present,present,EQUIVALENT,info,Equivalent table presence.,No action.,20260716090000_baseline_aruka_v1.sql
table,public,planos,,present,present,EQUIVALENT,info,Equivalent table presence.,No action.,20260716090000_baseline_aruka_v1.sql
table,public,treino_dias,,present,present,EQUIVALENT,info,Equivalent table presence.,No action.,20260716090000_baseline_aruka_v1.sql
table,public,treino_eventos,,present,present,EQUIVALENT,info,Equivalent table presence.,No action.,20260728030000_workout_delivery_integration_v1.sql
table,public,treino_exercicios,,present,present,EQUIVALENT,info,Equivalent table presence.,No action.,20260716090000_baseline_aruka_v1.sql
table,public,treinos,,present,present,EQUIVALENT,info,Equivalent table presence.,No action.,20260716090000_baseline_aruka_v1.sql
table,public,workout_templates,,present,present,EQUIVALENT,info,Equivalent table presence.,No action.,20260716090000_baseline_aruka_v1.sql
